slug,doi,journal,title,abstract,publication_date,oa_status,pdf_url,openalex_id,pdf_path
10-3390-aquacj5010007,10.3390/aquacj5010007,Aquaculture,"Article Black Soldier Fly Larvae Meal as a Sustainable Alternative to Fishmeal in Juvenile Swamp Eel Diets: Effects on Growth and Meat Quality NhienThiNguyen1andNamHoangTran2,*",": Therisingscarcityandcostoffishmealduetooverfishingandenvironmental challengesdemandalternatives. Blacksoldierfly(Hermetiaillucens)larvae(BSFL)meal, with its nutritional value, shows promise as a sustainable supplement for aquaculture species. ThisstudyevaluatedtheeffectsofBSFLmealsupplementationongrowthper- formance,survival,feedconversionefficiency,andmeatqualityinjuvenileswampeels (Monopterusalbus)initiallyweighing4.0±0.5g. Theeelswerefeddietswith0%(control), 10%,30%,and50%BSFLmealforthreemonths. Growthperformancewasassessedusing theabsolutegrowthrate(AGR)andthespecificgrowthrate(SGR).Feedconversionratios (FCRs),survivalrates,andmeatqualitymetrics,includingfilletpercentage,crudeprotein, andmoisturecontent,wereanalyzed. Statisticaldifferencesamonggroupswereevaluated usingone-wayANOVAfollowedbyTukey’sposthoctestforpairwisecomparisons. The 30% BSFL group exhibited superior performance, achieving the highest AGR and SGR (p<0.05) and the lowest FCR (2.33 ± 0.03). Fillet percentage was highest in this group (27.3%±0.7%),withnosignificantdifferencesincrudeproteinormoisturecontent. Sur- vivalrateswereconsistentacrosstreatments(75.2–76.0%,p>0.05). Theseresultsconfirm that 30% BSFL supplementation optimally enhances productivity and meat quality in swampeels,highlightingBSFLmeal’spotentialasasustainableaquafeedalternative. AcademicEditor:AiresOliva-Teles",,,,,pdfs/acquaculture/aquacj-05-00007.pdf
10-3390-aquacj5030016,10.3390/aquacj5030016,Aquaculture,"Communication Evaluation of Individual Rearing of a Genetically Improved Giant River Prawn Macrobrachium rosenbergii Broodstock as an Alternate Approach to Group Rearing During the Post-Selection Rearing Phase TanishaNayak1,DebabrataPanda2,NamitaNaik2,SantoshKumarUdgata1,DharitriChoudhury1,SovanSahu2","CIFA-GI Scampi® is a genetically improved, fast-growing strain of giant river prawn (Macrobrachiumrosenbergii)developedbyICAR-CentralInstituteofFreshwaterAquaculture. Eachyear,selectedbroodstockarerearedfamily-wiseinnylonhapasfor3–4monthsbefore useasparentsforthenextgeneration. However, thisgrouprearingphase(GR)results in loss of quality broodstock due to aggression and cannibalism. This study evaluated individualrearing(IR)asanalternativetogrouprearing(GR).GRinvolvedrearingofmales orfemalesinseparatehapas,whileIRplacedmalesandfemalesinseparatehardplastic meshboxesinponds(18boxeseach). Resultsshowedsignificantlyhigheraveragedaily weightgaininGR,butIRachieved100%survivalforbothsexes,comparedto50%(males) and77.8%(females)inGR.Nosignificantdifferenceswereobservedinfemalematurityor AcademicEditor:AiresOliva-Teles malemorphotypes(smallmaleandnoclawmorphotypes). Giventhemarkedlyhigher Received:10July2025 survivalinIR,itisaviablealternativeforpost-selectionrearingtominimizelossofvaluable Revised:3September2025 broodstockintheselectivebreedingprogram. Accepted:8September2025 Published:11September2025",,,,,pdfs/acquaculture/aquacj-05-00016.pdf
10-3390-aquacj5040019richfood,10.3390/aquacj5040019richfood,Aquaculture,Article Evaluation of the Effects of Different Dietary Doses of an Anti-Mycotoxin Additive for Pacific White Shrimp (Litopenaeus vannamei),"Shrimpfarmingoftensuffersduetohighmortalitiesandpoorgrowth. Mycotoxinscan beoneofthecausesbutoftenunderestimated. BIO¯NTE®QUIMITO¯X®AQUAPLUS,an anti-mycotoxinadditive(AMA)wastestedtoassessitsefficacyanddeterminethebestdose forPacificwhiteshrimp(Litopenaeusvannamei). Fourtreatments(0,1,2,and3g/kgofdiet) wererandomlyallocatedin12aquariaduringlarvalrearing(day1–20)and12fiberglass tanks during subsequent grow-out (day 21–111). Results showed positive impacts on feedconversion,proteinefficiency,survival,andgrowth. AdecreasingtrendinFCRand increasingtrendinPERwiththeincreaseinAMAdose. Thehigherthedose,thebetterwas theimmunityasindicatedbythesurvivalofshrimpagainstbacterialchallenge. However, the survival and growth showed significant quadratic relationships indicating that the doseof1.4g/kgcanhavethehighestdailyweightgain(66.7mg)andthedoseof2.5g/kg resultsinthehighestsurvival(60.3%)whichismorethandoublethesurvivalofthecontrol group(27.3%). Therefore,thedosesbetween1.4and2.5g/kgoffeedarerecommended for the grow-out phase to enhance growth and survival of shrimp. However, further studies should be conducted in outdoor pond conditions for varying feeding regimes, contaminationlevelsandstockingdensities. AcademicEditor:AiresOliva-Teles Received:28August2025",,,,,pdfs/acquaculture/aquacj-05-00019-v2.pdf
10-3390-aquacj5040020,10.3390/aquacj5040020,Aquaculture,"BriefReport New Evidence of the Freshwater Sponge Radiospongilla inesi (Nicacio & Pinheiro, 2011) in Net Cage Aquaculture Systems: A Case Study from Southeastern Brazil DaercyMariaMonteirodeRezendeAyroza1 ,MauroParolin2 ,BrunaLarissaMaganhe3,*and EduardoGomesSanches1 1 FisheriesInstitute,AvRodriguesAlves1252,VilaMariana,SãoPaulo04014-002,Brazil 2 PaleoenvironmentalStudiesLaboratory,StateUniversityofMaringá,CampoMourãoCampus, Av.ComendadorNorbertoMarcondes733,Centro,CampoMourão87302-060,Brazil 3 PostgraduatePrograminDiversityandEvolution,FederalUniversityofABC,Al.daUniversidade,","WeinvestigatedtheoccurrenceofRadiospongillainesiinatilapiaaquaculturefacilitylocated attheChavantesReservoir,ParanapanemaRiver,Brazil. Specimenswerecollectedfrom bothartificial(netcages)andnaturalsubstratesalongthereservoirmarginsinOctober andNovember2024. Morphologicalanalysesof8spongesamples,including20structures persample(gemmules,megascleres,microscleresandspicules),identifiedthespeciesas Radiospongillainesi(Spongillidae). ThisisthethirddocumentedrecordofR.inesiinBrazil, andthefirstwithintheParanáRiverBasinandinaquaculturenetcagesystems. Morpho- logicalfeatureswereconsistentbetweenindividualsfromnaturalandartificialsubstrates, althoughgemmuleswereabsentinspecimenscolonizingthecages. TheproliferationofR. inesiposesbiofoulingchallengesbyobstructingcagemeshopenings,reducingwaterflow anddissolvedoxygenlevels,andpotentiallycompromisingfishwelfareandproduction efficiency. Theseimpactsincreaseoperationalcostsandhighlighttheneedforsustainable managementstrategiesinfreshwateraquaculture. Additionally,thisstudyraisesquestions AcademicEditor:AiresOliva-Teles regardingthespecies’nativestatusintheParanáBasinversuspotentialinvasivedispersal, Received:18August2025 emphasizingtheneedforfurtherecologicalanddistributionalinvestigations. Potentialdis- Revised:26September2025 Accepted:15October2025 persalmechanismsandpossiblebiofoulingimpactsarediscussed,withrecommendations Published:21October2025 forfuturequantitativeandmolecularstudies. Citation: Ayroza,D.M.M.d.R.; Parolin,M.;Maganhe,B.L.;Sanches,",,,,,pdfs/acquaculture/aquacj-05-00020.pdf
10-3390-aquacj5040024,10.3390/aquacj5040024,Aquaculture,"Article Impact of Global Warming on the Management of Mussel Fouling: Can the Use of Different Air Exposure Facilities Mitigate the Effects of Temperature? A Preliminary Experimental Trial in the Mar Piccolo of Taranto (Mediterranean, Ionian Sea) GiuseppePortacci,IsabellaParlapiano*,MarcellaNarracci*andAntonellaDiLeo NationalResearchCouncil,WaterResearchInstitute(CNR-IRSA),74123Taranto,Italy;","Themanagementoffoulingthroughexposureofmusselstoairhasbecomeriskydueto rising temperatures, as it can negatively impact product quality and farm productivity. Sincetheearly2000s,duringairexposure,musselfarmersoftheMarPiccolohavebeen usinghigh-densitypolyethylene(HDPE)clothstocovermusselsandpreventtheirover- heating,thuscontributingtomarinelitterfromhusbandrypractices. Inthiscontexttheaim ofthepresentstudywastoevaluatewhethertheuseofalternativetypesofairexposure facilities(wooden,withoutandwithhempclothvs. galvanizediron,withoutandwith HDPEcloth)canimpactmusselconditionindex(CI).Sincethemostdamagedmussels duringexposuretoairarethoseincontactwithgalvanizedironstructures,foreachfacility, itwasevaluatedifthereweredifferencesbetweenthemusselsincontactwithgalvanized iron/woodracksandthoseneartheseasurface. Overall,theresultsshowedthattheCI ofmusselscleanedonwoodenracks,rangingfrom11.4±2.7to12.5±2.7,didnotdiffer significantlyfromthatofmusselsbeforeairexposure(CI=13.1±2.3),exceptforthose AcademicEditor:AiresOliva-Teles neartheseasurfacewithoutcover(CI=9.6±2.6). Incontrast,asignificantdecreaseinCI Received:30September2025 wasobservedinmusselscleanedongalvanizedironracks,withthelowestvaluesobserved Revised:5November2025 Accepted:11November2025 incoveredmussels(CI=8.2±2.3). Published:17November2025",,,,,pdfs/acquaculture/aquacj-05-00024.pdf
10-3390-aquacj6010007,10.3390/aquacj6010007,Aquaculture,Article Photoperiod-Mediated Transcriptomic Regulation of Spawning in Octopus mimus,"Background: The reproductive cycle of Octopus mimus is regulated by environmental andhormonalfactors, withphotoperiodplayingakeyroleinspawninginductionand reproductivematuration. Understandingitsunderlyingmolecularmechanismsisessential fordevelopingstrategiestoenhancecontrolledreproductioninaquaculture.",,,,,pdfs/acquaculture/aquacj-06-00007.pdf
10-3390-aquacj6020012,10.3390/aquacj6020012,Aquaculture,"Article Improving Pre-Fattening Protocols for Manila Clam (Ruditapes philippinarum): A Technical Comparison of Upwelling and Flat-Bottom Rearing Systems LorenzoZanella1,* ,GiulioRova2,MarcoMorin2,MatteoMartellato2,EmanueleRossetti3andRenatoPalazzi2,* 1 IndependentResearcher,30173Venezia,Italy 2 AgenziaVenetaperl’InnovazionenelSettorePrimario—VenetoAgricoltura,Vialedell’Università14, 35020Legnaro,Italy;[email removed](G.R.); [email removed](MarcoMorin)","Pre-fattening(alsoreferredtoasnurseryculture)ofManilaclamisapriorityforthissector ofaquaculture,asitallowshatchery-producedseed(1–3mg)toreachsowablejuvenilesizes of30–100mgandreducesrelianceonnaturaljuvenilerecruitment. Thisstudyevaluated theefficiencyoftwoearlypre-fatteningsystems,bothineconomictermsandinproduct quality: conventional upwelling units (a high-density system) and flat-bottom tanks (a mid-density system), the latter tested with and without a sand layer. The 51-day trial wasconductedunderautumnenvironmentalconditions(temperature13–25.8◦C;salinity 25–28ppt;chlorophyll-a3–24µg/L),startingwith1.34mgseedmaintainedunderawater flowrate≥15–20mL/min/g. Inupwellingunits,theinitialdensitywas~216ind./cm2. Four grading events produced four size classes, with total mean weights ranging from 6.4 mg in the smallest (tails) to 46.3 mg in the largest (heads). The overall population mean size was 19.0 mg, with a specific growth rate (SGR) of 5.2%/day and mortality of 17.6%. Flat-bottom tanks, stocked at ~30 ind./cm2, achieved higher growth (overall weightedmean:28.0mg;SGR~6%/day),butexhibitedhighermortality(26.0%onaverage), withnosignificanteffectfromthepresenceofbottomsand. Overall,flat-bottomsystems showed promising growth performance with reduced labor requirements, suggesting thatthissystemcouldrepresentaviablealternativetoupwelling. However,theassoci- atedrearingprotocolcouldstillbeimprovedbyoptimizingstockingdensityandwater exchangerates.",,,,,pdfs/acquaculture/aquacj-06-00012-v2.pdf
10-3390-aquacj6020014,10.3390/aquacj6020014,Aquaculture,Article Influence of Shrimp Farm Effluents on the Biological Performance of the Pacific Oyster Magallana gigas in the Gulf of California,"Thedischargeofeffluentsfromshrimpfarmsintocoastallagoonscanalterfoodavailability, water quality, and pollutant load, potentially affecting the biological performance and safetyoffarmedbivalves. Thisstudyevaluatedtheinfluenceofshrimpfarmeffluentson thegrowth,totalweight,andconditionindexofthePacificoysterCrassostrea(Magallana) gigas. TwooystercultivationzoneswereestablishedinthecoastallagoonofLosMelagos (Sonora,Mexico): onenearashrimpeffluentzone(EZ)andtheotherinareferenceeffluent- freezone(FZ).Shellheightandlength,totalweight,andconditionindexweremeasured monthly,alongwithenvironmentalvariables,includingchlorophyll“a”concentrationand seasurfacetemperatureobtainedfromsatelliteimagery. OysterscultivatedinEZshowed significantlyhighertotalweight,conditionindex,andgrowthratescomparedtothosein FZ.Seasonalfluctuationsinchlorophyll“a”wereobserved,reflectedingrowthpatterns, suggesting greater food availability in waters influenced by effluents. However, these environments pose health risks that require continuous, integrated environmental and healthmonitoring.",,,,,pdfs/acquaculture/aquacj-06-00014-v2.pdf
10-3390-aquacj6030023,10.3390/aquacj6030023,Aquaculture,Article Ammonia Excretion Dynamics in Juvenile and Adult Freshwater Prawn Macrobrachium caementarius Reared Under Recirculating Aquaculture Conditions,"Inthisstudy, totalammonianitrogen(TAN)excretionrateswerequantifiedinjuvenile (mean weight: 1.79 ± 0.17 g) and adult (mean weight: 15.91 ± 0.63 g) prawns (Macro- brachium caementarius) reared under recirculating aquaculture system (RAS) conditions representative of small-scale farming operations. Prawns were fed a commercial dry pelleted diet (48.5% crude protein) at a daily ration equivalent to 5% of total biomass. Waterqualityparametersweremaintainedwithinspecies-specifictolerancerangestoen- surenormalphysiologicalandmetabolicfunction. TANexcretionrateswereestimated usingamassbalanceapproachunderclosed-flowbatchconditions. Asignificantdiffer- ence in TAN excretion was observed between life stages (p = 0.008): juveniles excreted 0.009±0.006mgTANg−1h−1(0.22±0.18mgTANg−1day−1),whereasadultsexcreted 0.03±0.01mgTANg−1h−1(0.73±0.06mgTANg−1day−1). Distinctdielpostprandial patterns were evident in both life stages, with peak TAN release occurring 1–2 h after eachfeedingevent,followedbyagradualdecline. Theselife-stagedifferenceshavedirect implicationsforRASdesignandbiofiltermanagementandshouldbeinterpretedinthe context of the dietary conditions used. The quantified excretion rates provide baseline bioengineeringparametersforsizingbiofilters,estimatingnitrogenloading,andoptimizing waterqualitymanagementforthisemergingaquaculturespecies.",,,,,pdfs/acquaculture/aquacj-06-00023.pdf
10-3390-aquacj6030025,10.3390/aquacj6030025,Aquaculture,"Article Effects of Different Soybean Protein Sources on Growth Performance, Feed Utilization Efficiency, and Gut Microbiota of Pacific White Shrimp (Litopenaeus vannamei) in Green Water and Clear Water Systems AakritiKhanal* ,KhanhQ.Nguyen ,CristhianS.Andres ,AdelaN.Araujo,TrentonL.Corby, MelanieRhodes ,TimothyJ.Bruce andD.AllenDavis SchoolofFisheries,Aquaculture,andAquaticSciences,AuburnUniversity,Auburn,AL36849,USA;","Two growth trials were conducted to evaluate the effects of solvent-extracted soybean meal(SBM),low-oligosaccharidesoybeanmeal(LO-SBM),andenzyme-treatedsoybean meal(ET-SBM)onthegrowthperformance,feedutilization,andgutmicrobiomeofthe Pacificwhiteshrimp(Litopenaeusvannamei). Ninedietsweretested,includingabasaldiet usingsolvent-extractedsoybeanmealasthemainproteinsource. Thesolvent-extracted soybeanmealwasthenreplacedwithLO-SBMorET-SBMat40%,60%,80%,and100% on an isonitrogenous and isolipidic basis. In the 8-week outdoor green water trial, all growthmetrics,FCRandapparentnetproteinretention(ANPR)showednosignificant differencesamongdiets(p>0.05). However,therewasasignificanteffectofLO-SBMon phosphorusretention. Intheclearwatertrial,intermediateinclusionlevelsofLO-SBM (60–80%)slightlyimprovedgrowthmetricsandphosphorusretention(p<0.05)without affecting protein utilization, while 100% LO-SBM did not provide additional benefits. Diets with ET-SBM showed similar performance; however, phosphorus retention was reduced. Dietsdidnotaffectwhole-bodycomposition(p>0.05),exceptforphosphorus andmoisture. Gutmicrobiotaanalysisrevealedthatshrimpfed100%ET-SBMhadnotably higheralphadiversity(Shannonindex=5.45,observedspecies=326.41)comparedtothose fed100%LO-SBM(Shannonindex=4.59,observedspecies=242.69),indicatingimproved microbialstabilitywithET-SBM.Nonetheless,therewerenosignificantdifferencesinbeta diversityortaxonomiccompositionbetweentreatments(p>0.05). Thisstudydemonstrates thatincorporating60–80%LO-SBMintothedietimprovesshrimpgrowthandnutrient utilization. Additionally, ET-SBMmayalsosupportshrimpgrowth, nutrientefficiency, andmicrobialdiversity,suggestingthatbothLO-SBMandET-SBMcanbebeneficialfor shrimpnutrition. Received:8April2026 Revised:26June2026",,,,,pdfs/acquaculture/aquacj-06-00025.pdf
10-1016-j-anbehav-2026-123540,10.1016/j.anbehav.2026.123540,Animal Behaviour,"MS. number: A25-00315R which choosy females selected males displaying condition-dependent traits indicating high mate quality (larger/more symmetrical tufts of foreleg bristles, higher peak amplitude vibratory signals).",,,,,,pdfs/anim_behav/1-s2.0-S0003347226000771-main.pdf
10-1016-j-anbehav-2026-123545,10.1016/j.anbehav.2026.123545,Animal Behaviour,MS. number: 25-00557R monogynous colonies (MM supergene genotype) with males originating either from monogynous col- onies (M haplotype) or polygynous colonies (P haplotype). We then allowed queens to establish,,,,,,pdfs/anim_behav/1-s2.0-S0003347226000825-main.pdf
10-1016-j-anbehav-2026-123556,10.1016/j.anbehav.2026.123556,Animal Behaviour,"MS. number: 25-00350R bee, Apis mellifera, was compared using two laboratory assays. In a visual reversal learning test, elementary discrimination to gauge learning ability was assessed, and then the reward condition to",,,,,,pdfs/anim_behav/1-s2.0-S000334722600093X-main.pdf
10-1016-j-anbehav-2026-123561,10.1016/j.anbehav.2026.123561,Animal Behaviour,"MS. number: A25-00587R diates P. fuscatus social interactions and social experience influences how individual face learning de- velops. Wasps were placed in one of three treatment groups: social with foraging experience, social",,,,,,pdfs/anim_behav/1-s2.0-S0003347226000989-main.pdf
10-1016-j-anbehav-2026-123579,10.1016/j.anbehav.2026.123579,Animal Behaviour,"MS. number: SI-25-00494R interaction, relates to colony hunger and affects the behaviour of foragers and food recipients. We found that trophallaxis groups were larger when colonies were hungry, resulting in rapid food dissemination",,,,,,pdfs/anim_behav/1-s2.0-S0003347226001168-main.pdf
10-1016-j-anbehav-2026-123587,10.1016/j.anbehav.2026.123587,Animal Behaviour,MS. number: 25-00249R response to the playback of loud male calls in two behavioural states (calling and silent). One group was exposed to the playback before initiating calling (silent males) and another group after they had begun,,,,,,pdfs/anim_behav/1-s2.0-S0003347226001247-main.pdf
10-1016-j-anbehav-2026-123606,10.1016/j.anbehav.2026.123606,Animal Behaviour,"MS. number: 25-00580R receptors and disrupts metabotropic inhibitory signalling. Bees were orally administered gabapentin (24 mg/mL), saclofen (0.16 mg/mL) or a sucrose-only control and exposed to a noxious stimulus (a tunnel",,,,,,pdfs/anim_behav/1-s2.0-S0003347226001430-main.pdf
10-1016-j-anbehav-2026-123607,10.1016/j.anbehav.2026.123607,Animal Behaviour,"MS. number: 25-00478R latency to re-emerge from the burrow increased and the distance from the burrow at which crickets settled decreased. Crickets also remained closer to the burrow in response to stronger stimuli, consis-",,,,,,pdfs/anim_behav/1-s2.0-S0003347226001442-main.pdf
10-1016-j-anbehav-2026-123614,10.1016/j.anbehav.2026.123614,Animal Behaviour,"MS. number: SI-25-00695 and gammas exhibit isometry. Reanalysis of previously published behavioural data revealed that alphas are the primary harem holders and the most frequent contestants, but a subset of betas also holds",,,,,,pdfs/anim_behav/1-s2.0-S000334722600151X-main.pdf
10-1016-j-anbehav-2026-123619,10.1016/j.anbehav.2026.123619,Animal Behaviour,"MS. number: A25-00669R morphological traits in males and females predict mating success, whether individual traits influence courtship effort and whether these traits differ between the sexes. We found that higher female wing",,,,,,pdfs/anim_behav/1-s2.0-S0003347226001569-main.pdf
be-araf123,,Behavioral Ecology,Earwig mothers employ a suite of hygienic behaviors to defend their nest against microbial threats,,,,,,pdfs/be/araf123.pdf
be-arag010,,Behavioral Ecology,High detectability costs select weak warning signals in chemically defended gregarious prey,,,,,,pdfs/be/arag010.pdf
be-arag018,,Behavioral Ecology,Maternal age and density shape o spring foraging strategies in a predatory mite,,,,,,pdfs/be/arag018.pdf
be-arag019,,Behavioral Ecology,Social information use across trophic guilds: foraging bumble bees learn from lady beetles,,,,,,pdfs/be/arag019.pdf
be-arag029,,Behavioral Ecology,Wild crickets can adjust escaping speed under varying predation cues,,,,,,pdfs/be/arag029.pdf
be-arag053,,Behavioral Ecology,Plasticity of vibratory courtship in response to nuptial gi quality in male Pisaura mirabilis,,,,,,pdfs/be/arag053.pdf
be-arag054,,Behavioral Ecology,Male bumblebees sustain mate-seeking by adjusting foraging to environmental conditions,,,,,,pdfs/be/arag054.pdf
be-arag055,,Behavioral Ecology,Feeding ecology and behavioral adaptations shape injury patterns in central European ants,,,,,,pdfs/be/arag055.pdf
be-arag071,,Behavioral Ecology,Avoidance of parasitic fungi and nematode threats by Tribolium castaneum,,,,,,pdfs/be/arag071.pdf
10-1093-beheco-arag072-8712073,10.1093/beheco/arag072/8712073,Behavioral Ecology,"Assessment strategy varies with resource ownership, individual and species identity in mantis shrimp",,,,,,pdfs/be/arag072.pdf
ecol-letters-ecology-letters-2025-baker-local-thermal-extremes-shape-the-nature-of-herbivore-plasticity-that-controls-plant,,Ecology Letters,,"Prevailing views hold that species' physiological plasticity may confer resilience to warming, but its importance varies across climatic gradients (e.g., latitude). Yet, along such gradients local species populations may experience fine- scale spatially het- erogenous variation in extreme temperatures and other ecological stressors. We show that at four Cool (mean diel maximum 29.83°C) and four Warm (mean diel maximum 31.51°C) sites, interspersed as a spatial mosaic throughout a 26,200 km2 area, local herbivore populations responded differently to stress from experimental warming (ambient, warmed) and predation (presence, absence). Cool and Warm site herbivore populations utilised different combinations of behavioural and physiological plasticity to cope with the dual stressors that were contingent on local temperature extremes. These unique plastic responses had divergent cascading effects on the plant community. Our results suggest that increased attention to local population variation can enhance the ability to predict the fate of natural communities under environmental change. 1 |",,,,,pdfs/ecol_letters/Ecology Letters - 2025 - Baker - Local Thermal Extremes Shape the Nature of Herbivore Plasticity That Controls Plant.pdf
ecol-letters-ecology-letters-2026-c3-98rsted-integrating-physiological-rates-of-thermal-stress-and-repair-predicts-heat-failure-during,,Ecology Letters,,"The Thermal Death Time (TDT) model has enabled quantification of heat injury in ectothermic organisms across variable ther- mal stress intensities and durations. Using experimental data from Drosophila suzukii, here we extend this framework to include a quantitative assessment of repair of thermal injury. We first demonstrate that heat injury accumulates additively and exponen- tially at stressful temperatures and subsequently show how repair of heat injury also depends on both temperature and duration across permissive temperatures. We find repair to be additive across different permissive temperatures, with the highest repair rate at intermediate temperatures. Importantly, integration of injury and repair rates enables accurate predictions of thermal fail- ure during simple temperature fluctuations alternating between stressful and permissive temperature ranges. Our data therefore support an extension of the TDT framework to integrate injury- repair dynamics. With further validation for other traits and taxa, these dynamics will be critical for assessing thermal vulnerability in a warming climate. 1 |",,,,,pdfs/ecol_letters/Ecology Letters - 2026 - %C3%98rsted - Integrating Physiological Rates of Thermal Stress and Repair Predicts Heat Failure During.pdf
10-1111-ele-70401,10.1111/ele.70401,Ecology Letters,,"Seasonality can drive the evolution of reproductive plasticity in insects. An extreme form is reproductive diapause, where in- dividuals halt reproduction during unfavourable seasons. How diapause evolves from milder forms of plasticity (e.g., through changes in cue perception and responses) is poorly understood. In the tropics, seasonality is common, but it is unclear how widespread reproductive plasticity is, or how it correlates with dry and wet seasons. Here, we analyse reproductive plasticity in Amazonian butterflies using a four- year monthly time series of reproductive phenotypes. Sampling nine species across four Nymphalidae subfamilies, we observe a widespread occurrence of diverse reproductive plasticity, suggesting repeated evolution- ary changes in reproductive plasticity. Detailed analyses of two Catonephele species reveal a conserved cue (temperature), with species- specific divergence of cue response (dry season diapause only in C. acontius). Together, our data support the ubiquity of reproductive plasticity in the tropics and suggest repeated evolutionary change in diapause. RESUMEN La variación estacional puede promover la evolución de plasticidad reproductiva en insectos. Una forma extrema es diapausa reproductiva—la suspensión completa de reproducción durante estaciones desfavorables. Los mecanismos por los que la dia- pausa evoluciona a partir de formas más leves de plasticidad (por ejemplo, a través de cambios en la percepción y las respuestas a señales) son poco conocidos. El trópico incluye climas estacionales, pero la prevalencia de la plasticidad reproductiva, y su correlación con las estaciones secas y lluviosas son aún desconocidas. Aquí, analizamos plasticidad reproductiva en mariposas amazónicas, aprovechando un registro mensual continuo de cuatro años de fenotipos reproductivos. Muestreando nueve especies de cuatro subfamilias de Nymphalidae, observamos una amplia diversidad de plasticidad reproductiva, lo que sugiere cambios evolutivo",,,,,pdfs/ecol_letters/Ecology Letters - 2026 - Hicks - Evolution of Reproductive Plasticity in a Seasonal Tropical Environment.pdf
10-1111-ele-70416,10.1111/ele.70416,Ecology Letters,,"Understanding how temperature- sensitive organisms respond to environmental change is central to addressing challenges in public health, biodiversity conservation and food security. For many ectotherms, abiotic and biotic factors shape their abun- dance and distribution by generating stage- specific variation in life history traits. Although previous studies have examined temperature, rainfall, competition and habitat quality in relation to maximal population growth rate (r m), relative humidity has rarely been incorporated into trait- based thermal performance frameworks. Using laboratory experiments, we show that relative humidity alters juvenile life history trait responses in Anopheles stephensi, an important malaria vector. We then integrate these humidity- dependent juvenile trait responses into an analytic r m model to examine how relative humidity shifts the temperature dependence of projected population growth. Heuristic climate- suitability comparisons further illustrate that temperature–hu- midity interactions acting through juvenile traits alone can alter qualitative inference about when and where temperature- only models may over- or underestimate environmental suitability. These results highlight the importance of incorporating humidity alongside temperature when assessing ectotherm responses to climatic variation. 1 |",,,,,pdfs/ecol_letters/Ecology Letters - 2026 - Huxley - Beyond Temperature  Relative Humidity Systematically Shifts Juvenile Thermal Performance.pdf
ecol-letters-ecology-letters-2026-lue-warming-reduces-parasitoid-success-and-narrows-their-diet-breadth,,Ecology Letters,,"A significant area of current research is the impact of warming on trophic networks. However, few interactions per network are typi- cally studied, which limits generalisation and precludes evaluation of impact on consumer diet breadth and redundancy of top- down control. Here we show that experimental warming strongly decreased the success of parasitoid development across 28 Drosophila- parasitoid interactions from a tropical rainforest network. Parasitoids responded consistently despite deep evolutionary divergence. Moreover, warming strongly narrowed the diversity of hosts that the parasitoids could use. Host developmental success was much less affected. In contrast, experimental cooling had only a mild effect on parasitoids and hosts. Our findings suggest that the top- down control exerted by parasitoids is likely to weaken due to warming. The range of hosts that parasitoids can use will become more limited, potentially threatening the sustainability of parasitoid populations and changing the balance between trophic levels. 1 |",,,,,pdfs/ecol_letters/Ecology Letters - 2026 - Lue - Warming Reduces Parasitoid Success and Narrows Their Diet Breadth.pdf
ecol-letters-ecology-letters-2026-mitesser-forest-heterogeneity-by-chain-saw-how-between-e2-80-90patch-variation-in-old-growth-attributes,,Ecology Letters,Ecology Letters LETTER OPEN ACCESS Forest Heterogeneity by Chain Saw: How Between- Patch Variation in Old Growth Attributes Changes the Metacommunities of Beetles,"Metacommunity theory has expanded our understanding of how spatial dynamics and local interactions influence species com- munities. Different assembly archetypes, reflecting different roles of species differences, habitat differences, and dispersal have been described, but we lack empirical studies specifically in terrestrial habitats testing which archetype is most important. In a replicated design, we experimentally enhanced structural between- patch heterogeneity in homogeneous production forests and developed a statistical framework controlling for sample incompleteness to detect different metacommunity processes. Meta- analyses on > 100 K individuals of > 1.3 K beetle species showed an increase of ~60 species in heterogenized forests at γ- level pro- moted by increasing α- diversity consistent with the mass-e ffect and an increase of β- diversity by ~10% supporting species-s orting. Additionally, we tested β- deviations from random assembly as a proxy of neutral processes. Findings indicate that enhancing structural heterogeneity can shift forests from patch-d ynamics dominance towards mass-e ffect and species-s orting, offering a promising pathway to restore biodiversity in managed landscapes. This is an open access article under the terms of the Creative Commons Attribution License, which permits use, distribution and reproduction in any medium, provided the original work is properly cited. © 2026 The Author(s). Ecology Letters published by John Wiley & Sons Ltd. Ecology Letters, 2026; 29:e70355 1 of 11 https://doi.org/10.1111/ele.70355",,,,,pdfs/ecol_letters/Ecology Letters - 2026 - Mitesser - Forest Heterogeneity by Chain Saw  How Between%E2%80%90Patch Variation in Old Growth Attributes.pdf
10-1111-ele-70377,10.1111/ele.70377,Ecology Letters,,"Population recovery following environmental stress is known to depend on demographic structure, life- history and evolutionary dynamics. However, it is unclear how traits shaped by sexual selection affect population dynamics and recovery. We examined this by manipulating presence/absence of males expressing either a non- aggressive ‘scrambler’ phenotype or an aggressive and lethally armed ‘fighter’ phenotype in soil mite populations of different size. We experimentally altered the male phenotype in populations, subjected them to heat stress, and analysed their population dynamics and recovery. We show that populations with fighter males exhibited (i) reduced population size and stability, (ii) greater decline in response to heat stress in larger popula- tions, (iii) higher rate of growth and (iv) incomplete population recovery. Such reduced population stability and recovery linked with armed and aggressive phenotypes underlines the importance of sexual selection in mediating population dynamics and resilience to environmental change with implications for managing natural populations. 1 |",,,,,pdfs/ecol_letters/Ecology Letters - 2026 - Pandey - Sexual Selection Associated With an Aggressive Male Phenotype Reduces Population Size and.pdf
ecol-letters-ecology-letters-2026-pluta-multiple-key-hosts-and-network-structure-shape-viral-prevalence-across-multispecies,,Ecology Letters,,"Emerging infectious diseases (EIDs) threaten biodiversity, yet identifying key host species in complex ecological communities remains a major challenge. Here, we develop a quantitative framework combining field data, epidemiological modelling, simula- tions, and Bayesian inference to pinpoint key viral hosts in multispecies bee communities. Using flower–visitor interaction data and molecular virus screening, we estimate species- specific basic reproduction numbers (R ) and assess the role of both key hosts 0 and community metrics in virus transmission and persistence. We show that, while honeybees often act as primary reservoirs for deformed wing virus and black queen cell virus, others, such as the bumblebee Bombus lapidarius, can drive the spread of acute bee paralysis virus. Viral dynamics are primarily explained by exposure to key hosts, while community effects are not as pronounced. Identification of non- honeybee key hosts challenges existing assumptions and highlights drivers of transmission and pathogen persistence in complex host–pathogen networks. 1 |",,,,,pdfs/ecol_letters/Ecology Letters - 2026 - Pluta - Multiple Key Hosts and Network Structure Shape Viral Prevalence Across Multispecies.pdf
ecol-letters-ecology-letters-2026-proesmans-drivers-of-viral-prevalence-in-landscape-e2-80-90scale-pollinator-networks-across-europe,,Ecology Letters,"Ecology Letters LETTER OPEN ACCESS Drivers of Viral Prevalence in Landscape- Scale Pollinator Networks Across Europe: Honey Bee Viral Density, Niche Overlap With This Reservoir Host and Network Architecture","Viral transfer from managed pollinators potentially threatens wild pollinators and may be exacerbated by land- use changes. Our causal models and plant- pollinator network data from 48 European urban and agricultural landscapes revealed the ecolog- ical mechanisms underpinning viral transmission. Host identity, network architecture and land- use modulated viral dynamics (black queen cell virus, BQCV; deformed wing virus, DWV- A and DWV- B). Viral prevalence in wild pollinators was driven by viral density in the reservoir host: honey bees, and secondarily by trophic niche overlap with these managed pollinators. Modular networks limited BQCV prevalence, which was driven by reduced honey bee niche overlap, suggesting minimal onward transmission among wild pollinators. Landscapes supporting greater wild pollinator abundance diluted DWV- B transmission; in urban landscapes managed honey bees and wild pollinators experienced higher and lower BQCV prevalence, respectively. Disease in managed bee colonies and land-u se changes that concentrate pollinator foraging interactions present potential viral risks to wild pollinator health. 1 |",,,,,pdfs/ecol_letters/Ecology Letters - 2026 - Proesmans - Drivers of Viral Prevalence in Landscape%E2%80%90Scale Pollinator Networks Across Europe .pdf
ecol-letters-ecology-letters-2026-zalewska-niche-breadth-and-olfactory-context-shape-informed-passive-dispersal,,Ecology Letters,,"Animals must decode environmental information to make adaptive decisions. In passive dispersers, for whom only departure timing is under control, the mechanisms of take- off remain poorly understood. Using experimental evolution, we tested how niche breadth modulates passive dispersal in phytophagous mites by exposing specialist and generalist lineages to host- derived kairomones. Dispersal was highly context- dependent. Generalists exhibited higher baseline dispersal and increased take- off when detecting familiar target cues; however, they were inhibited by complex mixtures of unfamiliar cues (low signal- to- noise ratio). Conversely, specialists primarily tracked current host quality, departing significantly more frequently from unfamiliar plants, yet showing little modulation by target cue identity. These results demonstrate that divergent host specialisation in homo- geneous versus heterogeneous environments fundamentally alters the way in which organisms integrate information from cur- rent and future habitats to drive dispersal. Niche breadth dictates the baseline propensity for informed departure, while olfactory context provides the final trigger for passive take- off. 1 |",,,,,pdfs/ecol_letters/Ecology Letters - 2026 - Zalewska - Niche Breadth and Olfactory Context Shape Informed Passive Dispersal.pdf
10-1111-eth-13573,10.1111/eth.13573,Ethology,Funding: This work was partially funded through a Marie Skłodowska- Curie Postdoctoral Research Fellowship to NWB (Project ID: SCISM 101060650).,"Deimatic displays are visually conspicuous behaviours designed to prevent predation by scaring off predators. Animals that exhibit deimatic behaviours often show other secondary defences as well, but the factors that influence which defences are expressed are poorly understood. Because prey are expected to deploy multiple defences strategically, conspicuous deimatic displays could be performed later in the predation sequence after primary or other secondary defences have failed. Their expres- sion could additionally depend on the state of the performer, especially if deimatic behaviours are costly to produce or involved in a functional trade- off. Here, we investigate female defensive responses to escalating attacks involving non- tactile and tactile stimuli by a human model predator using the springbok mantis, Miomantis caffra. We found that all defensive behaviours were expressed only after mantises were physically provoked, indicating a counter defence rather than a pre- emptive one. Most fe- males responded to initial tactile contact with non- deimatic behaviours—most commonly fleeing, but also striking with raptorial forelegs and freezing. When predator attacks escalated and tactile contact increased, females mostly produced deimatic behav- iours, including raising forelegs, flaring wings, exposing jaws and/or swaying from side to side. Females that were heavier for their size and therefore closer to oviposition were also less likely to flee and more likely to strike and display, although this pattern depended on the level of predator threat. Our results suggest that the expression of deimatic displays is prompted by the repeated failure of non- deimatic defences to ward off escalating predator attacks, which may be why deimatism has gone unnoticed in M. caffra until now. Our findings also suggest an important role for fight- or- flight trade- offs in the expression of antipredator be- haviours in this species: heavier egg- loads appear to compromise females' ability to flee, triggering more aggressive and deimatic responses instead. 1 |",,,,,pdfs/ethology/Ethology - 2025 - Burke - Strategic Deployment of Secondary Defences in the Springbok Mantis  Miomantis Caffra.pdf
ethology-ethology-2025-flaskamp-sex-e2-80-90specific-control-and-incomplete-matings-sperm-removal-behavior-in-a-bush-cricket-species,,Ethology,,"In sexually promiscuous species, sperm removal behavior (SRB) is a male strategy to increase reproductive success by removing rival sperm from the female prior to insemination. This behavior may, however, impose costs on both sexes, generating sexual conflict. We investigated the sex- specific control over the duration of SRB in Metaplastes ornatus, a bush cricket species exhibit- ing this behavior. We used a double mating design experiment and recorded morphometric measurements from a wild popula- tion in Greece to examine whether male or female traits can predict the duration of SRB or whether repeatabilities differ between the sexes. We found a trend that lighter females mated more frequently, while the body mass of either sex did not affect SRB duration. Repeatability analyses suggested a potential, albeit weak, female influence on SRB duration. We also identified high rates of matings terminated before spermatophore transfer after the initiation of SRB. These events were associated with shorter SRB durations and fewer behavioral breaks. A pilot analysis of male genital morphology revealed that males with narrower sub- genital plates may have greater copulation success. Our results suggest that female traits and behavior could play a critical role in shaping the outcome of SRB, indicating potential female counter- adaptations in this sexually antagonistic system. 1 |",,,,,pdfs/ethology/Ethology - 2025 - Flaskamp - Sex%E2%80%90Specific Control and Incomplete Matings  Sperm Removal Behavior in a Bush Cricket Species.pdf
10-1111-eth-70042,10.1111/eth.70042,Ethology,,"Male courtship can serve various purposes such as species recognition, mate localization, or advertisement of individual quality and physical condition. In predatory species, courtship activity by the male might also reduce the risk of being predated on by the female. Substrate vibrations, which are often used for communication during pre- copulatory courtship in many arthropods, might be important in this context. Indeed, in some orb- web spiders, male pre- copulatory vibratory courtship delays female predatory behavior, protecting males from female attack as they approach the female in the web. Pisaura mirabilis is a cursorial spider that does not build a web, but males produce substrate- borne vibratory courtship when they encounter female dragline silk. This raises the question of whether male vibratory courtship similarly delays predatory behavior in female P. mirabilis . We investigated whether male vibratory courtship signals delay female predatory response. We tested our hypothesis by playing back male vibratory courtship, white noise pulses, or a silent control, while simultaneously exposing prey to females (N = 52). We found no delay of female predatory response to prey, nor other differences in female predatory behavior between treatments. We conclude that male vibratory courtship in P. mirabilis probably does not serve to reduce female aggression towards courting males. 1 |",,,,,pdfs/ethology/Ethology - 2025 - Haar - No Appeasement Through Vibrations  Male Vibratory Pre%E2%80%90Copulatory Courtship in the Cursorial Spider.pdf
ethology-ethology-2025-kryger-plastic-behavioral-responses-to-ambient-relative-humidity-influence-aggregation-in-a-large,,Ethology,"Funding: This work was supported by the Department of Biological Sciences, Binghamton University.","Aggregation behavior in arthropods is often a response to environmental stressors, particularly desiccation risk. While this is well documented in small- bodied and larval arthropods, less is known about whether aggregation behavior provides similar benefits to adult and/or large- bodied insects. Here, we investigate whether aggregation behavior in adult Madagascar hissing cockroaches (Gromphadorhina portentosa), a large insect species, is modulated by ambient relative humidity (RH). We exposed mixed- sex groups of adult cockroaches to alternating high (75%–90%; “wet- season”) and low (50%–65%; “dry- season”) RH in a controlled laboratory setting and measured aggregation behavior over multiple weeks. Aggregation was significantly more likely to be observed under low RH, with a greater proportion of individuals aggregating. RH did not affect the sex ratio of aggregations. These results support the hypothesis that aggregation behavior in adult G. portentosa is, at least in part, a plastic and adaptive response to arid conditions, likely enhancing water retention by creating a humid microenvironment. Our findings highlight the importance of behavioral plasticity in large- bodied insects facing fluctuating environmental conditions and suggest that increas- ing aridity due to climate change has the potential to impact the ecologies of G. portentosa and other similarly large, forest- floor arthropods. 1 |",,,,,pdfs/ethology/Ethology - 2025 - Kryger - Plastic Behavioral Responses to Ambient Relative Humidity Influence Aggregation in a Large.pdf
ethology-ethology-2026-bowers-the-effect-of-heterospecific-song-and-anthropogenic-sound-on-the-development-of-life-history,,Ethology,,"Juvenile crickets use sound cues from conspecifics to plastically develop adaptive adult traits. Human- induced rapid environ- mental change, including anthropogenic sound and introduced species, can cause a mismatch between juvenile and adult envi- ronments, resulting in maladaptive phenotypic plasticity. To determine the effects of traffic sound and introduced Velarifictorus micado song on Gryllus pennsylvanicus field cricket development, we raised G. pennsylvanicus crickets in silence, conspecific song, traffic noise, or heterospecific song and measured development time, body size, and lifespan. We did not find an effect of conspecific song or traffic sound on any traits. However, individuals reared with heterospecific song developed more quickly than individuals reared in silence. Rapid development would be beneficial in an adult environment with many conspecifics, but plasticity in response to heterospecific song has no clear benefit. It is possible that V. micado song represents an extreme stimulus that causes G. pennsylvanicus to display potentially maladaptive phenotypic plasticity. Our results underscore the need for more research on the effects of introduced species on acoustically communicating species. Under natural conditions, organisms can respond to fluctuations native species to use sound cues as an accurate predictor of fu- in environmental conditions by plastically modifying behav- ture environmental conditions. iors, physiology, life history, or morphology (DeWitt et al. 1998; Gotthard et al. 1995; Via et al. 1995; West- Eberhard 1989). If the An organism's acoustic environment includes the sounds of con- cues and signals in an organism's juvenile environment accu- specific and heterospecific animals as well as abiotic anthropo- rately predict the adult environment, this can allow individuals genic sounds. Conspecifics across taxa may use acoustic mating to develop beneficial adult traits (Beldade et al. 2011; West- signals or songs to identify p",,,,,pdfs/ethology/Ethology - 2026 - Bowers - The Effect of Heterospecific Song and Anthropogenic Sound on the Development of Life History.pdf
ethology-ethology-2026-caro-colour-polymorphism-in-coconut-crabs-is-under-relaxed-selection-from-conspecifics,,Ethology,,"Colour polymorphisms may result from frequency dependent selection, different lighting environments, genetic drift or hete- rozygote advantage, or may simply be under relaxed selection. Nocturnal coconut crabs have a sex and age independent red/blue colour polymorphism, live in the same habitat and have few predators. To determine whether coloration is involved in intraspe- cific communication, I performed field choice experiments using photographs of crabs of different colour and size to test whether crabs use these cues in decision making. Neither the colour nor size of crabs in photographs influenced coconut crabs' behaviour, but separate observations of live crabs showed that disputes over food were settled on the basis of the relative size of live conspe- cifics, not their coloration. This study adds to a small body of literature suggesting that the coloration of certain crustacea is under relaxed predator and conspecific selection and may have little adaptive significance. 1 |",,,,,pdfs/ethology/Ethology - 2026 - Caro - Colour Polymorphism in Coconut Crabs Is Under Relaxed Selection From Conspecifics.pdf
10-1111-eth-70064,10.1111/eth.70064,Ethology,,"The evolution of male courtship rituals has traditionally been attributed to female mate selection, but may also hinge on male investment strategies in sexually cannibalistic species. In many spiders, males perform energetically costly courtship rituals to increase acceptance by females and minimise the risk of sexual cannibalism. However, due to sperm competition, males may invest less energy when courting already mated females, therefore driving evolutionary trade- offs between the risks of sexual cannibalism and energetic loss. Here, we investigated how female mating status influences male courtship investment in the New Zealand nurseryweb (fishing) spider, Dolomedes minor. Using laboratory experiments, we compared male courtship re- sponses toward unmated and previously mated females. Contrary to expectations, we found that female mating status did not significantly affect male courtship duration or sequence structure, but that its primary effect was an increased latency to initiate courtship. This delayed initiation may indicate that males are expressing pre- copulatory choosiness in the face of potentially irreversible mating costs, such as genital mutilation, hesitating to commit to courtship with previously mated females rather than reducing investment once courtship has begun. Our observations also provide the first detailed ethogram and network of Dolomedes male courtship, highlighting the importance of vibrational and visual signals. These results provide a foundation for exploring additional communication modalities, such as chemical and tactile signals, and highlight the need to consider the limitations of laboratory setups when extrapolating findings to natural conditions. 1 |",,,,,pdfs/ethology/Ethology - 2026 - Cl%C3%A9mot - Impact of Female Mating Status on Male Courtship Behaviour in a Sexually Cannibalistic New.pdf
10-1111-eth-70083,10.1111/eth.70083,Ethology,,"Stridulation, acoustic communication produced by friction between specialized body structures, is a poorly studied antipredator mechanism. Scorpions may display multiple defensive responses, yet acoustic signaling in such defensive context remains poorly studied. Given the sexual dimorphism commonly observed in scorpion body size and pectines, the latter, which may be involved in sound production, could vary morphologically and result in acoustic differences. We hypothesized that (1) stridulatory appara- tus of the scorpion Jaguajir rochae (Borelli, 1910) is sexually dimorphic, (2) sexual dimorphism in stridulatory structures affects acoustic parameters, and (3) stridulatory responses vary with stress, tested via (2.1) mechanical and (2.2) mechano- chemical stimulation. Sound- producing structures and acoustic parameters were measured and stridulation was tested under high/low mechanical stress and mechano- chemical stress, the latter using chemical cues from a mammalian predator. Females exhibited larger pectinal structures, whereas males showed a higher allometric ratio relative to body size. Stridulatory signals in J. rochae showed sexual differentiation primarily in delta time, dB Sound Pressure Level, and low frequency, as revealed by Principal Component Analysis, what explains 38.7% of acoustic variance. Females produced longer and more intense signals, whereas males exhibited slightly higher peak frequencies. Yet, the occurrence of stridulatory responses was similar across different stress treatments. These findings reveal that sexual dimorphism in stridulatory apparatus influences acoustic parameters and that stridulation in J. rochae can be triggered by mechanical stimulation, supporting its role as a defensive behavior. This study pro- vides the first evidence of sex- specific acoustic variation in scorpion stridulation and elucidates its function as an antipredator strategy. 1 |",,,,,pdfs/ethology/Ethology - 2026 - Dionisio%E2%80%90da%E2%80%90Silva - She Doesn t Whisper  Female%E2%80%90Prominent Stridulation Shaped by Morphology in a Buthid.pdf
ethology-ethology-2026-melillo-when-similar-individuals-don-t-attract-absence-of-assortative-mating-by-coloration-in-a,,Ethology,,"Ornaments are conspicuous traits used in intraspecific signaling, occurring in one or both sexes. In species with mutual or- namentation, male traits have traditionally received more attention, whereas female traits have frequently been assumed to evolve as byproducts of male ornamentation. However, other less explored processes, such as mutual mate choice, may explain ornamentation in both sexes. According to this hypothesis, when males and females prefer the same trait, selection reinforces it over generations, promoting ornament development in both sexes, especially when the trait signals individual quality. However, mate choosiness may vary according to the time available for the reproductive process to take place: the shorter the time, the lower the choosiness. We tested these patterns in a damselfly species (Acanthagrion lancea), in which both sexes possess blue ornamentation, and investigated two hypotheses: (i) blue coloration results from mutual mate choice, in which coloration signals quality; (ii) mate selectivity decreases over the course of the day, as time available for reproduction decreases. To investigate these hypotheses, we analyzed whether the color of male–female couples correlated, considering their visual spectrum, and whether this correlation decreased throughout the day, indicating less mate selectivity. We used lipid weight and dry body mass as indi- cators of quality. Coloration was positively correlated with individual dry mass. Surprisingly, a new red coloration, not visible in the human spectrum, was identified. However, there was no relationship between the colorations of couples, regardless of the time of day. These results suggest that, although coloration signals quality, it is not used in mutual mate choice, independent of the available time for reproduction. 1 |",,,,,pdfs/ethology/Ethology - 2026 - Melillo - When Similar Individuals Don t Attract  Absence of Assortative Mating by Coloration in a.pdf
ethology-ethology-2026-t-c3-b3th-visual-cues-can-alter-the-behavioural-responses-of-dragonfly-larvae-to-chemical-alarm-cues,,Ethology,,"Chemical alarm cues are widely used across ecosystems to detect predators and reduce predation risk, but in cannibalistic spe- cies, these cues may also convey information about conspecific diet. However, the sensory mechanisms that governs the trade- off between antipredator and predatory behavioural strategies are poorly understood. In this study, we investigated how visual and chemical alarm cues influence the spread of risk- related information in Aeshna cyanea larvae, a widespread odonate with frequent cannibalistic interactions among early instars. Using a controlled experimental design, we aimed to isolate the effects of chemical and visual stimuli on antipredator behaviour and assess whether such information can be socially transmitted among spatially proximate conspecifics. We found that exposure to chemical cues from injured conspecifics significantly reduced loco- motor activity in most demonstrators, i.e., individuals directly exposed to the alarm cues. However, this effect was modulated by the visual detection of conspecifics: observer 1 individuals showed no activity change when visual cues on nearby demonstrators were present, but increased activity when chemical cues were presented alone. Moreover, visual contact between demonstrators and observer 1 larvae consistently reduced inter- individual distance, regardless of the presence of chemical cues. In contrast, ob- server 2 individuals, who only received visual cues from observer 1 larvae, showed no behavioural change. These results indicate that while A. cyanea larvae do not copy the antipredator behaviour of conspecifics, visual cues modulate responses to chemical information, supporting a role for context- dependent cue integration in decision- making in a non- grouping, cannibalistic species. 1 |",,,,,pdfs/ethology/Ethology - 2026 - T%C3%B3th - Visual Cues Can Alter the Behavioural Responses of Dragonfly Larvae to Chemical Alarm Cues.pdf
10-1111-1365-2435-70207research,10.1111/1365-2435.70207RESEARCH,Functional Ecology,"Michal Knapp Email: [email removed] perature on host–parasitoid systems are biased towards immature host stages and agricultural pests, specifically Lepidoptera. Moreover, despite their relevance Funding information Fakulta Životního Prostředí, Česká for population dynamics, important life-h istory traits such as host recovery (i.e. Zemědělská Univerzita v Praze, Grant/ restoring feeding and mating behaviour after parasitism) remain largely neglected. Award Number: 2023B0024 2. In this study, we tested the effects of low (18°C), optimal (24°C) and high (30°C) Handling Editor: James Ryalls temperatures on the development, survival and body size of the braconid para- sitoid Dinocampus coccinellae and longevity and recovery probability of its adult","of Life Sciences Prague, Prague, Czech 1. With ongoing climate change, temperature- dependent outcomes of host–para- Republic sitoid interactions can affect ecosystem functioning and key ecosystem services Correspondence such as biological control. However, most studies addressing the impacts of tem- Michal Knapp Email: [email removed] perature on host–parasitoid systems are biased towards immature host stages and agricultural pests, specifically Lepidoptera. Moreover, despite their relevance Funding information Fakulta Životního Prostředí, Česká for population dynamics, important life-h istory traits such as host recovery (i.e. Zemědělská Univerzita v Praze, Grant/ restoring feeding and mating behaviour after parasitism) remain largely neglected. Award Number: 2023B0024 2. In this study, we tested the effects of low (18°C), optimal (24°C) and high (30°C) Handling Editor: James Ryalls temperatures on the development, survival and body size of the braconid para- sitoid Dinocampus coccinellae and longevity and recovery probability of its adult host, the invasive ladybird Harmonia axyridis. 3. At low temperature, control ladybirds lived significantly longer than ladybirds ex- posed to Dinocampus coccinellae, and susceptible ladybirds, in which parasitoid larvae successfully developed, lived significantly shorter than resistant ladybirds, which likely eliminated parasitoid eggs. At optimal temperature, host survival was mainly determined by parasitoid development, as resistant and control ladybirds lived similarly long and susceptible individuals lived significantly shorter. At high temperatures, all ladybirds exposed to the parasitoid lived significantly shorter than control ones. 4. Temperature significantly affected stage- specific mortality of parasitoids, with significantly higher proportion of late- instar larvae dying at high temperature. This together with increased pupal mortality resulted in inability of Dinocampus coccinellae to complete development at 30°C",,,,,pdfs/fun_ecol/Functional Ecology - 2025 - Baudino - Heating up parasitoid host interactions  High temperature increased mortality of.pdf
10-1111-1365-2435-70311research,10.1111/1365-2435.70311RESEARCH,Functional Ecology,Sponges are celebrated heterotrophs but also key primary producers on changing coral reefs,"Ecosystem Dynamics, University of 1. Trophic interactions and nutrient cycling lay at the heart of ecosystem health Amsterdam, Amsterdam, The Netherlands and biodiversity. In recent years, our understanding of these drivers has been 2Caribbean Research and Management of Biodiversity Foundation, Willemstad, repeatedly challenged by rapid and unanticipated climatic effects, combined with Curaçao an increasing awareness that carbon acquisition by living organisms often does 3Faculty of Science, Climate Change not meet the textbook duality of autotrophy versus heterotrophy. On coral reefs, Cluster (C3), University of Technology Sydney, Sydney, New South Wales, mixotrophic feeding that combines these two strategies is widespread. Australia 2. Mixotrophy has been largely overlooked in sponges, which are ecologically im- 4School of Biological Sciences, The University of Queensland, Brisbane, portant and highly abundant animals that are commonly celebrated both as ef- Queensland, Australia ficient heterotrophic feeders as well as climate- change winners in these rapidly Correspondence declining ecosystems. Michelle Achlatis 3. Many Caribbean sponges associate with photosynthetic symbionts, and we here Email: [email removed] combine oxygen flux measurements with chlorophyll fluorometry in 24 abundant Funding information species to show that—in contrast to presumed strict heterotrophy—large portions Dutch Research Council (NWO), Grant/ Award Number: VI.Veni.202.16; Winifred of their metabolic needs can be covered through symbiont- supplied autotrophic V. Scott Charitable Trust inputs, even when these are in low abundance and when net photosynthesis re- Handling Editor: Scott Burgess mains negative. 4. At the ecosystem level, we find that half of the sponge species on the reefs of Curaçao contribute to 11% of gross primary productivity of the entire benthic ecosystem, ranking them the 4th most important producers after macroalgae, hard corals and gorgonians, and higher than crustose- coralline algae, which are well- known phototrophs. 5. Together with their heterotrophic carbon capturing, we argue that the widespread presence and anticipated contribution of photosymbiotic sponges to coastal eco- system productivity call for further investigation and for revision of benthic food web models and carbon budgets.",,,,,pdfs/fun_ecol/Functional Ecology - 2026 - Achlatis - Sponges are celebrated heterotrophs but also key primary producers on changing coral.pdf
10-1111-1365-2435-70353research,10.1111/1365-2435.70353RESEARCH,Functional Ecology,"Rafael Cabral Borges Abstract Email: [email removed] 1. Understanding the drivers of bee beta diversity across pristine environments in Funding information the Amazon is critical for ensuring biodiversity conservation, restoration, sustain- Instituto Tecnológico Vale, Grant/Award able land use planning and economic development. Number: R100603.83.CN01 2. Here, we aim to reveal the patterns of among- site variation in bee communities Handling Editor: Sandra Varga between pristine open habitats and pristine forest formations in the Amazon using standardized bee surveys across sites and trait-b ased analyses (body size, social- ity, nesting, buzz pollination and colour). We quantified dissimilarity patterns and evaluated environmental filtering effects to test (1) whether functional diversity can","Email: [email removed] 1. Understanding the drivers of bee beta diversity across pristine environments in Funding information the Amazon is critical for ensuring biodiversity conservation, restoration, sustain- Instituto Tecnológico Vale, Grant/Award able land use planning and economic development. Number: R100603.83.CN01 2. Here, we aim to reveal the patterns of among- site variation in bee communities Handling Editor: Sandra Varga between pristine open habitats and pristine forest formations in the Amazon using standardized bee surveys across sites and trait-b ased analyses (body size, social- ity, nesting, buzz pollination and colour). We quantified dissimilarity patterns and evaluated environmental filtering effects to test (1) whether functional diversity can better predict bee beta diversity than taxonomic diversity can and (2) whether envi- ronmental filtering determines the predominant bee traits for each environment. 3. Our results revealed a high overall beta diversity across all pristine environments, which was primarily driven by species and functional trait turnover. Compared to taxonomic metrics, functional beta diversity better captured among- site variation, highlighting distinct ecological filtering between habitats to select different sets of traits. A portion of open habitat communities was functionally nested within for- est assemblages, suggesting that forests may serve as species reservoirs for open habitats. Forests supported a richer taxonomic and functional bee assemblage, while open habitat communities exhibited specialized traits, including solitary be- haviour, exposed nesting, dark coloration and buzz pollination. 4. These findings highlight the importance of landscape heterogeneity and trait- based approaches, which should be incorporated into environmental management, restoration and biodiversity offset plans. From a conservation perspective, our results stress the need to maintain open habitat patches (regardless of their size),",,,,,pdfs/fun_ecol/Functional Ecology - 2026 - Borges - Bee community assembly is regulated by functional traits in pristine tropical forest.pdf
10-1111-1365-2435-70316research,10.1111/1365-2435.70316RESEARCH,Functional Ecology,Significant resource niche overlap between competing parasitoids does not prevent their successful co-existence,"Plant Protection, Nanjing Agricultural 1. Different species that exploit the same resources can sometimes co- exist in the University, Nanjing, China same habitat through resource sharing. For example, if resources are superabundant, 2Department of Terrestrial Ecology, Netherlands Institute of Ecology, then they can be easily partitioned interspecifically among different individuals. Wageningen, The Netherlands However, when resources are scarce, theory predicts that one species will 3Animal Ecology Section, Department competitively exclude the other if the life cycles of both species overlap spatially of Ecological Sciences, Vrije Universiteit Amsterdam, Amsterdam, The Netherlands and temporally. 4Fujian Academy of Forestry, Fuzhou, 2. Here, we studied intrinsic competition between two sympatric gregarious para- Fujian, China 5Laboratory of Entomology, Wageningen sitoids, Oomyzus scaposus and O. spiraculus, when developing in the same host University and Research, Wageningen, individual, that is, larvae of the ladybird Coccinella septempunctata. The Netherlands 3. When hosts were parasitized by one species only, the larvae consumed almost the Correspondence entire host during their development, leaving nothing available for interspecific Baoping Li competitors. However, in hosts parasitized by both species at different time inter- Email: [email removed] vals, resources were partitioned among them, allowing both species to successfully Funding information develop and emerge as adults. Nevertheless, O. scaposus was a marginally superior Joint Research Program of State Key Laboratory of Agricultural and Forestry competitor in multiparasitized hosts. Biosecurity, Grant/Award Number: 4. This is, as far as we know, the first example of interspecific resource sharing among SKLJRP2501 parasitoids whose larvae consume virtually all host tissues during development. Handling Editor: Cristina Lorenzi Given that this is an enormous group of insects that exhibit extreme phylogenetic complexity in the expression of traits, these results illustrate how two parasitoid species co- exist on highly limited resources.",,,,,pdfs/fun_ecol/Functional Ecology - 2026 - Fei - Significant resource niche overlap between competing parasitoids does not prevent their.pdf
10-1111-1365-2435-70334research,10.1111/1365-2435.70334RESEARCH,Functional Ecology,Pollinator diversity and host specificity in threatened Encephalartos cycads and their implications for co- extinction and species recovery,"Stellenbosch, South Africa 1. The highly threatened African cycad genus Encephalartos faces severe threats 2School of Biology and Environmental such as habitat loss and poaching. In addition, the lack of sexual recruitment due Sciences, University of Mpumalanga (Mbombela Campus), Mbombela, South to the absence of pollinators (pollinator collapse) has emerged as another major Africa threat. Experimental studies have identified three key Encephalartos pollina- 3IUCN Cycad Specialist Group and tor groups: Porthetes (Coleoptera: Curculionidae), undescribed erotylid species Department of Plant and Soil Sciences, University of Pretoria, Pretoria, South (Coleoptera: Erotylidae) and Metacucujus (Coleoptera: Boganiidae). Africa 2. This study investigates the diversity and host specificity of Encephalartos pollina- Correspondence tors to determine their vulnerability to collapse and potential for recovery. Across Paul D. Janse van Rensburg 28 Encephalartos species in southern and eastern Africa, we recorded 39 putative Email: [email removed] pollinator taxa, most showing high host specificity, with 19 species occurring on a Funding information single host. To identify potential traits affecting pollinator host specificity for fur- Wild Cycad Conservancy ther study, we analysed the influence of host phylogeny, cone volatile profiles, cone Handling Editor: James Ryalls colour and cone phenology using distance-b ased redundancy analysis. 3. Host relatedness and cone volatile emissions explained the largest proportion of variation in pollinator assemblages, while cone colour and phenology contributed comparatively less. These relationships should be interpreted cautiously since analyses were based on total cone volatile composition and human-p erceived cone colour, and may not directly reflect the specific compounds or perceptual cues used by pollinators. Records of pollinators visiting novel host plants in cultivation suggest that host use may sometimes extend beyond ob",,,,,pdfs/fun_ecol/Functional Ecology - 2026 - Janse van Rensburg - Pollinator diversity and host specificity in threatened Encephalartos.pdf
10-1111-1365-2435-70259research,10.1111/1365-2435.70259RESEARCH,Functional Ecology,Bandwagon effects in a floral market: Early pollinator acquisition offsets colour disadvantages in less attractive flowers,"Tsukuba, Tsukuba, Ibaraki, Japan 1. Flowers with striking colours or scents are often considered to have an advantage 2Department of Materials Science and in the competition for pollinators. However, if pollinators copy others to avoid Engineering, Kyoto University, Sakyo- ku, Kyoto, Japan exploration costs in changing environments, less attractive flowers may benefit 3Strategic Planning Headquarters, from acquiring early visitors by drawing more subsequent visitors and offsetting National Agriculture and Food Research their colour disadvantage. Previous studies provide partial support for this view, Organization (NARO), Tsukuba, Ibaraki, Japan but mostly focus on pollinator behaviour at small spatial scales rather than on plant benefits in the field. Correspondence Lina G. Kawaguchi 2. To investigate whether flowers benefit from acquiring early visitors in attracting Email: [email removed] subsequent pollinator visits, we conducted a semi- outdoor experiment in a large Funding information flight arena designed to replicate the significant information- gathering costs en- Japan Society for the Promotion of countered in field conditions. By simulating a typical scenario where bumblebees Science, Grant/Award Number: 07J02276 are motivated to shift from a flower species with declining resource quality to Handling Editor: James Ryalls newly blooming ones, we assessed the impact of early arrivals—mimicked by dead bees placed on flowers—on subsequent pollinator attraction. 3. When there were no early arrivals, bees showed a preference of approximately 90% for one of the two new flower colours presented. However, when early arriv- als were placed in one of the patches, bees were strongly attracted to the occu- pied patch as well as to the one with their innately preferred colour. Notably, when their innate colour preferences and the presence of early arrivals conflicted, the two factors either cancelled each other out or the preference was even slightly st",,,,,pdfs/fun_ecol/Functional Ecology - 2026 - Kawaguchi - Bandwagon effects in a floral market  Early pollinator acquisition offsets colour.pdf
10-1111-1365-2435-70338research,10.1111/1365-2435.70338RESEARCH,Functional Ecology,"herbivore damage more evenly across plant populations, thereby reducing the André Kessler Email: [email removed] amount of herbivory for each individual plant.","York, USA 1. Plants can respond to herbivore attack by inducing resistance traits that affect 2Department of Entomology, Cornell subsequent herbivore performance and behaviour. Here, we investigate how University, Ithaca, New York, USA such induced responses in Solidago altissima L. (tall goldenrod) function to spread Correspondence herbivore damage more evenly across plant populations, thereby reducing the André Kessler Email: [email removed] amount of herbivory for each individual plant. 2. In field and laboratory experiments with Trirhabda virgata J. L. LeConte (1865) Funding information New Phytologist Foundation beetle larvae, we demonstrate that herbivory induces strong resistance in S. altissima, resulting in reduced larval growth and behavioural avoidance of Handling Editor: Marko J. Spasojevic previously damaged plants. 3. Volatile organic compounds (VOCs) emitted from damaged plants serve as olfactory cues for larval decision- making, suggesting a form of chemical aposematism informing the beetles' movement through the plant population. Beetle larvae use these cues to move away from damaged plants and preferentially colonize undamaged neighbours, particularly when plants are connected by overlapping foliage. Isolated plants, by contrast, experience significantly more damage due to reduced larval emigration. 4. With seasonal surveys, we found a shift from clumped to a more even herbivore distribution, driven by plant- induced resistance and VOC signalling. 5. These results support a ‘risk- spreading’ function of inducible resistance, contingent on herbivore mobility and plant connectivity, and offer an alternative ecological framework for the evolution of inducible plant defence traits beyond traditional cost- saving hypotheses. This research underscores the role of plant chemical signalling and spatial structure in shaping herbivore–plant interactions and community dynamics.",,,,,pdfs/fun_ecol/Functional Ecology - 2026 - Kessler - Inducible defences  chemical aposematism and the spatial ecology of plant herbivore.pdf
10-1111-1365-2435-70294research,10.1111/1365-2435.70294RESEARCH,Functional Ecology,"Francisco E. Fontúrbel Abstract Email: [email removed] 1. Pollinators, especially bees, are in global decline, threatening biodiversity and Funding information food security. While intensive agriculture is a primary driver, its impact on bee Agencia Nacional de Investigación y functional diversity—particularly in the diverse Mediterranean region—remains Desarrollo, Grant/Award Number: ANID/ PIA/ACT192027 understudied. Understanding how natural habitat loss in farmed landscapes affects functional diversity is crucial for developing land management that","Email: [email removed] 1. Pollinators, especially bees, are in global decline, threatening biodiversity and Funding information food security. While intensive agriculture is a primary driver, its impact on bee Agencia Nacional de Investigación y functional diversity—particularly in the diverse Mediterranean region—remains Desarrollo, Grant/Award Number: ANID/ PIA/ACT192027 understudied. Understanding how natural habitat loss in farmed landscapes affects functional diversity is crucial for developing land management that Handling Editor: Rafael B. P. Pinheiro preserves pollination services. 2. We assessed how natural area proportion affects wild bee taxonomic and functional diversity in apple and sweet cherry orchards in central Chile. Over 2 years, bees were sampled using coloured pan traps in orchards categorized by surrounding natural vegetation. Taxonomic diversity was analysed via richness and composition indices, while functional diversity was calculated from morphological and life- history traits, analysed separately for males and females. 3. We found that the increasing proportion of natural areas positively affected wild bee taxonomic and functional diversity in orchards. Bee taxonomic diversity significantly increased with surrounding natural area proportion, but functional diversity responses were contrasting between male and female bee traits. In particular, functional homogenization (based on RaoQ) was significantly associated with male functional traits in orchards with low natural areas (%) and, in some cases, functional richness (FRic) increased with more surrounding natural area. We found that bee taxonomic and functional diversity responded differently for apple and sweet cherry orchards. Further, the fourth- corner analysis showed This is an open access article under the terms of the Creative Commons Attribution- NonCommercial- NoDerivs License, which permits use and distribution in any medium, provided the original work is properly cited, the",,,,,pdfs/fun_ecol/Functional Ecology - 2026 - L%C3%B3pez%E2%80%90Aliste - Differential effects of agricultural expansion on wild bee taxonomic and.pdf
10-1111-1365-2435-70347research,10.1111/1365-2435.70347RESEARCH,Functional Ecology,High nitrogen loading impacts the temperature- size rule and heat tolerance in a nettle- feeding butterfly,"Sciences (RIBES), Radboud University, 1. Host-p lant quality and ambient temperature are key environmental drivers of her- Nijmegen, the Netherlands bivorous insect performance, affecting growth, development, and survival. While 2Species Diversity Group, Research Institute for Nature and Forest (INBO), temperature accelerates physiological processes in ectothermic insects, nutrient Brussels, Belgium limitation in host plants can constrain insect herbivore fitness. Yet, few studies have 3WILD, Biology Department, Vrije examined how these two factors interact to shape insect herbivore performance. Universiteit Brussel, Brussels, Belgium 4Earth & Life Institute, UCLouvain, 2. We experimentally quantified the combined effects of host- plant stoichiometry Louvain- la- Neuve, Belgium and rearing temperature on the larval growth rate, development time, and adult Correspondence heat tolerance of the Map butterfly (Araschnia levana L. 1758). Caterpillars were Berber M. J. W. Meulepas reared on stinging nettle (Urtica dioica L.) cultivated under three nutrient addition Email: [email removed] regimes differing in N:P ratios—to alter the nutrient stoichiometry of their host Funding information plants—and under two diurnally fluctuating temperature regimes simulating am- Fonds Wetenschappelijk Onderzoek, Grant/Award Number: 1177225N bient (day–night: 21°C/12°C) and elevated (day–night: 24°C/16°C) conditions. 3. Both temperature and host plant stoichiometry affected butterfly performance. Handling Editor: Katie E. Marshall Warming and a balanced stoichiometry enhanced growth and development; under these favourable conditions, caterpillars exhibited rapid growth, faster de- velopment, higher survival, and increased adult heat tolerance. A trade- off be- tween size and age at maturity—individuals either matured rapidly at smaller sizes or more slowly at larger sizes—was observed only under conditions that were favourable for growth, suggesting that developmental time was the main limiting factor under these conditions for the final butterfly body size. 4. Our results thus demonstrate that host plant nutrient imbalances can mediate how insect herbivores prioritize between size and age at maturity under warming conditions, influencing thermal tolerance too. This suggests that eutrophication and climatic warming may jointly reshape the allocation strategies, performance, and resilience of insect herbivores in Anthropocene ecosystems.",,,,,pdfs/fun_ecol/Functional Ecology - 2026 - Meulepas - High nitrogen loading impacts the temperature%E2%80%90size rule and heat tolerance in a.pdf
10-1111-1365-2435-70359research,10.1111/1365-2435.70359RESEARCH,Functional Ecology,Endogenous colony dormancy shapes seasonal cold tolerance in temperate ants,"Earth & Environment, University of 1. As eusocial superorganisms, cold- adapted ants must survive multiple consecu- Namur, Namur, Belgium tive winters and are shaped by selective pressures acting at both individual and 2Section for Zoophysiology, Department of Biology, Aarhus University, Aarhus C, colony-l evel. Denmark 2. Following winter reactivation, colonies enter a fixed developmental phase whose 3Biology Centre, Institute of Entomology, duration is regulated by ‘Kipyatkov's sand-g lass device’, an endogenous timer that Czech Academy of Sciences, České Budějovice, Czech Republic enforces the onset of a new dormancy period after a set interval even under permissive light and temperature conditions. However, how this obligate colony- Correspondence Quentin Willot level programming interacts with worker physiological responses to produce Email: [email removed] cold- tolerant phenotypes capable of withstanding seasonality remains unknown. Funding information 3. Here, we leveraged obligate colony-l evel seasonal programming in five temperate H2020 Marie Skłodowska- Curie Actions, ant species to disentangle the relative contributions of endogenous colony dor- Grant/Award Number: 101148613; Danmarks Frie Forskningsfond, Grant/ mancy and exogenous thermal exposure (acclimation) on worker metabolic rates, Award Number: 2032- 00353B metabolomic profiles and cold tolerance. Handling Editor: Katie E. Marshall 4. We show that across the tested species, the onset of colony dormancy alone is suf- ficient to modulate both the critical thermal minimum (CT ) and the temperature min causing 50% mortality during acute cold exposure (LTe ) and further interacts with 50 acclimation to shape worker cold tolerance. Cold acclimation triggered the accu- mulation of metabolites (e.g. trehalose, glycerophosphoethanolamine) potentially involved in osmotic balance and membrane reorganization in individuals. 5. Our results highlight that programmed, obligate colony dormancy in temperate ants can drive cold hardening in workers independently of environmental expo- sure. This suggests that cold tolerance in temperate social insects can emerge from the interplay between colonial seasonal programming and individual responses to environmental cues, reflecting their unique evolutionary history and social organization.",,,,,pdfs/fun_ecol/Functional Ecology - 2026 - Willot - Endogenous colony dormancy shapes seasonal cold tolerance in temperate ants.pdf
10-1007-s00359-025-01762-5research,10.1007/s00359-025-01762-5RESEARCH,Journal of Comparative Physiology A,Mechanosensory cephalic bristles mediate rapid flight initiation in hawkmoths,"Endothermic insects including bees, butterflies, and moths need to warm up their flight muscles before taking flight. For instance, diurnal butterflies bask in the sun to heat their flight muscles, whereas nocturnal hawkmoths display a pre-flight shivering behavior in which small-amplitude wing movements cause flight muscles to warm up, eventually generating large-amplitude wing motion for flight. The time required for warm-up puts such insects at considerable risk if they need to rapidly escape from predators. Here, we show that upon experiencing a sudden air-puff on the head, hawkmoths with lower thoracic temperatures can rapidly initiate flight without the need for pre-flight shivering. This response is medi- ated by mechanosensory cephalic bristles that are located beneath the scales on their head. When activated, these bristles trigger a set of flight-related reflexes including antennal positioning, foreleg extension, wing movement, and abdominal flexion. Some of the mechanosensory neurons associated with the cephalic bristles arborize in the subesophageal zone (SEZ) and antennal motor and mechanonsensory centre (AMMC), whereas most arborize in pro-, meso- and meta-thoracic ganglia, which contain the motor circuitry for foreleg motion, flight, and abdominal flexion. Thermal recordings revealed that large-amplitude flapping following cephalic bristle-stimulation occurs at lower thoracic temperatures than required for endogenously-initiated take off. Electromyogram recordings from steering and indirect flight muscles show significant variability in activation latency in response to cephalic bristle stimuli. The range of latency values among different muscles overlaps, suggesting that cephalic bristle stimulation broadly activates indirect flight and steering muscles, thereby gener- ating high-amplitude wing movement at lower thoracic temperatures. Thus, akin to locusts, the cephalic bristle system in hawkmoths rapidly triggers flight upon sensing danger, ensuring swift escape from potential threats.",,,,,pdfs/j_comp_phys/10-1007-s00359-025-01762-5.pdf
10-1007-s00359-025-01769-yresearch,10.1007/s00359-025-01769-yRESEARCH,Journal of Comparative Physiology A,Hawkmoths can smell with grooming organs on their legs,"The antennae are the primary olfactory organs of insects, though other appendages, such as mouthparts and the female ovipositor, can also detect odors. A prerequisite for the olfactory function of an appendage is the presence of sensilla with porous walls and the expression of chemosensory receptors by sensory neurons housed in these sensilla. In the tobacco hawkmoth, Manduca sexta, we demonstrate that the epiphysis, a small process on the tibia of the forelegs that is used to clean the antennae, is an olfactory organ. The epiphysis carries approximately 150 sensilla with wall pores, suggest- ing an olfactory function. Additionally, the epiphysis expresses a variety of chemosensory receptor genes. We identified the expression of ORCo, the obligate co-receptor of odorant receptors (ORs), as well as 54 tuning ORs. Moreover, the epiphysis expresses 22 ionotropic receptors (IRs), including the co-receptors IR8a, IR25a, and IR76b, and 33 gustatory receptors (GRs). Several of these IRs and GRs had not previously been found in the antennae or other appendages. Elec- trophysiological recordings from isolated epiphyses revealed responses to odorants from several chemical classes, host plant leaves, and the female pheromone gland. The strongest responses were elicited by acids and the amine pyrrolidine. Epiphysectomy did not affect courtship or foraging behavior; however, epiphysectomized females were less likely to reach a host plant than controls. Our study reveals the epiphysis of M. sexta to be a previously unknown olfactory appendage with a broad and partly unique chemosensory repertoire. Because the epiphysis is a constitutive feature of lepidopteran insects, its olfactory function may be present in most moths and butterflies.",,,,,pdfs/j_comp_phys/10-1007-s00359-025-01769-y.pdf
10-1007-s00359-025-01771-4research,10.1007/s00359-025-01771-4RESEARCH,Journal of Comparative Physiology A,Divergent sensory transcriptomic profiles in positive and negative learning in Bicyclus Anynana butterflies,"Mate preference learning, where individuals learn to prefer or avoid specific phenotypes during mate selection, is perva- sive across animal taxa and influences reproductive isolation and trait evolution. Despite its significance, the genetic basis underlying the associated valence attribution (whether to prefer or avoid) remains largely unclear. Both in terms of what genes are associated with attributing valence, and whether valence attribution is associated with transcriptional changes in both sensory tissues and neural circuits in the brain, or is restricted to the brain. Here, we investigate the neurogenomic basis of positive and negative mate preference learning using Bicyclus anynana butterflies. We put females in positive or negative training scenarios, as well as a naïve control, and compared their transcriptomic profiles across three tissues: antennae, eyes, and brain using RNA-sequencing. Our results reveal tissue-specific transcriptional responses, with the antennae showing higher transcriptomic changes during negative training and the eyes showing higher transcriptomic changes during positive training, relative to the naïve control, indicating that valence attribution during learning may not be restricted to transcriptional changes in the brain. We identified a subset of genes in each tissue whose expression patterns changed with valence, as well as genes previously linked to classical conditioning pathways, supporting the hypothesis that imprinting-like learning and classical conditioning share molecular mechanisms. Our findings suggest that valence attribution in mate preference learning involves tissue-specific transcriptional responses in sensory and brain tis- sues, emphasising the role of peripheral sensory systems in modulating learned mate preferences.",,,,,pdfs/j_comp_phys/10-1007-s00359-025-01771-4.pdf
10-1007-s00359-025-01775-0research,10.1007/s00359-025-01775-0RESEARCH,Journal of Comparative Physiology A,Neurons sensitive to sky compass signals in the brain of the Madeira cockroach Rhyparobia maderae,"Many insects are formidable navigators illustrated by homing behavior in bees and ants or regular seasonal migrations in butterflies, moths, and others. For spatial orientation, many insects rely on celestial cues, in particular the position of the sun or the polarization pattern of the blue sky generated by the sun. In all species studied celestial polarization is perceived by photoreceptors in a highly specialized dorsal rim area of the eye. Studies in various insects showed that the central complex utilizes these and other sensory inputs to create an internal compass-like representation of external space for vector navigation. Cockroaches, likewise, rely on visual and antennal input for navigational decisions mediated by the central complex. To explore the possible contribution of sky compass signals, we have characterized the responsiveness of neurons of the optic lobe and central complex of the Madeira cockroach Rhyparobia maderae to the angle of polarized light and the azimuth of unpolarized light spots representing the sun or the chromatic gradient of the sky. Strong responses to polarization angle and to changing polarization angle were found in several cell types connecting both optic lobes. Responses to sky compass signals in neurons of the central complex were less pronounced, but were significant in several cell types corresponding to neurons encoding sun compass signals in other species. Although the Madeira cockroach is a nocturnal scavenger and the existence of a specialized dorsal eye region has not been established, sky compass signals likely play a substantial role in behavioral decisions.",,,,,pdfs/j_comp_phys/10-1007-s00359-025-01775-0.pdf
10-1007-s00359-025-01786-xresearch,10.1007/s00359-025-01786-xRESEARCH,Journal of Comparative Physiology A,"The visual system of a nocturnal long-distance migrant, the Australian Bogong moth","The Australian Bogong moth (Agrotis infusa) is a small noctuid moth that undertakes annual, nocturnal migrations of up to 1000 km to escape the summer heat of its breeding grounds. The moths travel to cool alpine caves, where they enter a dormant state (aestivation) before returning to reproduce and die. During migration, their brains integrate magnetic and visual cues to guide their flight direction. While the Bogong moth’s neurobiology is increasingly understood, its visual system has remained unexplored. Here, we describe the morphology, ultrastructure, optics, and visual opsins of the Bogong moth’s compound eyes and ocelli. Using light and electron microscopy, micro-computed tomography, in situ hybridization, and spectral absorbance measurements, we show that the compound eyes are typical superposition eyes with a tiered rhabdom, similar to other noctuid moths. The ocelli are small but structurally complex, featuring a two-tiered retina with spectrally distinct receptor cells and a lens forming a focused image on the ocellar retina. At the molecular level, the Bogong moth expresses three canonical opsins (UV, blue, and long-wavelength) and an additional red-shifted long-wavelength opsin, suggesting enhanced sensitivity to long-wavelength light. These opsins exhibit distinct expres- sion patterns across the compound eyes, indicating functionally distinct dorsal and ventral eye hemispheres. Overall, the Bogong moth’s visual system displays multiple adaptations to nocturnal vision. These features, likely shared across noc- tuid moths, may have contributed to the evolution of the exceptional navigational abilities during long-distance migrations in dim light that define the Bogong moth, but which are also widespread across noctuid moths.",,,,,pdfs/j_comp_phys/10-1007-s00359-025-01786-x.pdf
10-1007-s00359-025-01787-wresearch,10.1007/s00359-025-01787-wRESEARCH,Journal of Comparative Physiology A,The evolution of lepidopteran brain morphology,"Animals live in diverse environments and have evolved to cope with environmental challenges in different ways. How such adaptations shape overall brain morphology is still unclear. Here, we test how two behavioural adaptations – cir- cadian activity pattern and migratory behaviour – are reflected in the brains of moths and butterflies (Lepidoptera). We predicted that circadian activity pattern affects primary sensory regions, whereas migration impacts integrative centres. Using anti-synapsin immunostaining, we generated detailed 3D reconstructions of each species' brain and performed a phylogenetically corrected volumetric analysis. All lepidopteran brains, including early-diverging lineages, share a charac- teristic layout that differs from the caddisfly (Trichoptera) outgroup. Some brain regions proved highly evolvable - most notably, the anterior optic tubercle varied qualitatively among species. Most regions, however, differed quantitatively, with tissue volumes strongly shaped by phylogeny as well as behavioural traits. While activity pattern predominantly affected primary visual areas, migratory behaviour correlated with significant volume changes in the fan-shaped body, the accessory medulla and parts of the mushroom body. We also identified several small neuropils as evolutionary “hotspots”, showing rapid, lineage-specific expansion or reduction. Finally, positive and negative correlations among neuropil volumes reveal coordinated evolution in defined neuropil groups, suggesting functional linkages and constraints beyond anatomi- cally related regions. These findings generate testable hypotheses about poorly studied brain areas and highlight diverse evolutionary dynamics across the lepidopteran phylogeny.",,,,,pdfs/j_comp_phys/10-1007-s00359-025-01787-w.pdf
10-1007-s00359-026-01796-3research,10.1007/s00359-026-01796-3RESEARCH,Journal of Comparative Physiology A,Neuronal processing of complex sounds in the prothoracic ganglion of a bushcricket,"Male bushcrickets produce complex species-specific songs to attract mating partners. Since the neuronal processing under- lying song-pattern detection is not fully understood, we analysed extracellularly recorded song-induced spike responses and local field potentials across the first stage of auditory processing in the prothoracic ganglion of Mecopoda elongata. We analysed the influence of the temporal structure and of any change in amplitude of spiking and local field potentials. We presented the complete chirp and compared the neuronal response pattern with those responses evoked individually by each pulse of the chirp. Our data revealed: (i) the complete chirp leads to a transient summation in local field potentials over the time course of the chirp, and (ii) significantly fewer action potentials occur during the chirp presentation than to the individually presented pulses. Our data provide insights into the question of how an acoustical signal can be used to extract those features from sensory information that are important for auditory behaviour, such as chorus formation, species recognition, or phonotaxis.",,,,,pdfs/j_comp_phys/s00359-026-01796-3.pdf
10-1007-s00359-026-01799-0research,10.1007/s00359-026-01799-0RESEARCH,Journal of Comparative Physiology A,Does fly larval cooperative behavior protect against parasitic wasps?,"Larval Drosophila exhibit cooperative foraging behavior in which groups of animals synchronize digging movements to form deep feeding cavities. Such clustering has been hypothesized to provide protection from predators and parasitoids by reducing surface exposure. Here, we tested whether clustering by Drosophila melanogaster larvae protects against parasit- ism by two Leptopilina species—L. boulardi (Lb), a specialist that primarily targets D. melanogaster, and L. heterotoma (Lh), a broadly infective generalist. Using controlled manipulations of larval number, sensory disruption, and environmen- tal conditions, we examined how clustering affects wasp behavior, wasp mortality, infectivity, and the behavior of infected larvae. Contrary to expectation, larval clusters did not repel wasps, increase wasp mortality, or reduce parasitism. Instead, clustering increased the probability of successful infection, and Lb—but not Lh—infection altered host behavior in ways that promoted prolonged cluster residence. Lb infected larvae exhibited reduced coordination yet remained within clusters significantly longer than uninfected animals. Finally, the survival of infected larvae decreased in the presence of increas- ing numbers of uninfected siblings, an effect dependent on clustering. These results potentially reveal a bidirectional interaction in which parasitism enhances larval clustering and clustering enhances parasitism. Our findings challenge the assumption that cooperative digging evolved as an anti-parasitoid defense and instead suggest that parasitoid exploitation of social microenvironments may shape larval group behavior.",,,,,pdfs/j_comp_phys/s00359-026-01799-0.pdf
10-1007-s00359-026-01815-3research,10.1007/s00359-026-01815-3RESEARCH,Journal of Comparative Physiology A,Attachment ability and mating behaviour of the black soldier fly Hermetia illucens (Diptera: Stratiomyidae),"Hermetia illucens (Diptera: Stratiomyidae), also known as black soldier fly (BSF), offers an important sustainable approach to waste management and resource recovery, since its larvae can reduce organic waste volumes, transform them into bio- mass, and generate protein-rich feed, biodiesel precursors, and organic fertilizers. Despite the abundance of information on its larval stage, the reproductive biology of the adult is still poorly understood. The present study, through behavioural tests, cryo-scanning electron microscopy analysis and centrifugal force tester experiments, deepens the knowledge on the mechanical interaction between male tarsi and the body of conspecifics during mating and competition, describes the sexual dimorphism in BSF tarsal attachment devices and provides information on the attachment ability of both sexes to artificial surfaces with different features in terms of roughness and wettability. Further studies comparing adult behaviour in rearing conditions and in the wild are necessary to optimise BSF mass-rearing facilities.",,,,,pdfs/j_comp_phys/s00359-026-01815-3.pdf
10-1007-s00359-026-01832-2research,10.1007/s00359-026-01832-2RESEARCH,Journal of Comparative Physiology A,"Bioamine disruption leads to memory deficits in the whip spider, Phrynus marginemaculatus","Amblypygi (whip spiders) are an order of arthropods (Subphylum: Chelicerata, Class: Arachnida) that navigate primarily by their keen olfactory abilities. Experiments in the laboratory reveal that the species Phrynus marginemaculatus forms both short and long-term memories for odors associated with access to a shelter. While bioamine function and location in the whip spider nervous system remain completely unexplored, comparative anatomy indicates that their olfactory memory may involve serotonin and dopamine signaling in brain regions involved in processing olfactory input. Prelimi- nary immunohistochemistry detected serotonin and tyrosine hydroxylase immunoreactivity in mushroom body-associated calycal regions and antenniform primary olfactory glomeruli, supporting future work on monoaminergic modulation of olfactory circuits. Therefore, if serotonin or dopamine signaling involved in olfactory processing is pharmacologically dis- rupted, their performance in an associative olfactory learning task should be significantly impaired. Subjects were trained on an olfactory memory paradigm, subsequently injected with physiological saline, the serotonin receptor antagonist methiothepin mesylate (MET), or the dopamine receptor antagonist SCH-23390 (SCH), and tested for memory retention 24 h afterwards. Controls injected with saline demonstrated robust associative memory (serotonin antagonism control: n = 10, p = 0.006 against chance performance on the task, dopamine antagonism control: n = 10, p = 0.039), while treated groups displayed no such memory (MET: n = 10, p = 0.375, SCH: n = 10, p = 0.892). There was also a significant difference in performance between the treated and control groups on test day (serotonin antagonism groups: p = 0.048, dopamine antagonism groups: p = 0.016). Additionally, there were no significant differences in locomotor activity between treatment and control groups on test day (p > 0.05). Together, these results are consistent with serotonergic and dopaminergic signal- ing contributing to olfactory memory consolidation without grossly impairing locomotion in Phrynus marginemaculatus.",,,,,pdfs/j_comp_phys/s00359-026-01832-2.pdf
10-1242-jeb-250861researcharticle,10.1242/jeb.250861RESEARCHARTICLE,Journal of Experimental Biology,"Flexible nutrient oxidation during desiccation is associated with climate stress resistance of an invasive fly HenrikaJ.Bosua1,2,*,MarshallD.McCue3,ChristopherW.Weldon4andJohnS.Terblanche1","bothslowergrowthandgreaternutrientreservesthanindividualsof thesamespeciesrearedathighertemperatures(KukalandDawson, The capacity of living organisms to withstand stress may be 1989; Coggan et al., 2011). Changing global climates will likely energeticallyexpensive,therebyplacingademandonbodynutrient affectnutrient accumulation in herbivorous insects both indirectly storesandanynutrientsthatmightbelinkedtocopingwiththatstress. throughchangesinplantnutrientstoresanddirectlybyaffectingtheir Here, we tested the hypothesis that desiccation-resistant Ceratitis abilitytodigestandassimilatethesenutrients(Hamannetal.,2021). capitata (Diptera: Tephritidae) and desiccation-sensitive Ceratitis Indeed,metabolicflexibilityofinsectsmaybekeytoinsectpersistence rosadifferentiallyoxidisenutrientstocounterdesiccationstressand withclimatechangeandovercomingdiverseanthropogenicstressors facilitate recovery. Lines of flies from both species had their body (TerblancheandLehmann,2026). macronutrient storesexperimentallyenriched with one ofthree 13C Nutrientsconsumedduringjuvenilestagesandaccumulatedinthe tracers:leucine(enrichesproteins),palmiticacid(enricheslipids)and bodystoresofadultscanbemobilisedasneededforadultsurvival glucose(enrichesprimarilycarbohydrates),andwerethensubjected andreproduction(Andersenetal.,2010;Briegel,1990;Careyetal., toaregimenofdesiccationstressfollowedbyrecovery.Weusedflow- 2005; Chen et al., 2017; Municio et al., 1971; Merli et al., 2018; through respirometry and 13C-breath testing to detect changes in Levinetal.,2017a).Forsomeinsects,thesebodystorescanbemore metabolicratesandmacronutrientoxidation.Ceratitiscapitata,unlike important than the nutrients acquired during adult feeding. In C.rosa,showedhighlyflexiblemetabolicratesandnutrientoxidation. migratory locusts, daily refuelling remains insufficient even when The former upregulated oxidation of both carbohydrates and lipids energy-rich food is abundantly available, owing to limitations to whereasproteinoxidationwasonlyupregulatedduringrecoveryfrom intake and assimilation; consequently, these insects rely on stored desiccation. This provides novel support for biochemical pathway carbohydratesandlipidstosustaindailyflight (Ceaseetal.,2026). (macronutrient) flexibility enhancing the survival of a desiccation- Adult fruit flies, when faced with stressful conditions, mobilise resistantinvasivespeciesoveradesiccation-sensitivespecies. bodystoresaccumulated throughthe larval dietto offsetthis stress",,,,,pdfs/j_exp_biol/jeb250861.pdf
10-1242-jeb-251126researcharticle,10.1242/jeb.251126RESEARCHARTICLE,Journal of Experimental Biology,"Timing impacts responses to color and odor in a model insect, the bumblebee Bombus impatiens KatelynGraver1,2,JessicaSommer1,3,VijayRao1,3,GiovanniTafuri1,4andJordannaD.H.Sprayberry1,5,*","et al., 2012). Learning of multimodal floral information requires multisensory integration, i.e. the processes by which information Bumblebees rely on diverse sensory information to locate flowers from individual modalities influences processing in other while foraging. The majority of research exploring the relationship modalities, including the combination of sensory modalities to betweenvisualandolfactoryfloralcuesisperformedatlocalspatial createaunifiedpercept(i.e.sensorybinding)(LeonardandMasek, scalesandisapplicabletounderstandingfloralselection.Floral-cue 2014;Talsmaetal.,2010). use during search remains underexplored. This study investigated There are a multitude of experimental approaches to exploring howthebumblebeeBombusimpatiensusesvisualversusolfactory multisensory integration. Associative learning paradigms such as informationfromflowersacrossbehavioralstatesandspatialscales. the proboscis extension reflex (PER) and free-moving proboscis Atlocalspatialscales,non-flyinganimalsinanassociativelearning extensionreflex(FMPER)havebeenusedtoexplorethecognitive paradigm will generalize to either unimodal attribute of a learned abilities that underlie learning of sensory information relevant to color+odorcuewithequallikelihood.However,bumblebeesflyingina foraging(Jordanetal.,2024;Muth,2021;RiverosandGronenberg, windtunnelshiftcue-usestrategydependingonthespatiotemporal 2009; Riveros et al., 2020). Behavioral experiments explore how scaleofcueencounter.Whenbothcolorandodorcuesmimiclocal/ bees utilize sensory information to make foraging decisions. The within-patch spatial scale, bumblebees weigh color information of a existing body of work across approaches strongly indicates that learned floral-cue more heavily. When cues mimic an intermediate/ bumblebeesutilizeodorinformationinconjunctionwithvisualcues between-patch spatial scale, bumblebees weigh color and odor such as color; however, variability in the results prevents the information equally, and show the highest response to fully intact drawing a single unifying conclusion about how odor and color multimodalcues.Thusthespatiotemporalscaleofsensoryinformation are integrated by foraging bumblebees. For example, work by influenceshowbumblebeesutilizemultimodalfloralcues. Lawsonetal.(2018)showedthatolfactorypatternlearningcanbe",,,,,pdfs/j_exp_biol/jeb251126.pdf
10-1242-jeb-251708researcharticle,10.1242/jeb.251708RESEARCHARTICLE,Journal of Experimental Biology,"Halocline boundary layer restricts the vertical distribution of the box jellyfish Tripedalia cystophora Jan-FrederikFreiberg1,*,NielsRö hrdanz2,HermannKohlstedt1andJanBielecki1,*","have extensively explored the physical dynamics of haloclines. Haloclines – sharp salinity gradients frequently formed after heavy Svensson (1980) used tracer-diffusion teststo investigatethe energy rainfallsincoastalhabitats–canactasbarriersforweaklyswimming dynamics and stabilityof haloclines in Norwegian fjords, providing foundational insights into their ecological impact. In coastal areas, plankton, but their biomechanical constraints on relatively adept large amounts of freshwater runoff or river plumes can lead to the swimmers, such as cubozoan jellyfish, remain unexplored. We verticalstratificationofthewaterbodies(Ozakietal.,2021),affecting examined the vertical distribution of Tripedalia cystophora before and after establishing an artificial halocline (35→22 PSU) in an thephysicalconditionsinthesehabitats.Theforagingefficiencyand habitatpreferenceoforganismsisaffectedbystratification.Animals experimental swimming arena. After halocline formation, animals maybeunabletotraversehaloclinesordetecthaloclinesanddisplay repeatedly entered the gradient layer but did not ascend beyond avoidanceresponses. its upper boundary, despite repeated upward trajectories towards There are two widely accepted theories explaining the spatial the gradient layer, indicating no obvious avoidance response. A preferences of potential animals in the presence of a barrier: the hydrodynamic model supported these observations, demonstrating preferencehypothesisandthebuoyancyhypothesis.Thepreference that stratification drag markedly increases thrust dissipation. Thus, hypothesissuggeststhatanimalsmigratewiththeirpreytoareasof centimetre-scale haloclinesimposephysical constraintsthat prevent higher food abundance or actively evade unfavourable conditions T.cystophorafromaccessingsurfacewatersthroughreducedeffective (Pihletal.,1991).Incontrast,thebuoyancyhypothesisstatesthat upwardmomentum,ratherthanthroughbehaviouralchange.Because weakly swimming schyphozoan jellyfish are passively restricted the underlying hydrodynamic principles are general, we propose a to the water layer that matches the buoyancy of their internal stratificationhypothesistoexplainhowsharpdensitygradientsshape osmolality(Suzukietal.,2018). theverticaldistributionofsomeaquaticanimals. Contrary to schyphozoan jellyfish, cubomedusae are active and",,,,,pdfs/j_exp_biol/jeb251708.pdf
10-1242-jeb-251716researcharticle,10.1242/jeb.251716RESEARCHARTICLE,Journal of Experimental Biology,"Acute stress modulates early visual perception and decision-making speed in bees OlgaProcenko*,‡andVivekNityananda‡","internal states such as locomotion (Maimon et al., 2010; Rosneret al., 2010) and arousal (Maimon et al., 2010). However, Affective states influence decision making but can also directly theeffect of stressandrelatedaffectivestates oninsectvisionhas affectearlierstagesofsensoryprocessing.Inhumans,exposureto remainedunderstudied. threateningstimulialterstheperceptionofbasicvisualfeatures,fine- Inmammals,theeffectsofstress-inducedstatesonvisionhavebeen tuning vision to support faster responses in threatening contexts. extensively studied, including in humans and primates. Participants Whethersimilarstressorsinducechangesinearlyvisionininsects exposed to threatening stimuli not only detect threats more quickly andaffectvisuallyguideddecisionmakingremainsunknown.Here, (Bethelletal.,2016;Ruedetal.,2019)butalsodemonstrateenhanced we examined how stress, induced by a simulated predatory attack goal-directed visual search performance, even for threat-unrelated known to elicit a negative affective state, affects bumblebee vision objects(Becker, 2009;Kim etal.,2021). Being in ahigh-vigilance and subsequent decision making. We examined the effect of this state could therefore enhance the visual system’s ability to detect experienceonsensitivitythresholdsfortwofeaturesofspatialvision, relevantenvironmentalinformation(SchwarzandClore,1983;Zadra resolutionandcontrast,aswellasbumblebeechoicedynamicsina and Clore, 2011). Fear can also modulate early visual perception, dual-choicediscriminationtask.Wefoundthatstressmodulatedboth heightenstimulus-drivenattentionand,consequently,facilitatevisual thresholds:itincreasedthecontrastsensitivitythresholdandshifted decisionmaking.Forinstance,thebriefpresentationofafearfulface the spatial frequency threshold toward finer resolution. Stress also facilitates target detection by enhancing contrast sensitivity (Phelps modulatedsubsequentchoicebehaviour,increasingcommitmentand etal.,2006).Fearalsoleadstoincreasedsensitivitytolow-levelspatial acceleratingdecisionswhenearlyperceptualjudgmentswereaccurate. frequencies,anothercrucialcomponentofvisualacuity(Bocanegra, Importantly, these faster choices did not compromise accuracy. 2011;BocanegraandZeelenberg,2009).Similarly,emotionalarousal Collectively,ourresultssuggestthatexperienceofpredationreshapes leads to a shift in peak contrast sensitivity towards lower spatial beevisualsensitivityanddecisionmakingnotonlythroughanincrease frequencies(Leeetal.,2014).Thesechangestoearlyvision,therefore, in reactivity but also via a flexible shift in decision making driven by directlyinfluencevisualsearchandsuggestanadaptiveroleinthreat perceptualconfidence. detection.",,,,,pdfs/j_exp_biol/jeb251716.pdf
10-1242-jeb-251928researcharticle,10.1242/jeb.251928RESEARCHARTICLE,Journal of Experimental Biology,"Extinction, spontaneous recovery and ABA renewal of Pavlovian conditioning in the cricket Gryllus bimaculatus BeatrizÁlvarez1,*,‡,KantaTerao2,3,*,YukihisaMatsumoto4andMakotoMizunami5","Extinctionoccurswhenaconditionedstimulus(CS)thathasbeen previouslypairedwithanunconditionedstimulus(US)isnolonger OnceaPavlovianconditionedresponse(CR)hasbeenacquired,it followedbytheUS.Behaviourally,extinctionissaidtotakeplace can be extinguished by presenting the conditioned stimulus (CS) whenthesubjectstopsrespondingtotheCS,orwhenthemagnitude alone.However,theextinctionoftheCRis,inmanycases,temporary of its response is significantly reduced. The decrease in the andcontextsensitive,havingimportantimplicationsforpsychological conditioned response (CR) to the CS could be understood as an therapy and for the understanding of learning and memory. In this study, we tested extinction and two of its recovery phenomena – instanceoferasureoftheinitialCS–USrelationship,anditcanbeof namely, spontaneous recovery and renewal – in crickets. After greatinterest (andrelief)insituationswheretheresponseinvolved isadisruptiveone(e.g.drug-seekingbehaviour). being exposed to paired presentations of a CS and water reward In the clinical setting, recovering the CR (i.e. relapse) after (unconditioned stimulus), crickets received extinction training in receiving exposure-based therapy, which is based on extinction which only the CS was presented. The unreinforced presentations training, poses a problem for an important number of patients (e.g. oftheCSledtoadecreaseintheirCR(i.e.extinction)thatwasstill ConklinandTifanny,2002;Craskeetal.,2018;Simpsonetal.,2004). observed 1h after extinction training. However, 24h later, the TheCRcanbetriggeredifsubjectsarere-exposedtotheCSsometime responsetotheCSwasfullyrecovered(i.e.spontaneousrecovery afterextinctiontraining(i.e.spontaneousrecovery);iftheyareexposed occurred).Forthestudyofrenewal,acquisitiontrainingtookplacein totheCSoutsidethecontextwhereextinctiontookplace(i.e.renewal); contextA,extinctionwasconductedincontextBandtheresponseto or if they unexpectedly re-experience the US alone and are then the CS was measured in the original context (context A). Such a exposedtotheCS(reinstatement)(Bouton,1993,2004).Therecovery change of the context resulted in the recovery of the CR 1h after oftheCRisnotconsistentwiththeviewthatextinctionresultsinthe extinctiontraining(i.e.ABArenewaloccurred).Incontrast,whenthe erasure of the CS–US association, and it can be explained byother contextwasnotchanged(i.e.acquisition,extinctionandthetesttook theories, usually referred to as interference theories. According to placeinthesamecontext),theCRbecameextinguished.Theresults these, subjects learn two different associations: CS–US during obtained provide the first evidence of ABA renewal in insects and acquisition and CS–no US during extinction (Bouton, 1993, 2004). showthatextinctionincricketsiscontextspecific,inagreementwith As the same CS is paired with two different outcomes, it becomes theoreticalaccountsthatexplainextinctionastheacquisitionofnew ambiguous, and subjects will use the context to disambiguate its inhibitory learning that is more context dependent than its original meaning (McConnell and Miller, 2014). In general, excitatory excitatorylearning. associationsarelessaffectedbychangesincontext.Afterlearninga",,,,,pdfs/j_exp_biol/jeb251928.pdf
10-1242-jeb-252004researcharticle,10.1242/jeb.252004RESEARCHARTICLE,Journal of Experimental Biology,"A balanced omega-6:3 fatty acid diet can shield honey bee cognition from pesticide impairment AriaW.Loduca1,*,SharoniShafir2andJamesC.Nieh1","Honeybeesprovidevitalpollinationservicesforagricultureand natural ecosystems (Aebi et al., 2012). Globally, approximately Among the stressors honey bees are exposed to in agricultural 88%ofplantspeciesdependonpollinatorservicesforreproduction settings, poor diet and pesticide exposure are two of the most (Ollertonetal.,2011),andestimatesofthevaluethatallpollinators prevalentandconcerning.Wetestedwhetherabalancedomega-6:3 contribute to human agriculture are approximately $200 billion, fattyacidpollen-substitutedietcouldincreasetheresilienceofhoney withbroadereconomicimpactsrangingfrom$247to$403billion beestotheharmsofpesticideexposure,focusingonmeasuringbee (Gallai et al., 2009). Thus, it is increasingly concerning that, over survival and olfactory learning. We raised bees on a diet either multipleyears,managedbeepopulationshaveexperiencedannual balanced in omega-6 and omega-3 fatty acids (1:1 ratio) or winter declines of over 30% and require increasingly intensive unbalanced (5:1) for 2 weeks before providing them with either 10nmoll−1thiamethoxam(TMX)in2.0moll−1sucrosesolutionora treatments to support their health (Rhodes, 2018; Requier et al., control (pure 2.0moll−1 sucrose solution). Using a proboscis 2024). It is particularly concerning that, from April 2023 to April 2024, managed colony losses in the USA are estimated at 55% extension response (PER) differential conditioning assay, we (Giacobinoetal.,2024).Althoughmanagedhoneybeepopulations classically conditioned bees to two odors to assess learning and arebeingsustainedthroughincreasinglyintensivemanagement,the memory. Bees fed an unbalanced diet and TMX had significantly rising costs of managing and transporting colonies, together with poorerlearningandsignificantlypoorermemorywhentested1hafter persistentcolonylosses,increasetheeconomicburdenonbeekeepers the final learning trial. However, bees fed a balanced diet were resilient to the effects of TMX. Balanced–TMX bees had higher and have important implications for pollination markets because survivalthanunbalanced–TMXbees,suggestingthatabalanceddiet pollinationfeesareshapedbybeekeepercostsandreturns(DeGrandi- Hoffman et al., 2019). Additionally, intensive management helped bees exposed to TMX. However, the survival data are often results in colonies receiving increasing numbers of chemical complex and maysuggest hormesis, in which a short, low dose of treatments to maintain health, which can be harmful owing to pesticide can increase insect survival. Overall, our results suggest interacting effects among bee medications, mite-control treatments that a diet that is balanced in the omega-6:3 fatty acid ratio can andagrochemicalexposure(Johnsonetal.,2013). increase the resistance of honey bees to a commonly used Several factors contribute to the poor health of managed neonicotinoidpesticide, providinga possiblemethodforenhancing honey bees: diseases, parasites (particularly Varroa mites), poor managedcolonysurvival. managementpractices,agrochemicalsandinferiornutrition(Mayack",,,,,pdfs/j_exp_biol/jeb252004.pdf
10-1242-jeb-252021researcharticle,10.1242/jeb.252021RESEARCHARTICLE,Journal of Experimental Biology,"Colour preference and foraging constancy in the Asian giant honeybee Apis dorsata SudeepR,SachinBhaskarandHemaSomanathan*","Rathore,1994),whichisfacilitatedbyitsdomesticationforapiculture (Somanathan, 2024). Although the visual ecology of the western Tropicalpollinatorsforageinspatiotemporallyvariableenvironments honeybee Apis mellifera is well understood, Asian honeybee requiring flexible strategiesthat remain understudied in the tropics. Floralconstancy–thetemporaryrestrictiontoasingleflowertype– species exhibit substantial variation, highlighting the need to better influencesforagingsuccessandplant–pollinatorinteractions. understand visual behaviour in tropical pollinators (Grüter and Ratnieks, 2011; Somanathan, 2024; Somanathan and Balamurali, We examined colour preferences and constancy in wild colonies 2023). Such species-level differences probably reflect the distinct of the Asian giant honeybee, Apis dorsata, testing how reward ecologicalcontextsinwhichtropicalpollinatorshaveevolved.Tropical concentrationandlearningshapethesebehavioursandwhetherthe habitats are characterised by high richness of plants and pollinators spectralcompositionofthefloralcommunitycorrelateswithbeecolour preferences. Using blue–yellow dimorphic artificial flower arrays, (Ollerton et al., 2006; Somanathan, 2024; Vizentin-Bugoni et al., 2018),greaterfloralphenologicaldiversityandawiderrangeofplant wetestedwhether:(1)rewardqualitymodulatesspontaneouscolour reproductivestrategiescomparedwiththosereportedfromtemperate preference and constancy, with low reward promoting reliance on regions(Morellatoetal.,2013;Newstrometal.,1994).Itistherefore spontaneousbiasesandhighrewardpromotingexploratorychoices; importanttoexaminetheforagingbehaviouroftropicalbeesintheir (2) recent experience modifies these biases; and (3) the floral native habitats. Our study species, the Asian giant honeybee Apis community colour composition corresponds with bee preferences. Beestrained to a neutral UV–greystimulus were expected to revert dorsata, is a facultatively nocturnal forager with anatomical adaptations for dim-light conditions, including nocturnal colour to their spontaneously preferred colour. Bees showed strong vision (Somanathan et al., 2009; Vijayan et al., 2023). This makes preference for and high constancy to blue. This short-wavelength A. dorsata a particularly interesting species for understanding the bias was strongest under low reward and weakened at high reward sensorymechanismsunderlyingforagingbehaviour. concentrations,demonstratingreward-dependentshiftsinbehaviour. Foraging pollinators encounter a wide variety of flowers while We propose reward concentration modulates arousal, with low searching for resources, yet many display temporary fidelity to a reward favouring spontaneous preferences and high reward single flower species during aforaging bout while avoiding other promotingexploratorysampling.Beesreadilylearnedtopreferyellow co-occurringflowers(Amaya-Márquez,2009;Chittkaetal.,1999; withtrainingandsequentialexposuretobothcolourseliminatedoverall Grant, 1950; Grüter and Ratnieks, 2011; Waser, 1986). This preference, indicating that recent experience disrupts constancy. behaviour, known as floral constancy, has been documented in The community was dominated by short-wavelength flowers, diversepollinatorgroups,includingbees(Grant,1950;Shrotrietal., consistent with possible pollinator-mediated selection linked to the 2024preprint;Slaaetal.,1998;Somanathanetal.,2019;Thomson, bluepreferenceinA.dorsata.Overall,colourpreferencesinA.dorsata 1981;Waser,1986;WellsandRathore,1994),birds(Schmidetal., areflexible,shapedbyrewardqualityandrecentexperience,withkey consequencesforfloralconstancyandplant–pollinatorinteractions. 2016), butterflies (Goulson and Cory, 1993; Lewis, 1986; Weiss, 2001) and flies (Goulson and Wright, 1998; Weiss, 2001). Floral",,,,,pdfs/j_exp_biol/jeb252021.pdf
10-1242-jeb-252116researcharticle,10.1242/jeb.252116RESEARCHARTICLE,Journal of Experimental Biology,"Adults of the marine annelid Platynereis dumerilii chemically stunt the growth of juveniles VictoriaC.Moris1,2,*,‡,PaulaSchirrmacher1,*,SophiePotter1,MarthaTickle1,RyanSquire1and Jö rgD.Hardege1,‡","Tibbettsetal.,2022).However,directeffectsofdominantindividuals onthephysiologyandgrowthofsubdominantsarepoorlyunderstood. Within species, individuals of the same age can differ in size. Populationdensityisknowntoaffectmetabolicrates(DeLongetal., Previously,parentalgenetics,nutrition,spaceandsocialinteractions 2014). Furthermore, it has recently been suggested that conspecific have been suggested to explain different growth rates. However, chemical cues, not food competition, could drive metabolic direct effects of larger individuals on the physiology and growth suppressioninbryozoans(Lovassetal.,2020). of smaller individuals are poorly understood. In this study, we TheragwormPlatynereisdumerilii (Nereididae),isapromising investigated how larger individuals of the marineworm Platynereis group to investigate hierarchy systems and impact of dominant dumeriliicanimpactthegrowthofsmallerconspecifics.Comparing individualsonthegrowthofsubdominants.Populationscomprising growth distributions in communally and individually reared worms, individuals of widely different sizes have been observed in we show that larger worms suppress the growth of smaller ones. laboratory cultures of P. dumerilii (Kuehn et al., 2019; Kuehn Furthermore, we were able to demonstrate that this suppression etal.,2022).P.dumeriliiasamodelspecies,hasbeenthefocusofa is chemically mediated. The chemical cue does not originate from growing scientific community (Özpolat et al., 2021), particularly faecesbutiswatersoluble,stableforseveraldaysandsmallerthan studying neurobiological and evolutionary research (Jékely et al., 3kDa. Our findings highlight the importance of non-reproduction- 2008; Williams and Jékely, 2019), as well as for ecology and relatedchemicalsignalling,showingevidencethatdominantindividuals toxicology (Hardege, 1999; Hutchinson et al., 1995). In thewild, can chemicallysuppressthegrowth oftheirconspecifics. Thisstudy P. dumerilii playafundamental role in marine and estuarine food provides new insights into how hierarchy can be established and webs (Lawrence and Soame, 2009). In the wild as well as the maintainedinapopulationandisparticularlyrelevantforthegrowing laboratory,immatureP.dumeriliidwellinmucoustubes,interacting communitystudyingthismodelspecies. with conspecifics to forage (Özpolat et al., 2021). Its segmented",,,,,pdfs/j_exp_biol/jeb252116.pdf
10-1242-jeb-252279researcharticle,10.1242/jeb.252279RESEARCHARTICLE,Journal of Experimental Biology,"Respiratory structures shape heat and desiccation tolerance in terrestrial isopods CamilleMorgaint1,*,SylvainPincebourde2,CamilleRault1,PierreGrev̀ e1andIsabelleMarcadé1","2021) intensifies thermal and desiccation stresses. Determining the extenttowhichorganismscanendurethenovelstressfultemperature Thetransitionfromaquatictoterrestriallifeexposedorganismstonovel anddesiccationregimesisthereforeessentialtoevaluatetheirability thermalandhydricchallenges.Interrestrialisopods,thesepressures tomaintainperformanceunderchangingclimates. drove key adaptations in their aerial respiratory system, including In ectotherms, temperature is a primary constraint on terrestrial the evolution of pseudotracheae (0, 2 or 5 pairs depending on life,settingthelimitsofindividualperformanceandtherebyshaping species).However,thefunctionalconsequencesoftheserespiratory ecological outcomes, distribution and species competitiveness adaptations for heat and desiccation tolerance remain unclear. We (Deutsch et al., 2008; Huey and Kingsolver, 1989). Thermal limits quantifiedthesetolerancesinfivespeciesdifferinginpseudotracheae ofindividualsareinfluencedbymultiplefactors,includingphysiology, numbertotestwhetherahighernumberconfershigherphysiological age,behaviorandevensymbioticassociations(Fergusonetal.,2024; limits. Heat tolerance was assessed using the thermal death time Pottier et al., 2021). Recent studies have highlighted the strong framework,anddesiccationtolerancewastestedat34°Cunderthree connection between thermal tolerance and respiratory capacity in relativehumiditylevels.Specieswithpseudotracheaeshowedhigher aquatic ectotherms (Verberk et al., 2016). In the water, oxygen tolerance to both heat and desiccation, supporting their role in availabilitydecreaseswithincreasingtemperaturewhilemetabolicrate terrestrial adaptation. Yet, at low humidity, the 5-pair species was rises, limiting aerobic performance such that different respiratory moresensitivethanthe2-pairspecies,suggestingthatothermorpho- systemsleadtocontrastingresponsestoheatstressinaquaticinsects behavioraltraitssuchasvolvationalsoshapedesiccationtolerance. (Verberk and Bilton, 2013). For instance, species capable of active Our study highlights the functional role of pseudotracheae in the ventilation (e.g. beating gills) constantly renew oxygen-rich water, transitionbetweenaquaticandterrestrialenvironmentsbyimproving limiting hypoxia under heat stress and resulting in higher thermal physiologicallimits. tolerance compared with those relying on passive diffusion (e.g.",,,,,pdfs/j_exp_biol/jeb252279.pdf
10-1242-jeb-252460researcharticle,10.1242/jeb.252460RESEARCHARTICLE,Journal of Experimental Biology,Early photoperiodic cues modulate capacity for adult cold tolerance in the yellow fever mosquito Aedes aegypti,"Kraemeretal.,2019).Collectively,thesediseasescauseclosetoone million deaths annually and place substantial pressure on global ClimatechangeisdrivingtherapidrangeexpansionofAedesaegypti health systems, disproportionately impacting low-income countries into temperate regions, presenting novel seasonal cues that can (World Health Organization, 2020). Aedes aegypti is a tropical affect seasonal plasticity. Seasonal plasticity in Ae. aegypti is well species,withhistoricaloriginsintheSouthwestIndianOceanregion studied in eggs but remains understudied in adults. Here, we (Soghigianetal.,2020)andwasconsideredtobelimitedtotropical investigatedtheeffectsofphotoperiodandtemperatureonthermal andsubtropicalregions(Krameretal.,2020).However,thisspeciesis plasticity, measured by the ability to cold acclimate, and other currentlyundergoingrapidrangeexpansion,largelydrivenbyclimate dormancy-relatedtraitsinfemaleAe.aegyptiadults.Coldacclimation change and urbanization, and has now established populations on wasdoneunderashort-day(SD)andlong-day(LD)photoperiod.LD every continent except Antarctica (Kraemer et al., 2019; Giordano photoperiodwasintroducedatthreelifestages:parentalgeneration, etal.,2020;Rubioetal.,2020;Johnstonetal.,2025;Lozanoetal., egg state and adult acclimation, to determine if timing of LD 2025). As Ae. aegypti spreads more into poleward, temperate photoperiodintroductionaffectedthermalplasticity.LDphotoperiod climates,thisspecieshasandwillencountercoolerconditionsthan hadasignificantinfluenceonbothcoldtolerancemetricsassessed, those experienced in its native habitats which imposes new chill coma onset temperature and survival after a cold stress. physiologicalchallenges.",,,,,pdfs/j_exp_biol/jeb252460.pdf
10-1016-j-jip-2026-108546,10.1016/j.jip.2026.108546,Journal of Invertebrate Pathology,,,,,,,pdfs/j_inv_parisit/1-s2.0-S0022201126000170-main.pdf
10-1016-j-jip-2026-108548,10.1016/j.jip.2026.108548,Journal of Invertebrate Pathology,,,,,,,pdfs/j_inv_parisit/1-s2.0-S0022201126000194-main.pdf
10-1016-j-jip-2026-108549,10.1016/j.jip.2026.108549,Journal of Invertebrate Pathology,,,,,,,pdfs/j_inv_parisit/1-s2.0-S0022201126000200-main.pdf
10-1016-j-jip-2026-108553,10.1016/j.jip.2026.108553,Journal of Invertebrate Pathology,,,,,,,pdfs/j_inv_parisit/1-s2.0-S0022201126000248-main.pdf
10-1016-j-jip-2026-108560,10.1016/j.jip.2026.108560,Journal of Invertebrate Pathology,,,,,,,pdfs/j_inv_parisit/1-s2.0-S0022201126000315-main.pdf
10-1016-j-jip-2026-108575,10.1016/j.jip.2026.108575,Journal of Invertebrate Pathology,,,,,,,pdfs/j_inv_parisit/1-s2.0-S0022201126000480-main.pdf
10-1016-j-jip-2026-108608,10.1016/j.jip.2026.108608,Journal of Invertebrate Pathology,,,,,,,pdfs/j_inv_parisit/1-s2.0-S0022201126000820-main.pdf
10-1016-j-jip-2026-108611,10.1016/j.jip.2026.108611,Journal of Invertebrate Pathology,,,,,,,pdfs/j_inv_parisit/1-s2.0-S0022201126000856-main.pdf
10-1016-j-jip-2026-108621,10.1016/j.jip.2026.108621,Journal of Invertebrate Pathology,,,,,,,pdfs/j_inv_parisit/1-s2.0-S0022201126000959-main.pdf
10-1016-j-jip-2026-108680,10.1016/j.jip.2026.108680,Journal of Invertebrate Pathology,,,,,,,pdfs/j_inv_parisit/1-s2.0-S0022201126001564-main.pdf
10-1163-23524588-bja10301,10.1163/23524588-bja10301,Journal of Insects as Food and Feed,"Durationof immuneprimingand changesinimmuneparametersfollowing primaryand secondaryimmunechallengesinTenebriomolitor C.Jehan ,C.Sabarly,T.Rigaud andY.Moret* LaboratoireBioGéoSciences,UMRCNRS6282,ÉquipeÉcologieÉvolutive,UniversitéBourgogneEurope,6 boulevardGabriel,21000Dijon,France;*[email removed]","Theyellowmealworm(Tenebriomolitor)isakeyspeciesinindustrialinsectfarmingduetoitshighnutritionalvalue, lowenvironmentalfootprint,andefficientfeedconversion.However,intensivehigh-densityrearingincreasesthe risk of pathogen transmission, highlighting the need for sustainable disease management strategies. Enhancing natural immune defences, such as immune priming, may reduce reliance on antibiotics, but the duration, reactivationpotential,andphysiologicalcostsofsuchresponsesremainpoorlyunderstood.Thisstudyinvestigated long-termimmunepriminginT.molitor femalesbyassessingimmuneparameters20and50daysafteraprimary challenge with heat-killed Bacillus cereus, with or without a secondary challenge. We measured changes in haemocytecomposition,prophenoloxidase(proPO)systemactivity,andantibacterialactivityinthehaemolymph, whilealsoevaluatingfemalefecunditytoassesspotentialtrade-offs.Ourresultsshowthatimmunepriminginduced long-lasting changes in immune function, notably enhanced plasmatocyte counts and PO activity, but only in females that received a secondary challenge 50 days after priming. This suggests a memory-like recall response. Antibacterialactivitywassustainedforatleast50dayspost-priming,independentofsecondarychallenge,reflecting durable inducible humoral immunity. However, this heightened immune activity was negatively correlated with fecundity,indicatingatrade-offbetweenimmuneinvestmentandreproductiveoutput. These findings demonstrate thatT.molitor can mount robust, and long-lasting immune responses after bacterial challenges, but at a reproductive cost.While immune priming holds promise for improving disease resistance in mealwormfarming,itsapplicationmustconsiderimpactsonproductivity.",,,,,pdfs/jiff/Jehan et al. - 2025 - Duration of immune priming and changes in immune parameters following primary and secondary immune c.pdf
10-1163-23524588-bja10350,10.1163/23524588-bja10350,Journal of Insects as Food and Feed,"Purplecorncob asa sustainablefeedingredientforTenebriomolitor: effects ongrowth, nutritionalcomposition,bioactivityandproteindigestibility","Tenebriomolitor isasustainableproteinsourceforhumanconsumption,withvaluablenutritionalpropertiesand theabilitytoberearedonagro-industrialbyproducts.Purplecorn,nativetoLatinAmerica,isrichinantioxidant compounds,anditscobisaregionallyabundantbyproductwithpotentialfeedapplications.Thisstudyevaluated theuseofpurplecorncobinT.molitordiets.Threeformulationsweretested:acontroldiet(TC)with100%wheat bran(13gprotein/100g);T50with50%purplecorncoband50%wheatbran(7.7gprotein/100g);andT80with 80% purple corn cob and 20% wheat bran (4.4 g protein/100 g). After 40 days, the obtained larval fresh weight (N = 200,n = 2)was0.12gforTC,0.10gforT50and0.06gforT80.Proteincontentinlarvaeshowednosignificant differences(p > 0.05),withvaluesof 47.5,50.6,and52.5g/100gforTC,T50,andT80,respectively.However,fat contentdecreasedsignificantly(p < 0.05)withhigherpurplecorninclusion(37.4,30.0and21.3g/100g),whileash contentincreased.LarvaefedT80showedsignificantlyhigheriron,copper,antioxidantcapacity(ABTSandORAC), andinhibitionofα-glucosidaseandlipase(p < 0.05).Invitroproteindigestibilitydidnotdiffersignificantlyacross treatments.PurplecorncobprovedtobeapromisingsustainablefeedingredientforT.molitorrearing,promoting thevalorisationofaregionallyabundantagro-industrialby-product.",,,,,"pdfs/jiff/Quirós et al. - 2025 - Purple corn cob as a sustainable feed ingredient for Tenebrio molitor effects on growth, nutritiona.pdf"
10-1163-23524588-bja10335,10.1163/23524588-bja10335,Journal of Insects as Food and Feed,Developmentof high-efficiencyand eco-friendlytrappingtechnologyfor Chlaeniusbioculatus in DanBeanbreedingareas,"DanBean,thelarvaof ClanisbilineataWalker(Lepidoptera:Sphingidae),isnotonlyanagriculturalpest,butalso an important economic insect in China. However, predation by two-spotted ground beetle Chlaenius bioculatus (Coleoptera:Carabidae)inbreedingareassubstantiallyreducestheeggproductionofDanBean.Theuseofchemical insecticides and soil-buried traps results in the mortality of DanBean and its pupae, respectively. Therefore, we aimed to identify highly efficient attractants and to design a novel, non-buried trap for the eco-friendly control of C.bioculatus.Fiveattractantswithvaryingcompositionswereevaluatedtodeterminethemosteffectiveblend- attractants. The traditional trap (Barber pot) was used as a control. Attractant No. 5 (brown sugar: liquor: white vinegar:starch=1:1:1:1)demonstratedthehighestattractionabilityforC.bioculatus.Anoveltrap,referredtoasthe “conical-shapetrap”,wasdevelopedwithafunnel-shapeddesignusing3Dprintingtechnologyandfeaturedamesh barrier to reduce entry resistance for C. bioculatus. The trapping efficiency of the novel trap was lower than the traditionaltrap,however,theattractant(No.5)andconical-shapetrapsaresuitableforfieldapplicationinbreeding areas of DanBean. In conclusion, we offer an effective and environmentally sustainable method for controlling C.bioculatusandsupportingDanBeanproduction.",,,,,pdfs/jiff/Wang et al. - 2025 - Development of high-efficiency and eco-friendly trapping technology for Chlaenius bioculatus in DanB.pdf
10-1163-23524588-bja10330,10.1163/23524588-bja10330,Journal of Insects as Food and Feed,"Impactof deoxynivalenolonfattyacid andaminoacid profiles of black soldierflylarvae(Hermetiaillucens) Z.Xiao,G.Mei,H.LiuandS.Shao* GuelphResearchandDevelopmentCentre,AgricultureandAgri-FoodCanada,Guelph,Ontario,Canada; *[email removed]","Deoxynivalenol(DON),aprevalentmycotoxiningrainbasedanimalfeed,posessignificantriskstofoodsafetyand livestock health. It has been demonstrated to inhibit protein synthesis and interfere with lipid biosynthesis and metabolism.Blacksoldierflylarvae(BSFL,Hermetiaillucens)haveemergedasapromisingsolutionforconverting organicwaste,includingcontaminatedfeed,intohighvalueproteinandlipidrichbiomass.Thisstudyinvestigates theeffectsof DON(0,10,20,and40ppm)onthegrowthperformance,fattyacidprofileandaminoacidprofiles of BSFLrearedoncornmealbaseddiets.Overan8daygrowthperiodontheexperimentaldiet,DONat10and20 ppmdidnothaveasignificantimpactonthegrowth,lipid,orproteincontentofBSFL.DONat40ppmsignificantly reduced larval biomass, lipid yield, and crude protein content. While total amino acid profiles remained stable acrosstreatments,changesinfattyacidprofilewereobserved,withsaturatedfattyacidsdecreasingandunsaturated fatty acids increasing in the 40 ppm group. Importantly, no DON was detected in the larvae, and substantial reductionsinDONconcentrationswereobservedinthespentfeed,indicatingBSFL’spotentialfordetoxificationor biotransformationofDON.ThesefindingssupportthepossibilityofusingBSFLtorecyclemycotoxincontaminated substratesintosafe,highqualityanimalfeed,thoughfurtherresearchisneededtoelucidatethemetabolicfateof DON.",,,,,pdfs/jiff/jiff-article-p1181_4.pdf
10-1163-23524588-bja10334,10.1163/23524588-bja10334,Journal of Insects as Food and Feed,Colourimetriccharacterizationof naturally-colouredcocoonsin a silkworm germplasmcollection,"CocooncolourinBombyxmori L.isageneticallydeterminedtraitinfluencedbyenvironmentalfactors,reflecting the natural pigments embedded in silk proteins, which may have potential applications in the feed and food industry.Wequantifiedcocooncolouracross65naturallycolouredstrainsbelongingtothesilkwormgermplasm collectionof CREA,whichwererearedoverthreeseasons,andassessedpracticalsystemsforcolourclassification. Colours were measured in CIELAB (D65/10°; SCI/SCE recorded simultaneously), and colour-difference models werebenchmarkedagainsthumanperceptionviaanobserver-basedgroupingtaskanalysedwithnon-metricMDS. CIEDE2000 model best matched perceptual distances. Two perceptibility thresholds were derived: ΔE = 3.65 50 (noticeableto50%ofobservers)andΔE = 7.2(universallynoticeable).Intra-strainvariabilitygenerallyremained 100 below ΔE , whereas interannual variability exceeded it in roughly one-third of strains. At the strain level, 100 chromatic change in the a⁎b⁎ plane was predominantly linear, with either radial (chroma-driven) or non-radial (hue-shifting)behaviour.Atthecollectionlevel,coloursformeddiscreteclusters;usingΔE⁎-constrainedclustering yielded7clusters.Amongnomenclaturesystems,RHS(RoyalHorticulturalSocietycolourchart)offeredthehighest resolutionbutrequiredmanycodesperstrain;UCL(UniversalColourLanguage,basedonRHS)providedbroader but more consistent categories covering the observed gamut with approx. 3 codes per strain. We recommend a standardised, ΔE⁎-anchored, cluster-based scheme for sericulture applications; when external references are preferred,acompactUCL-RHScombinationreliablycharacterisesstraincolourwhileremainingpractical.",,,,,pdfs/jiff/jiff-article-p1291_11.pdf
10-1163-23524588-bja10347,10.1163/23524588-bja10347,Journal of Insects as Food and Feed,Influenceof the wastesubstrateandextractionmethodonthe lipidprofile of black soldierfly(Hermetiaillucens),"Hermetia illucens commonly known as black soldier fly (BSF), is a rich source of protein, lipids, vitamins, and minerals, fulfilling the nutritional needs of both humans and animals. The larvae (BSFL) are recognised for convertingfoodwasteintovaluableorganicfractionsandisrichinseveralnutrients,therebysupportingacircular economyandaddressingasignificantglobalchallenge such asorganicwastemanagement.Theaimof thiswork wastoevaluatetheabilityof attenuatedtotalreflectance(ATR)midinfrared(MIR)spectroscopycombinedwith chemometrics to classify lipids extracted from BSFL fed with three different waste streams (supermarket, food wastemixandchildcarecentrewaste).Theresultsofthisstudyindicatedthatmostfattyacid(FA)levels,exceptfor palmiticandstearicacids,varyacrossthedifferentdietarygroups,supportingthatdietsignificantlyinfluencesfatty acid levels and the distribution of saturated (SFA) and unsaturated (UFA) in BSFL.The results also demonstrate thepotentialofATR-MIRspectroscopycombinedwithprincipalcomponentanalysis(PCA)andSoftIndependent Modellingof ClassAnalogy(SIMCA)todifferentiateandclassifyH.illucenslarvaelipidsrearedonvariousorganic sidestreams.ThismethodoffersapromisingalternativefortheindustrytolinkBSFLtotheirdiet,basedontheir lipidprofile,enablingrapidandaccurateanalysiswithminimalsampleamountandnoneedforpretreatment.",,,,,pdfs/jiff/jiff-article-p1343_3.pdf
10-1163-23524588-bja10342,10.1163/23524588-bja10342,Journal of Insects as Food and Feed,"Influenceof dieton initialmatingbehaviour inthe black soldierfly (Hermetiaillucens) YvonneKortsmit ,MargaritaSklavounou,MarcelDicke* andJoopJ.A.vanLoon LaboratoryofEntomology,WageningenUniversityandResearch,Droevendaalsesteeg1,6708PB Wageningen,TheNetherlands;*[email removed]","Theblacksoldierfly(BSF;Hermetiaillucens)iswidelyusedasawasteconverterandnovelproteinsourceinfeed. Its larvae can convert a wide range of organic feed substrates that vary in nutritional quality, into biomass. Our aimwastoinvestigatewhetherlarvaland/oradultdietimpactBSFbodyweight,pupaldurationandreproductive behaviour.Wefocussedoncomparinglow-andhigh-nutrientlarvaldietsaswellasthepresenceorabsenceoffood intheadultstage.Experimentalcageswerespecificallydesignedtoaccommodatelekkingbehaviour.Topromote BSFreproductivebehaviour,UV,greenandblueLEDlightswereprovided,inadditiontofluorescentstriplights.We quantified the time to first mating attempt and first mating, the number of mating attempts and mating events, mating success and the influence of wing fanning on mating success by analysing one-hour video recordings. Courtshipduration,copulationdurationandmale–maleinteractionswerequantified.Ourresultsshowthatboth male and female flies reared on a high-nutrient larval diet had a greater body weight and longer pupation time. AmongBSFrearedonthelow-nutrientdiet,longerdurationofpupationwasassociatedwithincreasedadultbody weight.Matingbehaviour,especiallycopulationtime,wasinfluencedbybothlarval-dietnutrientcontentandthe availability of food during the adult stage. Flies reared on a low-nutrient larval diet exhibited longer copulation duration than those on a high-nutrient diet. Availability of food in the adult stage had the most pronounced influenceonmatingbehaviour:theabsenceoffoodresultedinearlierandmorefrequentmatingattempts,ashorter wing-fanningdurationandalongercopulationtime.Theseresultshighlighttheimportanceofdietforbodyweight, pupal duration and reproductive behaviour. Understanding these effects is relevant for optimising mass-rearing conditionsandimprovingBSFwelfareincommercialproductionsystems.",,,,,pdfs/jiff/jiff-article-p1355_4.pdf
10-1163-23524588-bja10354,10.1163/23524588-bja10354,Journal of Insects as Food and Feed,Nutritionalcompositionof threeAotearoaNew Zealandcaterpillarspecies: Impactof dietand lifestageon aminoacid andminerals,"Entomophagyhasbeenpractisedforcenturiesandisrootedinmanycultures,includingamongMāoriinAotearoa New Zealand. However, limited nutritional data exists on native edible insect species.This study investigates the aminoacidandmineralcompositionof threeendemiccaterpillarspecies:Cleorascriptaria,Epalxiphoraaxenana, andCtenopseustisobliquana.Caterpillarswererearedonnativekawakawa(Macropiperexcelsum).Ct.obliquanawas alsorearedonmānuka(Leptospermumscoparium) andalaboratorydiettoexamine theeffects of insectspecies, diet,andlifecyclestage.Aminoacidanalysisusinghigh-performance-liquid-chromatography(HPLC)showedthat C. scriptaria and E. axenana had high essential amino acid content, exceeding FAO/WHO recommendations for quality protein. Amino acid composition did not differ significantly between the life stages late larvae and early pupaewithinthesame diet,butdifferences wereobserved acrossdiets.Theseresults suggestthatinthisstudya changeindiet,ratherthanwithintwolifestages,isakeyfactorinfluencingaminoacidprofiles.Mineralanalysis usinginductivelycoupledplasmamass-spectrometry(ICP-MS)showedthatCt.obliquanarearedonnativeplants had elevated levels of K, P, and Zn, compared to the laboratory diet, while E. axenana was a good source of Fe. However, Na levels were higher in plant-fed caterpillars. Trace heavy metals were detected within safe limits withinCt.obliquana.Thesefindingsdemonstratethenutritionalpotentialofnativecaterpillarsassustainablefood sources but highlight the importance of diet formulation to optimise nutritional value.This study contributes to therevitalisationoftraditionalMāorifoodpracticesandthedevelopmentofedibleinsectfarminginAotearoaNew Zealand,withpotentialfordomesticconsumptionandexportmarkets.",,,,,pdfs/jiff/jiff-article-p1617_10.pdf
10-1163-23524588-bja10312,10.1163/23524588-bja10312,Journal of Insects as Food and Feed,A chemicallydefinedovipositionattractantand repellentof black soldier flies(Hermetiaillucens),"Black soldier flies (BSF), Hermetia illucens, are industrially important species. They can consume large amounts of spoilt organic material as larvae and bio-convert it to more useful biomass. Female BSF lay eggs in crevices adjacent to spoilt organic materials that serve as an oviposition attractant. In an industrial setting, the efficient oviposition attractants are crucial for centralised egg deposition and maximization of the number of larvae that canbeusedforbiomassconversion.However,thecompositionandoriginof ovipositioncuesremainundefined, and no synthetic oviposition attractants are currently available. This work aimed to identify key components of naturally occurring oviposition attractants and to formulate an effective synthetic alternative for BSF. We have developedanovelovipositionassayandfoundlarvalfood-andfrass-basedattractantstobethemosteffectiveat centralizing egg laying.We have identified the volatile compounds in the headspaces of putative attractants and establishedthattheantennaeofthefemalefliesrespondtosomeofthesecompounds.Behaviouralvalidationusing synthetic compounds allowed us to generate a mixture of 5 compounds (p-cresol, decanal, sulcatone, pentanoic acid,acetophenone)thatcuesovipositionasefficientlyascurrently usednaturalovipositionattractants.Wealso identifiedasyntheticmixturethatdetersovipositioninBSF.Thesyntheticattractantandrepellentwegenerated arelikelytosimplifyBSFrearinginresearchandindustrialsettings.",,,,,pdfs/jiff/jiff-article-p849_6.pdf
10-1163-23524588-bja10326,10.1163/23524588-bja10326,Journal of Insects as Food and Feed,"Effectsof differentrearingsubstrateonnutritional,functional,and antioxidantpropertiesof black soldierflylarvaedefattedpowder","Black soldier fly larvae (BSFL) can convert organic waste into a valuable protein source for animal feed. This researchinvestigatedtheeffectsof differentrearingsubstrate(commercialfeed(CF),breadcrumbs(BC),kitchen waste(KW))onthenutritional,functional,andantioxidantpropertiesof blacksoldierflylarvaedefattedpowder (BSFLDP).TheresultsshowedthatlarvaefromtheBCgrouphadthelowestbodyweight,bodylength,larvalyield, substrate reduction rate and biological conversion efficiency. In terms of nutritional and functional indicators, larvae from the BC group had the lowest crude protein and ash content, but the highest crude fat content. KW group had the lowest content of alkaline-soluble proteins and water-soluble proteins. Meanwhile, the BC group hadthehighestwaterholdingcapacitywhiletheKWgrouphadthehighestfoamingstability.Furthermore,theBC groupexhibitedthestrongestantioxidantactivityforscavengingABTS,DPPH,andhydroxylradicals.Insummary, atrade-off wasobserved:theKWgroupperformedbestintermsoflarvalproductionperformanceandnutritional enrichmentwhiletheBCgrouphadasignificantadvantageinantioxidantproperties.",,,,,pdfs/jiff/jiff-article-p985_3.pdf
10-1371-journal-pbio-3003467,10.1371/journal.pbio.3003467,PLOS Biology,"selection balance acting alone), we propose the question remained unanswered, Citation: Marion SB, Focht K, Hamid I, Iversen ES, John H, Manzano-Winkler B, et al. especially given that the genetic basis of most naturally occurring lethal effects is (2026) Transposable elements contribute still unknown. Given current genome-wide point mutation rate estimates, mutation- substantially to naturally occurring genetic lethality in Drosophila melanogaster. PLoS selection balance alone cannot explain some of this lethal variation in nature. How- Biol 24(3): e3003467. https://doi.org/10.1371/ ever, evolutionary biologists have historically studied genetic variation through a lens journal.pbio.3003467 of single-nucleotide variants, when in fact the spectrum of mutational changes is far","Recessive lethal mutations are widespread across studied species, with estimates suggesting that each individual carries at least one. Numerous lethal alleles persist in wild populations at higher frequencies than expected given their extreme deleterious nature. Though these findings spurred historical debate whether classical balancing OPEN ACCESS selection maintains some lethal alleles at elevated frequencies (versus mutation- selection balance acting alone), we propose the question remained unanswered, Citation: Marion SB, Focht K, Hamid I, Iversen ES, John H, Manzano-Winkler B, et al. especially given that the genetic basis of most naturally occurring lethal effects is (2026) Transposable elements contribute still unknown. Given current genome-wide point mutation rate estimates, mutation- substantially to naturally occurring genetic lethality in Drosophila melanogaster. PLoS selection balance alone cannot explain some of this lethal variation in nature. How- Biol 24(3): e3003467. https://doi.org/10.1371/ ever, evolutionary biologists have historically studied genetic variation through a lens journal.pbio.3003467 of single-nucleotide variants, when in fact the spectrum of mutational changes is far Academic Editor: Mark L Siegal, New York broader than point mutations alone, including indels, structural variants, short tandem University, UNITED STATES OF AMERICA repeats, and transposable element insertions. We uncover the genetic basis of lethal- Received: September 30, 2025 ity in nature and provide insight on the possible evolutionary forces allowing some to Accepted: February 4, 2026 persist at higher frequencies. By locating hundreds of recessive lethal mutations in Published: March 10, 2026 Drosophila melanogaster via complementation testing, fine-mapping, and sequencing Peer Review History: PLOS recognizes the a subset, we determine candidate lethal mutations in specific genes. We discover benefits of transparency in the peer review that many lethal disrupti",,,,,pdfs/plos_biol/journal.pbio.3003467.pdf
10-1371-journal-flight,10.1371/journal.flight,PLOS Biology,"Citation: Le Roy C, Bharathi I, Engels T, high-speed stereoscopic videography with computational fluid dynamics (CFD) to Muijres FT (2026) Dipteran flight diversity is characterize wingbeat kinematics and aerodynamic performance, respectively. Our shaped by aerodynamic constraints, scaling, results reveal that morphology is strongly structured by phylogeny, whereas wingbeat and evolutionary trade-offs. PLoS Biol 24(7): e3003473. https://doi.org/10.1371/journal. kinematics are broadly conserved across Diptera, reflecting dominant aerodynamic pbio.3003473 constraints. Two early-diverged lineages, Culicomorpha (mosquitoes and midges) Academic Editor: Abderrahman Khila, Centre and Tipulomorpha (crane flies), exhibit strikingly divergent kinematics and aerody-","Flight has been a key innovation in insect evolution, yet the selective and mech- anistic pressures shaping their flight motor systems remain poorly understood. Here, we present a comprehensive comparative analysis of flight in Diptera (true flies), integrating morphology, wingbeat kinematics, and aerodynamics within a phylogenetic framework. We quantified morphology in 133 species spanning the OPEN ACCESS Dipteran phylogenetic and size range, and for a subset of 46 species, we combined Citation: Le Roy C, Bharathi I, Engels T, high-speed stereoscopic videography with computational fluid dynamics (CFD) to Muijres FT (2026) Dipteran flight diversity is characterize wingbeat kinematics and aerodynamic performance, respectively. Our shaped by aerodynamic constraints, scaling, results reveal that morphology is strongly structured by phylogeny, whereas wingbeat and evolutionary trade-offs. PLoS Biol 24(7): e3003473. https://doi.org/10.1371/journal. kinematics are broadly conserved across Diptera, reflecting dominant aerodynamic pbio.3003473 constraints. Two early-diverged lineages, Culicomorpha (mosquitoes and midges) Academic Editor: Abderrahman Khila, Centre and Tipulomorpha (crane flies), exhibit strikingly divergent kinematics and aerody- National de la Recherche Scientifique, FRANCE namics, suggesting lineage-specific selective pressures. Combining these data with Received: October 1, 2025 scaling analyses shows that maintaining in-flight weight support across the dipteran Accepted: May 26, 2026 size range requires systematic allometric adjustments in wing morphology, wing- Published: July 9, 2026 beat kinematics, and flight musculature. Smaller dipterans achieve weight support Peer Review History: PLOS recognizes the through relatively larger wings and higher wingbeat frequencies, whereas larger benefits of transparency in the peer review dipterans achieve the same aerodynamic requirement through increased investment process; therefore, we enable the publication i",,,,,pdfs/plos_biol/journal.pbio.3003473.pdf
10-1371-journal-pbio-3003571to,10.1371/journal.pbio.3003571to,PLOS Biology,"A through-gut is one of the major features of bilaterians. Comparative work among Citation: Vianello SD, Lin C-Y, Pinem WC, Li bilaterians has identified common molecular mechanisms during early gut pattern- H-R, Li K-L, Sonia G, et al. (2026) Comparative transcriptomics reveal the common ing, but the primordial gut later often undergoes different degrees of reorganization anteroposterior molecular blueprint of adult in each lineage to form a fully differentiated adult gut with specializations along its bilaterian guts. PLoS Biol 24(1): e3003571. anteroposterior (AP) axis. Yet, how the conserved embryonic gut AP pattern relates https://doi.org/10.1371/journal.pbio.3003571","OPEN ACCESS A through-gut is one of the major features of bilaterians. Comparative work among Citation: Vianello SD, Lin C-Y, Pinem WC, Li bilaterians has identified common molecular mechanisms during early gut pattern- H-R, Li K-L, Sonia G, et al. (2026) Comparative transcriptomics reveal the common ing, but the primordial gut later often undergoes different degrees of reorganization anteroposterior molecular blueprint of adult in each lineage to form a fully differentiated adult gut with specializations along its bilaterian guts. PLoS Biol 24(1): e3003571. anteroposterior (AP) axis. Yet, how the conserved embryonic gut AP pattern relates https://doi.org/10.1371/journal.pbio.3003571 to the adult guts in diverse bilaterians after metamorphosis is still poorly understood. Academic Editor: Andreas Hejnol, Friedrich Schiller University Jena Faculty of Biological To unravel the molecular subdivisions of adult guts, we investigated the gut through Sciences: Friedrich-Schiller-Universitat Jena transcriptomic analyses of five phylogenetically informative species: an annelid, a sea Fakultat fur Biowissenschaften, GERMANY urchin, a hemichordate, a cephalochordate, and a vertebrate. We identified bipartite Received: August 15, 2025 transcriptional programs defining the AP functional subdivisions. Patterning systems Accepted: December 5, 2025 composed of Hox, ParaHox, and, surprisingly, other transcription factors (TFs) known Published: January 5, 2026 to be involved in gut formation in sea urchin larvae are maintained in these adult Peer Review History: PLOS recognizes the tissues. Using unbiased analyses, we identified five conserved TF modules corre- benefits of transparency in the peer review sponding to the AP compartments of the guts that are elaborated or shifted in differ- process; therefore, we enable the publication ent species. Our study inferred conserved and modified adult AP patterning modules of all of the content of peer review and author responses alongside f",,,,,pdfs/plos_biol/journal.pbio.3003571.pdf
10-1371-journal-nasonia,10.1371/journal.Nasonia,PLOS Biology,"Citation: Ferree PM, Cummings J, Garman countering their accumulation in the genome to harmful levels. While previous studies E, Solomon J, Martinez KS (2026) A male- have elucidated mechanistic aspects of B drive, little is known about drag or other transmitted B chromosome undergoes strong meiotic drag in females of the jewel factors that govern the inheritance of these selfish genetic elements. Here, we exam- wasp Nasonia vitripennis. PLoS Biol 24(1): ined the inheritance of Paternal Sex Ratio (PSR), a single-copy B in the jewel wasp, e3003599. https://doi.org/10.1371/journal. Nasonia vitripennis, which is transmitted paternally to offspring. PSR drives by con- pbio.3003599 verting female-destined embryos into PSR-transmitting males. Using genetic manip-","Many organisms carry extra, non-essential chromosomes known as B chromosomes (Bs), which are selfishly transmitted at super-mendelian levels to offspring. This heightened transmission, termed drive, occurs during gametogenesis, usually in one of the two parents. In some cases, Bs can experience an opposing process, drag, which reduces their transmission. If these processes occur together in the same OPEN ACCESS organism, one in each parental sex, then they may facilitate the spread of Bs while Citation: Ferree PM, Cummings J, Garman countering their accumulation in the genome to harmful levels. While previous studies E, Solomon J, Martinez KS (2026) A male- have elucidated mechanistic aspects of B drive, little is known about drag or other transmitted B chromosome undergoes strong meiotic drag in females of the jewel factors that govern the inheritance of these selfish genetic elements. Here, we exam- wasp Nasonia vitripennis. PLoS Biol 24(1): ined the inheritance of Paternal Sex Ratio (PSR), a single-copy B in the jewel wasp, e3003599. https://doi.org/10.1371/journal. Nasonia vitripennis, which is transmitted paternally to offspring. PSR drives by con- pbio.3003599 verting female-destined embryos into PSR-transmitting males. Using genetic manip- Academic Editor: Yukiko M Yamashita, ulation, we produced exceptional PSR-carrying females, which were used to assess Whitehead Institute for Biomedical Research, UNITED STATES OF AMERICA B transmission potential. We found that females transmit PSR at an unexpectedly low Received: October 24, 2025 level compared to univalent chromosomes in other organisms. This reduced trans- mission stems from remarkable loss of PSR from the egg’s nucleus upon entry into Accepted: January 5, 2026 meiosis, an effect that may be caused by an absence of microtubule-based spindle Published: January 16, 2026 fibers in meiosis I-arrested wasp eggs. We also found that PSR is strictly limited to Copyright: © 2026 Ferree et al. This is an open a s",,,,,pdfs/plos_biol/journal.pbio.3003599.pdf
10-1371-journal-interspecific,10.1371/journal.interspecific,PLOS Biology,"Citation: Tomihara K, Pinharanda A, Kwon Closely related species often exhibit distinct morphologies that can contribute to YM, Taverner AM, Kors LS, Aardema ML, et al. species-specific adaptations and reproductive isolation. One example is Lepidopteran (2026) Cis-regulatory evolution of Wnt family genes contributes to a morphological difference caterpillar appendages, such as the “caudal horn” of Bombycoidea moths, which between silkworm species. PLoS Biol 24(3): have evolved substantial morphological diversity among species in this group. Using e3003605. https://doi.org/10.1371/journal. interspecific crosses, we identify the genetic basis of the caudal horn size difference pbio.3003605 between Bombyx mori and its closest relative Bombyx mandarina. The three larg-","OPEN ACCESS Citation: Tomihara K, Pinharanda A, Kwon Closely related species often exhibit distinct morphologies that can contribute to YM, Taverner AM, Kors LS, Aardema ML, et al. species-specific adaptations and reproductive isolation. One example is Lepidopteran (2026) Cis-regulatory evolution of Wnt family genes contributes to a morphological difference caterpillar appendages, such as the “caudal horn” of Bombycoidea moths, which between silkworm species. PLoS Biol 24(3): have evolved substantial morphological diversity among species in this group. Using e3003605. https://doi.org/10.1371/journal. interspecific crosses, we identify the genetic basis of the caudal horn size difference pbio.3003605 between Bombyx mori and its closest relative Bombyx mandarina. The three larg- Academic Editor: Abderrahman Khila, Centre National de la Recherche Scientifique, FRANCE est of eight QTL account for one third the mean horn length difference between the species. The largest of these, on chromosome 4, encompasses a conserved Wnt Received: October 3, 2025 family gene cluster, key upstream regulators that are well-known for their roles in Accepted: January 6, 2026 morphological diversification in animals. Using allele-specific expression analysis Published: March 10, 2026 and CRISPR/Cas9 knockouts, we show that tissue-specific cis-regulatory changes to Peer Review History: PLOS recognizes the Wnt1 and Wnt6 contribute to the species difference in caudal horn size. This kind of benefits of transparency in the peer review process; therefore, we enable the publication modularity enables highly pleiotropic genes, including key upstream growth regula- of all of the content of peer review and tors, to contribute to the evolution of morphological traits without causing widespread author responses alongside final, published deleterious effects. articles. The editorial history of this article is available here: https://doi.org/10.1371/journal. pbio.3003605 Copyright: © 2026 Tomihara et al. This is an",,,,,pdfs/plos_biol/journal.pbio.3003605.pdf
10-1371-journal-pbio-3003648from,10.1371/journal.pbio.3003648from,PLOS Biology,"Citation: Horáček N, Lukšan O, Rebholz Z, Termites produce the most diverse array of terpenoids among terrestrial metazoans, Harant K, Pohl R, Mutabdžija-Nedelcheva L, comprising over 200 structures. However, their biosynthesis has not yet been eluci- et al. (2026) Expansion of the geranylgeranyl pyrophosphate synthase gene family underlies dated. Here, we identify a gene family which arose through a series of duplications the evolution of terpenoid biosynthesis in of geranylgeranyl pyrophosphate synthase in the common ancestor of Neoisoptera, termites. PLoS Biol 24(4): e3003648. https:// the terpene-producing termite lineage. We functionally characterized several proteins doi.org/10.1371/journal.pbio.3003648","OPEN ACCESS Citation: Horáček N, Lukšan O, Rebholz Z, Termites produce the most diverse array of terpenoids among terrestrial metazoans, Harant K, Pohl R, Mutabdžija-Nedelcheva L, comprising over 200 structures. However, their biosynthesis has not yet been eluci- et al. (2026) Expansion of the geranylgeranyl pyrophosphate synthase gene family underlies dated. Here, we identify a gene family which arose through a series of duplications the evolution of terpenoid biosynthesis in of geranylgeranyl pyrophosphate synthase in the common ancestor of Neoisoptera, termites. PLoS Biol 24(4): e3003648. https:// the terpene-producing termite lineage. We functionally characterized several proteins doi.org/10.1371/journal.pbio.3003648 from this rich GGPPS-like family as terpene synthases generating biologically rele- Academic Editor: Chris D Jiggins, University of Cambridge, UNITED KINGDOM OF GREAT vant sesqui- and diterpenes. These include the queen pheromone (3R,6E)- BRITAIN AND NORTHERN IRELAND nerolidol in Embiratermes neotenicus and the presumed precursor of polycyclic Received: January 14, 2026 defensive diterpenes (E,E,E)-neocembrene in Nasutitermes takasagoensis. We Accepted: April 9, 2026 report significant enrichment of transposable elements in the GGPPS-like genomic loci, study the selection pressures acting in the evolution of the GGPPS-like family, Published: April 27, 2026 and highlight an amino acid site crucial for cyclization capacity and enantiospecificity Peer Review History: PLOS recognizes the benefits of transparency in the peer review of the characterized enzymes. We conclude that we have identified an enzyme family process; therefore, we enable the publication that facilitated the emergence of the remarkable richness of termite terpenoids. of all of the content of peer review and author responses alongside final, published articles. The editorial history of this article is available here: https://doi.org/10.1371/journal.",,,,,pdfs/plos_biol/journal.pbio.3003648.pdf
10-1371-journal-to,10.1371/journal.To,PLOS Biology,"ture. Anticipated changes in climate may therefore have direct effects on senescence Citation: Tregenza T, Rodríguez-Muñoz R, in insects, or indirect effects via parental age. Similarly, although effects of inbreeding Ojanguren AF, Hopwood P, Boonekamp JJ are well studied in wild vertebrates, information about how matings between rela- (2026) Impacts of parental age and inbreeding on fitness in a wild insect. PLoS Biol 24(3): tives affect fitness in invertebrates comes almost exclusively from laboratory studies. e3003713. https://doi.org/10.1371/journal. To bridge the divide between field studies of vertebrates and laboratory studies of pbio.3003713 insects, we conducted an experiment using wild field crickets, Gryllus campestris.","Parental age and inbreeding have both been shown to have substantial fitness effects in laboratory experiments and in observations of wild animals. These demo- graphic effects are likely to be strongly impacted by habitat fragmentation and warming temperatures, so understanding them is a priority. In insects and other ectotherms, some processes implicated in senescence are dependent on tempera- OPEN ACCESS ture. Anticipated changes in climate may therefore have direct effects on senescence Citation: Tregenza T, Rodríguez-Muñoz R, in insects, or indirect effects via parental age. Similarly, although effects of inbreeding Ojanguren AF, Hopwood P, Boonekamp JJ are well studied in wild vertebrates, information about how matings between rela- (2026) Impacts of parental age and inbreeding on fitness in a wild insect. PLoS Biol 24(3): tives affect fitness in invertebrates comes almost exclusively from laboratory studies. e3003713. https://doi.org/10.1371/journal. To bridge the divide between field studies of vertebrates and laboratory studies of pbio.3003713 insects, we conducted an experiment using wild field crickets, Gryllus campestris. Academic Editor: Michael D. Jennions, The We experimentally manipulated the relatedness of parents, their age at reproduction Australian National University, AUSTRALIA and Christopher D. Chambers, Cardiff University, and the temperature they experience as they aged. We then released the offspring of UNITED KINGDOM OF GREAT BRITAIN AND these parents into a natural meadow and used a network of video cameras to monitor NORTHERN IRELAND their adult behavior and life history throughout the course of their breeding season. Received: March 14, 2023 We found no effect of parental age on their offspring. There were effects of inbreed- Accepted: March 2, 2026 ing, but they were restricted to more inbred females mating to fewer males, and more Published: March 10, 2026 inbred males being slightly smaller than outbred males. Our study suggests that Peer Review History: PLOS recognizes the effects that can be detected in laboratory studies may have relatively modest effects benefits of transparency in the peer review on fitness in nature. process; therefore, we enable the publication of all of the content of peer review and author responses alongside final, published articles. The editorial history of this article is",,,,,pdfs/plos_biol/journal.pbio.3003713.pdf
10-1371-journal-pbio-3003725,10.1371/journal.pbio.3003725,PLOS Biology,"ommatidium produce most of the chitin, and preventing chitin synthesis by these Citation: Ghosh N, Rojo-Iost E, Treisman JE (2026) Curvature of the Drosophila corneal central cells reduced corneal lens curvature. Increasing chitin export from central lens depends on localized chitin secretion. cells increased the thickness of the central corneal lens, while increasing export from PLoS Biol 24(3): e3003725. https://doi. org/10.1371/journal.pbio.3003725 peripheral lattice cells made the edges thicker. The wild-type biconvex shape thus results from high levels of chitin production by central cells relative to peripheral cells, Academic Editor: François Schweisguth, Institut Pasteur, FRANCE indicating that localized chitin secretion is critical for normal corneal lens curvature.","The Drosophila corneal lens is an apical extracellular matrix structure with a bicon- vex shape that enables it to focus light onto the underlying photoreceptors. Here, we investigated how this shape is influenced by the source of one of its major com- ponents, the polysaccharide chitin. Knocking down the chitin synthase Krotzkopf verkehrt strongly reduced the thickness and curvature of the corneal lens. Con- versely, enhancing chitin export by overexpressing Rebuf expanded and distorted the OPEN ACCESS corneal lens. We found that the cone and primary pigment cells in the center of each ommatidium produce most of the chitin, and preventing chitin synthesis by these Citation: Ghosh N, Rojo-Iost E, Treisman JE (2026) Curvature of the Drosophila corneal central cells reduced corneal lens curvature. Increasing chitin export from central lens depends on localized chitin secretion. cells increased the thickness of the central corneal lens, while increasing export from PLoS Biol 24(3): e3003725. https://doi. org/10.1371/journal.pbio.3003725 peripheral lattice cells made the edges thicker. The wild-type biconvex shape thus results from high levels of chitin production by central cells relative to peripheral cells, Academic Editor: François Schweisguth, Institut Pasteur, FRANCE indicating that localized chitin secretion is critical for normal corneal lens curvature. Received: November 7, 2025 Accepted: March 11, 2026",,,,,pdfs/plos_biol/journal.pbio.3003725.pdf
10-1371-journal-pbio-3003797terparts,10.1371/journal.pbio.3003797terparts,PLOS Biology,"Citation: Xu Y, Zeng W, Xiong G, Zheng Z, physalis longicornis. Rather than directly interacting with viral proteins, this proviral Wang J (2026) A non-canonical JAK/STAT effect is mediated by a low-density lipoprotein receptor-related protein (LRP), whose pathway promotes viral replication through expression is regulated by STAT. Silencing LRP in H. longicornis reduced LGTV the lipoprotein receptor-related protein in ticks. PLoS Biol 24(5): e3003797. https://doi. infection, while ectopic expression of LRP enhanced it. Unlike its mammalian coun- org/10.1371/journal.pbio.3003797 terparts, H. longicornis LRP lacks a transmembrane domain and localizes intracel- Academic Editor: Eng Eong Ooi, Duke-NUS lularly. Functionally, LRP promotes lipophagy, leading to lipid droplets breakdown","Ticks transmit numerous viruses that pose significant threats to human and animal health, however, the molecular interactions between ticks and viruses remain poorly understood. Using Langat virus (LGTV)—a surrogate for tick-borne encephalitis virus OPEN ACCESS (TBEV), we show that the JAK/STAT pathway promotes viral infection in Haema- Citation: Xu Y, Zeng W, Xiong G, Zheng Z, physalis longicornis. Rather than directly interacting with viral proteins, this proviral Wang J (2026) A non-canonical JAK/STAT effect is mediated by a low-density lipoprotein receptor-related protein (LRP), whose pathway promotes viral replication through expression is regulated by STAT. Silencing LRP in H. longicornis reduced LGTV the lipoprotein receptor-related protein in ticks. PLoS Biol 24(5): e3003797. https://doi. infection, while ectopic expression of LRP enhanced it. Unlike its mammalian coun- org/10.1371/journal.pbio.3003797 terparts, H. longicornis LRP lacks a transmembrane domain and localizes intracel- Academic Editor: Eng Eong Ooi, Duke-NUS lularly. Functionally, LRP promotes lipophagy, leading to lipid droplets breakdown Medical School, SINGAPORE and providing energy to support viral replication. Together, these findings reveal a Received: October 18, 2025 non-canonical mechanism by which the JAK/STAT pathway facilitates LGTV replica- Accepted: April 27, 2026 tion through STAT-dependent regulation of an atypical, intracellular LRP that drives Published: May 21, 2026 lipophagy. Copyright: © 2026 Xu et al. This is an open access article distributed under the terms of the Creative Commons Attribution License,",,,,,pdfs/plos_biol/journal.pbio.3003797.pdf
10-1371-opment,10.1371/opment,PLOS Biology,"in the wing disc, and genetic manipulations that reduce cytoskeletal tension result in Citation: Tripathi BK, Zhou Z, Irvine KD (2026) rounder wings, whereas increasing cytoskeletal tension produces more elongated Dachsous-Fat signaling shapes the Drosophila wing through mechanical forces. PLoS Biol wings. Reduced tension is also associated with less oriented growth during devel- 24(7): e3003883. https://doi.org/10.1371/ opment. Notably, increased cytoskeletal tension partially rescues the rounder shape journal.pbio.3003883 caused by ds knockdown. These results reveal a previously unrecognized mecha- Academic Editor: Nicolas Tapon, The Francis","Proper organ shape is critical for function. The Drosophila wing normally adopts an elongated shape, but mutations in the Dachsous-Fat pathway result in rounder wings. The mechanism by which this occurs has remained unclear. Here, we show that Ds-Fat signaling shapes the wing during the larval stage, rather than during pupal development when morphogenetic rearrangements transform the developing wing disc into the adult wing. We further find that Ds-Fat alters tissue-wide stresses OPEN ACCESS in the wing disc, and genetic manipulations that reduce cytoskeletal tension result in Citation: Tripathi BK, Zhou Z, Irvine KD (2026) rounder wings, whereas increasing cytoskeletal tension produces more elongated Dachsous-Fat signaling shapes the Drosophila wing through mechanical forces. PLoS Biol wings. Reduced tension is also associated with less oriented growth during devel- 24(7): e3003883. https://doi.org/10.1371/ opment. Notably, increased cytoskeletal tension partially rescues the rounder shape journal.pbio.3003883 caused by ds knockdown. These results reveal a previously unrecognized mecha- Academic Editor: Nicolas Tapon, The Francis nism by which Ds-Fat signaling determines wing shape, involving regulation of tissue Crick Institute, UNITED KINGDOM OF GREAT BRITAIN AND NORTHERN IRELAND tension to orient growth and shape the wing primordia during larval development. Received: November 10, 2025 Accepted: June 17, 2026",,,,,pdfs/plos_biol/journal.pbio.3003883.pdf
10-1371-journal-pone-0335300,10.1371/journal.pone.0335300,PLOS ONE,"specialized as parasitoids of ants have been recorded, although the parasitoid habit Citation: Pérez-Lachaud G, Poteaux C, Leavengood Jr JM, Lachaud J-P (2026) has evolved at least 13 times within this order. Here we report on observations that Ant parasitoidism in checkered beetles: strongly suggest that a checkered beetle species behaves as a parasitoid of ant Phyllobaenus obscurus developing inside intact brood. A total of 146 colonies or part of colonies of three species of the Ectatomma cocoons of two species of the Ectatomma ruidum species complex. PLoS One 21(3): ruidum species complex (E. ruidum sp. 2, 3, 4) were excavated in several sites along e0335300. https://doi.org/10.1371/journal. the Pacific coastal plains of Oaxaca, Mexico, during three collecting campaigns pone.0335300","Known parasitoids of ants include species from several families of flies, wasps, strep- sipterans, nematodes, and mites. Curiously, while myrmecophily is heavily biased towards Coleoptera, one of the most diverse and speciose insect orders, no beetles OPEN ACCESS specialized as parasitoids of ants have been recorded, although the parasitoid habit Citation: Pérez-Lachaud G, Poteaux C, Leavengood Jr JM, Lachaud J-P (2026) has evolved at least 13 times within this order. Here we report on observations that Ant parasitoidism in checkered beetles: strongly suggest that a checkered beetle species behaves as a parasitoid of ant Phyllobaenus obscurus developing inside intact brood. A total of 146 colonies or part of colonies of three species of the Ectatomma cocoons of two species of the Ectatomma ruidum species complex. PLoS One 21(3): ruidum species complex (E. ruidum sp. 2, 3, 4) were excavated in several sites along e0335300. https://doi.org/10.1371/journal. the Pacific coastal plains of Oaxaca, Mexico, during three collecting campaigns pone.0335300 (2015–2017). Overall, 11060 adults, 5795 cocoons and 2185 larvae were examined. Editor: Petr Heneberg, Charles University: Upon dissection, four intact, ethanol-preserved cocoons contained ant prepupae/ Univerzita Karlova, CZECHIA pupae parasitized by characteristic campodeiform beetle larvae (prognathous head, Received: October 7, 2025 three pairs of segmented legs, no prolegs, body with sparse but long pubescence), Accepted: March 2, 2026 and a fifth cocoon presented a round exit hole. Sequencing of the COI gene fragment Published: March 20, 2026 support assignment of the larva to Cleridae, consistent with the genus Phyllobaenus Peer Review History: PLOS recognizes the (Cleridae). An active, pink-colored larva that emerged from a cocoon containing the benefits of transparency in the peer review remains of the ant host pupa, was reared to adulthood and could be identified as process; therefore, we enable the publication of",,,,,pdfs/plos_one/journal.pone.0335300.pdf
10-5061-dryad-pnvx0k723,10.5061/dryad.pnvx0k723,PLOS ONE,"Citation: Nolan-Tamariz M, Iyengar VK (2026) size on their interactions. We found that, in pairs, females were more aggressive than Two’s company, three’s a crowd: Social males and both sexes show size-based aggression. However, sex was a stronger situations alter group dynamics in the maritime determinant of aggression in male-biased trios whereas sex and size were more earwig (Anisolabis maritima). PLoS One 21(3): e0343830. https://doi.org/10.1371/journal. important in female-biased trios. Male size did not affect courtship in pairs, as large pone.0343830 and small males were equally likely to engage in copulatory activity. The presence","Sexual selection can lead to dimorphic traits that can affect an individual’s behavior including how individuals respond to different social situations. We examined how sex and body size influence aggression and courtship in different-sized groups of the maritime earwig, Anisolabis maritima (Order Dermaptera), an insect in which males and females differ morphologically and behaviorally. In this study, we videotaped OPEN ACCESS mixed-sex pairs and trios of earwigs for two hours to determine the effects of sex and Citation: Nolan-Tamariz M, Iyengar VK (2026) size on their interactions. We found that, in pairs, females were more aggressive than Two’s company, three’s a crowd: Social males and both sexes show size-based aggression. However, sex was a stronger situations alter group dynamics in the maritime determinant of aggression in male-biased trios whereas sex and size were more earwig (Anisolabis maritima). PLoS One 21(3): e0343830. https://doi.org/10.1371/journal. important in female-biased trios. Male size did not affect courtship in pairs, as large pone.0343830 and small males were equally likely to engage in copulatory activity. The presence Editor: Caio Santos Nogueira, Sao Paulo State of intrasexual selection altered the results in the two types of trios. In male-biased University Julio de Mesquita Filho: Universidade trios, the larger male had more copulatory opportunities as his size relative to his Estadual Paulista Julio de Mesquita Filho, BRAZIL rival increased, indicating that intrasexual domination by larger males can overcome Received: November 17, 2025 female preferences for smaller males observed in previous studies. Interestingly, in female-biased trios, there were no such patterns since copulatory opportunities were Accepted: February 11, 2026 relatively rare, the likely result of elevated aggression with two interacting females. Published: March 10, 2026 Our results indicate that sex and size affect both aggression and sexual behavior dif- Copyright: © 2026 Nolan-Tamariz, Iyengar. ferently based on group size and composition, which highlights the need to examine This is an open access article distributed under the terms of the Creative Commons Attribution behaviors in a variety of social contexts. License, which permits unrestricted use, distribution, and reproduction in any medium, provided the original author and source are credited.",,,,,pdfs/plos_one/journal.pone.0343830.pdf
10-1371-journal-cotton,10.1371/journal.Cotton,PLOS ONE,"Citation: Yalçin M (2026) Trade-offs in cotton density and diversity were assessed across taxonomic and community levels. The pest management: Seed treatments suppress dominant arthropod families recorded included Nabidae, Miridae, Anthocoridae, Asili- pests but reduce the abundance of natural dae, Chrysopidae, Cicadellidae, and Coccinellidae. Both seed treatments suppressed enemies in the arthropod community. PLoS One 21(4): e0346422. https://doi.org/10.1371/ key sucking pest groups, particularly Cicadellidae and Miridae; however, a significant journal.pone.0346422 reduction in predator abundance was also observed in treated plots. These findings","Pesticide seed treatments are widely used to protect crops from early-season pests and diseases; however, their broader ecological effects on arthropod communities and non-target organisms remain insufficiently understood. A two-year field exper- iment was conducted in a cotton agroecosystem to evaluate the community-level effects of seed-applied clothianidin (CLO) and a fungicide mixture containing azox- OPEN ACCESS ystrobin, metalaxyl-m, and fludioxonil (AMF). Changes in arthropod population Citation: Yalçin M (2026) Trade-offs in cotton density and diversity were assessed across taxonomic and community levels. The pest management: Seed treatments suppress dominant arthropod families recorded included Nabidae, Miridae, Anthocoridae, Asili- pests but reduce the abundance of natural dae, Chrysopidae, Cicadellidae, and Coccinellidae. Both seed treatments suppressed enemies in the arthropod community. PLoS One 21(4): e0346422. https://doi.org/10.1371/ key sucking pest groups, particularly Cicadellidae and Miridae; however, a significant journal.pone.0346422 reduction in predator abundance was also observed in treated plots. These findings Editor: Rachid Bouharroud, National Institute indicate a potential trade-off between effective pest suppression and the conservation of Agricultural Research - INRA, MOROCCO of natural enemy populations within the arthropod community. Principal response Received: September 16, 2025 curve (PRC) analysis further demonstrated treatment-related shifts in arthropod Accepted: March 19, 2026 communities over time. The results highlight the importance of considering non-target Published: April 21, 2026 ecological responses when evaluating the sustainability of prophylactic seed treat- ments in cotton agroecosystems and emphasize the need for long-term investiga- Peer Review History: PLOS recognizes the benefits of transparency in the peer review tions into their impacts on multitrophic interactions. process; therefore, we enable the publication of all of the content of peer review and author responses alongside final, published articles. The editorial history of this article is",,,,,pdfs/plos_one/journal.pone.0346422.pdf
10-1371-journal-pone-0346423,10.1371/journal.pone.0346423,PLOS ONE,"relatively similar in shape. Using pigment templates, the measured curve for E. Citation: Allan SA (2026) Spectral sensitivity eluta was matched by pigment combinations with maximum sensitivity at 350, 430, and color discrimination of Euxesta eluta and Chaetopsis massyla (Diptera: Ulidiidae). PLoS 500 and 560 nm in a ratio of 25:21:25:29. Similarly, the curve for C. massyla was One 21(4): e0346423. https://doi.org/10.1371/ best matched by pigments with maximum sensitivity at 350, 430, 500 and 560 nm journal.pone.0346423 in a 28:18:27:27 ratio. Laboratory behavioral assays were conducted to evaluate if","Cornsilk flies, Euxesta eluta and Chaetopsis massyla (Diptera: Ulidiidae), are serious economic pests affecting sweet corn production in Florida. As a basis for develop- ment of enhanced trapping strategies, the sensory and behavioral basis for response to color was examined. Using electroretinograms, spectral sensitivity curves for both species revealed broad curves with a peak in the UV (350 nm) and the green region (500–550 nm) of the spectrum. Curves for males and females of each species were OPEN ACCESS relatively similar in shape. Using pigment templates, the measured curve for E. Citation: Allan SA (2026) Spectral sensitivity eluta was matched by pigment combinations with maximum sensitivity at 350, 430, and color discrimination of Euxesta eluta and Chaetopsis massyla (Diptera: Ulidiidae). PLoS 500 and 560 nm in a ratio of 25:21:25:29. Similarly, the curve for C. massyla was One 21(4): e0346423. https://doi.org/10.1371/ best matched by pigments with maximum sensitivity at 350, 430, 500 and 560 nm journal.pone.0346423 in a 28:18:27:27 ratio. Laboratory behavioral assays were conducted to evaluate if Editor: Rachid Bouharroud, National Institute attraction occurred in response to the color or the brightness of a target. Attraction of Agricultural Research - INRA, MOROCCO responses were evaluated in paired tests to blue, green and yellow cards paired with Received: January 13, 2026 gray cards of matching brightness. Despite relatively similar visual pigments, the two Accepted: March 19, 2026 species differed greatly in their behavioral attraction. Euxesta eluta was only attracted Published: April 3, 2026 to yellow cards at low or high brightness levels, to mid-level bright blue cards and not Copyright: This is an open access article, free attracted to green cards at any brightness level. In contrast, C. massyla was highly of all copyright, and may be freely reproduced, attracted to yellow and green cards compared to gray cards of the same brightness distributed, transmitted, modified, built upon, but avoided blue cards. These differences in response to color and brightness are or otherwise used by anyone for any lawful purpose. The work is made available under important for interpretation of surveillance results as well as development visual traps the Creative Commons CC0 public domain targeted for these species. dedication. Data availability statement: All relevant data are presented within the manuscript and",,,,,pdfs/plos_one/journal.pone.0346423.pdf
10-1371-journal-pone-0347125,10.1371/journal.pone.0347125,PLOS ONE,"Citation: Shah MMR, Munira MS, Hossen MF, six planting months over three consecutive years in the Old Himalayan Piedmont Watson A (2026) Planting time shapes fall Plain (AEZ 1), Bangladesh. Field experiments followed a split-plot design with sowing armyworm infestation dynamics and associated yield loss of maize in Bangladesh. PLoS One month as the main plot and treatment as the subplot. Two treatments were applied: 21(4): e0347125. https://doi.org/10.1371/ (i) IPM plots received seed treatment with cyantraniliprole followed by foliar applica- journal.pone.0347125 tions of biopesticides, and insecticides; and (ii) an untreated control. Leaf infestation","In Bangladesh, maize is usually cultivated from early November to mid-December, however, recent intensification of cropping systems has expanded its cultivation period from October to March to accommodate region-specific patterns. The invasion of fall armyworm (FAW), Spodoptera frugiperda (J.E. Smith), in 2018 has since posed a serious threat to maize cultivation. This study assessed the seasonal dynamics of OPEN ACCESS FAW infestation and its effects on maize under IPM and control conditions across Citation: Shah MMR, Munira MS, Hossen MF, six planting months over three consecutive years in the Old Himalayan Piedmont Watson A (2026) Planting time shapes fall Plain (AEZ 1), Bangladesh. Field experiments followed a split-plot design with sowing armyworm infestation dynamics and associated yield loss of maize in Bangladesh. PLoS One month as the main plot and treatment as the subplot. Two treatments were applied: 21(4): e0347125. https://doi.org/10.1371/ (i) IPM plots received seed treatment with cyantraniliprole followed by foliar applica- journal.pone.0347125 tions of biopesticides, and insecticides; and (ii) an untreated control. Leaf infestation Editor: Rodney N. Nagoshi, USDA-ARS CMAVE: was assessed from V4-V12 stages, and cob damage, grain yield, and yield loss were USDA-ARS Center for Medical Agricultural and recorded at harvest. Heatmap analysis showed consistently high infestation in con- Veterinary Entomology, UNITED STATES OF AMERICA trol plots, peaking at 99.3% during February-March, whereas IPM plots maintained Received: January 5, 2026 low infestation (<4%). Infestation in untreated control plots exhibited a U-shaped, non-linear response to planting time, described by a cubic polynomial model Accepted: March 29, 2026 (R² = 0.456), with highest levels in October and March and lowest in December. Cob Published: April 15, 2026 damage and damage intensity mirrored infestation patterns, with maximum dam- Peer Review History: PLOS recognizes the age in March",,,,,pdfs/plos_one/journal.pone.0347125.pdf
10-1371-journal-pone-0350833,10.1371/journal.pone.0350833,PLOS ONE,"vector of tick-borne disease. Measuring CO output of I. scapularis nymphs through Citation: Schofield S, Waters JS, DY Bandara 2 a flow-through respirometry system, we confirm discontinuous ventilation in nymphal YMN, Couret J (2026) Characterization of discontinuous ventilation cycles in nymphal I. scapularis, describe discontinuous ventilation cycles (DVCs), and explore the basis Ixodes scapularis. PLoS One 21(6): e0350833. of intraspecific variation rates of CO emission. Both the frequency of the ventilation https://doi.org/10.1371/journal.pone.0350833 2 cycle and the magnitude of CO emission bursts varied based on the developmental","Three-host Ixodid ticks, obligate blood-feeding Acari Parasitiformes, spend the major- ity of their lives off of hosts. They rely on morphological, physiological, and behavioral adaptations to address the compromise between water loss and obtaining oxygen sufficient to meet metabolic needs. Here, we characterize the patterns of ventila- tion of the blacklegged tick, Ixodes scapularis, providing the first measurements for Ixodes, and furthering understanding of the physiology of a medically important OPEN ACCESS vector of tick-borne disease. Measuring CO output of I. scapularis nymphs through Citation: Schofield S, Waters JS, DY Bandara 2 a flow-through respirometry system, we confirm discontinuous ventilation in nymphal YMN, Couret J (2026) Characterization of discontinuous ventilation cycles in nymphal I. scapularis, describe discontinuous ventilation cycles (DVCs), and explore the basis Ixodes scapularis. PLoS One 21(6): e0350833. of intraspecific variation rates of CO emission. Both the frequency of the ventilation https://doi.org/10.1371/journal.pone.0350833 2 cycle and the magnitude of CO emission bursts varied based on the developmental Editor: Brian Stevenson, University of Kentucky 2 environment of the nymphs, all F1 laboratory-reared or collected from the wild. We College of Medicine, UNITED STATES OF AMERICA discuss this initial measurement of DVCs in nymphal I. scapularis in comparison to other species in Ixodidae as well as the factors which have been shown to modulate Received: March 5, 2026 the frequency of the ventilation cycles within other species. Accepted: May 19, 2026 Published: June 24, 2026 Copyright: © 2026 Schofield et al. This is an",,,,,pdfs/plos_one/journal.pone.0350833.pdf
10-1371-of,10.1371/of,PLOS ONE,"by which these associations are sampled impacts our understanding of the system. Citation: Twombly Ellis J, Cirtwill AR, Ellis EE, The common ways to understand pollinator-plant or pollinator-plant-microbe asso- Roslin T, Wirta H (2026) Inferring plant-bee- microbe associations: Foragers, hive workers, ciations are to observe flower visits of insects, or to collect foraging individuals and and honey tell complementary stories. PLoS identify the pollen and microbes they carry. Honey bees offer a test case for methods One 21(7): e0351230. https://doi.org/10.1371/ of sampling these associations. Hives of managed honey bees host thousands of journal.pone.0351230 pollinator individuals together with jointly-collected nectar which is turned into honey.","Pollinators, both wild and managed, form diverse associations with plants and microbes which affect the wellbeing of the plants and the pollinators. The method OPEN ACCESS by which these associations are sampled impacts our understanding of the system. Citation: Twombly Ellis J, Cirtwill AR, Ellis EE, The common ways to understand pollinator-plant or pollinator-plant-microbe asso- Roslin T, Wirta H (2026) Inferring plant-bee- microbe associations: Foragers, hive workers, ciations are to observe flower visits of insects, or to collect foraging individuals and and honey tell complementary stories. PLoS identify the pollen and microbes they carry. Honey bees offer a test case for methods One 21(7): e0351230. https://doi.org/10.1371/ of sampling these associations. Hives of managed honey bees host thousands of journal.pone.0351230 pollinator individuals together with jointly-collected nectar which is turned into honey. Editor: Yahya Al Naggar, Tanta University Faculty of Science, EGYPT Previous studies have used DNA preserved in honey to infer honey bee associations with plants and microbes. Here, we sampled honey, individual bees while they were Received: December 2, 2025 foraging, and groups of bees from inside the hive. We identified plants and microbes Accepted: May 25, 2026 on the surface of the bees or in the honey using DNA metabarcoding – expecting that Published: July 8, 2026 bees sampled singly or in groups would reveal a subset of the associations recorded Copyright: © 2026 Twombly Ellis et al. This is in the communal honey deposits. However, we found that each sample type revealed an open access article distributed under the terms of the Creative Commons Attribution different aspects of the richness and community composition of plants and microbes License, which permits unrestricted use, encountered by bees. Both honey samples and hive bees had more plant and micro- distribution, and reproduction in any medium, bial taxa per sample than samples of individua",,,,,pdfs/plos_one/journal.pone.0351230.pdf
10-1371-journal-pone-0353528tality,10.1371/journal.pone.0353528tality,PLOS ONE,"We here investigate the effects of three fungicides commonly used in viticulture, two Citation: Yilmazer M, Bakenecker M, Busch R, sulphur- and one fluxapyroxad-based ones, on the cabbage white butterfly (Pieris Fuchs F, Hitzler A, Fischer K (2026) Exposure route mediates toxicological effects of sulphur rapae) under controlled laboratory conditions. Larvae were exposed to fungicides and fluxapyroxad fungicides in a non-target orally via treated host plants or by direct contact, and mortality and sublethal effects butterfly. PLoS One 21(7): e0353528. https:// were assessed during development. In our study, oral exposure did not increase mor- doi.org/10.1371/journal.pone.0353528 tality relative to controls. Regarding sublethal effects, larvae exposed orally to","Agricultural intensification and the associated increase in pesticide use have raised concerns about impacts on non-target insects. However, fungicides, despite their fre- quent application, remain poorly studied, particularly for herbivorous species. This is partly caused by the fact that they are considered less harmful than other pesticides. OPEN ACCESS We here investigate the effects of three fungicides commonly used in viticulture, two Citation: Yilmazer M, Bakenecker M, Busch R, sulphur- and one fluxapyroxad-based ones, on the cabbage white butterfly (Pieris Fuchs F, Hitzler A, Fischer K (2026) Exposure route mediates toxicological effects of sulphur rapae) under controlled laboratory conditions. Larvae were exposed to fungicides and fluxapyroxad fungicides in a non-target orally via treated host plants or by direct contact, and mortality and sublethal effects butterfly. PLoS One 21(7): e0353528. https:// were assessed during development. In our study, oral exposure did not increase mor- doi.org/10.1371/journal.pone.0353528 tality relative to controls. Regarding sublethal effects, larvae exposed orally to Editor: Petr Heneberg, Charles University: Univerzita Karlova, CZECHIA sulphur-based fungicides exhibited a longer pupal development compared to con- trols. Additionally, larvae exposed to fluxapyroxad showed shorter development Received: April 9, 2026 time and higher fat content than those exposed to sulphur-based fungicides. Con- Accepted: June 24, 2026 tact exposure resulted in increased mortality relative to controls, with no significant Published: July 9, 2026 differences among fungicides. These findings demonstrate that fungicide effects on Copyright: © 2026 Yilmazer et al. This is an non-target Lepidoptera are route-dependent, resulting in sublethal impacts via inges- open access article distributed under the terms of the Creative Commons Attribution License, tion and lethal effects via contact exposure. Our results thus emphasize the need which permi",,,,,pdfs/plos_one/journal.pone.0353528.pdf
10-1371-journal-pone-0353780midae,10.1371/journal.pone.0353780midae,PLOS ONE,"Citation: Yim TTM, Zhou S, Wertman DL, ecosystems, (1) stand conditions influence beetle family bycatch diversity through Carroll AL (2026) Trap tales: The influence habitat and food availability, and (2) forest fragmentation influences beetle family of red alder stand conditions and forest diversity by altering habitat connectivity and patch size. We also evaluated how these fragmentation on family-level beetle bycatch diversity. PLoS One 21(7): e0353780. https:// factors affect abundances of select scolytine predatory families (Salpingidae, Monoto- doi.org/10.1371/journal.pone.0353780 midae, Nitidulidae, Staphylinidae, and Histeridae). Ethanol-baited multiple-funnel","Beetle (Coleoptera) bycatch from insect traps can provide insights into forest health and biodiversity trends. Red alder, Alnus rubra, a nitrogen-fixing tree that supports high invertebrate diversity, is facing alder bark beetle-associated declines and increasing fragmentation in coastal British Columbia (BC), Canada. Despite these threats, no research has investigated beetle diversity or its responses to stand con- OPEN ACCESS ditions and fragmentation in red alder ecosystems. We hypothesized that in red alder Citation: Yim TTM, Zhou S, Wertman DL, ecosystems, (1) stand conditions influence beetle family bycatch diversity through Carroll AL (2026) Trap tales: The influence habitat and food availability, and (2) forest fragmentation influences beetle family of red alder stand conditions and forest diversity by altering habitat connectivity and patch size. We also evaluated how these fragmentation on family-level beetle bycatch diversity. PLoS One 21(7): e0353780. https:// factors affect abundances of select scolytine predatory families (Salpingidae, Monoto- doi.org/10.1371/journal.pone.0353780 midae, Nitidulidae, Staphylinidae, and Histeridae). Ethanol-baited multiple-funnel Editor: Frank H. Koch, USDA Forest Service traps (N = 25) targeting ambrosia beetles were deployed in five red alder-dominated Southern Research Station, UNITED STATES OF forests in southwestern BC in 2024. Beetle bycatch (N = 8226 individuals) was iden- AMERICA tified to family and determined to be predominantly saproxylic. Family-level Shan- Received: February 10, 2026 non Diversity Index (H’), richness, and select abundances were compared between Accepted: June 28, 2026 sites, and their relationships with stand conditions and fragmentation analyzed using Published: July 15, 2026 bivariate models. Site-level differences were observed for H’, richness, and abun- Peer Review History: PLOS recognizes the dances, all of which were associated with stand conditions and fragmentation to benefits of",,,,,pdfs/plos_one/journal.pone.0353780.pdf
10-1371-journal-we,10.1371/journal.we,PLOS ONE,"gene repertoires associated with chemical and thermal detection in four deep-sea Citation: Chertemps T, Montagné N, Mathou shrimp species occupying different ecological niches at hydrothermal vents on the A, Léger N, Zbinden M, Ravaux J (2026) Mid-Atlantic Ridge: Rimicaris exoculata, Rimicaris chacei, Mirocaris fortunata, and The sensory gene repertoire of deep-sea hydrothermal shrimp. PLoS One 21(7): Alvinocaris markensis. Through de novo transcriptome assembly of sensory organs, e0354016. https://doi.org/10.1371/journal. we identified a great expansion of the variant Ionotropic Receptor (IR) family. Nota- pone.0354016 bly, we annotated 442 candidate IR transcripts in R. exoculata, the largest repertoire","Deep-sea hydrothermal vents are among the most extreme and geochemically dynamic environments on Earth, characterized by steep gradients in temperature and chemical concentration. Alvinocaridid shrimp dominate the macrofaunal bio- mass at these sites and rely on their sensory systems to navigate these dark hab- itats. In this study, we provide the first comprehensive characterization of sensory OPEN ACCESS gene repertoires associated with chemical and thermal detection in four deep-sea Citation: Chertemps T, Montagné N, Mathou shrimp species occupying different ecological niches at hydrothermal vents on the A, Léger N, Zbinden M, Ravaux J (2026) Mid-Atlantic Ridge: Rimicaris exoculata, Rimicaris chacei, Mirocaris fortunata, and The sensory gene repertoire of deep-sea hydrothermal shrimp. PLoS One 21(7): Alvinocaris markensis. Through de novo transcriptome assembly of sensory organs, e0354016. https://doi.org/10.1371/journal. we identified a great expansion of the variant Ionotropic Receptor (IR) family. Nota- pone.0354016 bly, we annotated 442 candidate IR transcripts in R. exoculata, the largest repertoire Editor: Caio Santos Nogueira, Sao Paulo State documented in any decapod crustacean. This expansion is primarily driven by the University Julio de Mesquita Filho: Universidade Estadual Paulista Julio de Mesquita Filho, IR40a clade, suggesting adaptive radiation centred on the detection of the complex BRAZIL chemical waterscape of vents. Furthermore, we have identified a diverse set of Tran- Received: March 11, 2026 sient Receptor Potential (TRP) channels, including 18 TRPA genes in R. exoculata, Accepted: July 2, 2026 which likely facilitate fine-tuned thermosensation in a high-gradient environment. In contrast, Chemosensory Proteins and Niemann-Pick type C2 proteins exhibited ubiq- Published: July 15, 2026 uitous expression patterns, suggesting broader physiological roles beyond olfaction. Copyright: © 2026 Chertemps et al. This is an open access article distributed under the terms These findings offer insights into the molecular adaptations that enable Alvinocaridi- of the Creative Commons Attribution License, dae to thrive in the deep sea. which permits unrestricted use, distribution, and reproduction in any medium, provided the original author and source are credited.",,,,,pdfs/plos_one/journal.pone.0354016.pdf
10-1098-rspb-2025-2166a,10.1098/rspb.2025.2166a,Proceedings of the Royal Society B,"wind. Measured self-induced airflow was substantial (up to 1 m s−1) and varied with body size and wingbeat kinematics, contributing significantly to thermal stability. Without this self-induced airflow, simulated bees of all sizes rapidly overheated across a range of environmental conditions, Subject Category: highlighting the importance of this overlooked heat-loss mechanism in Development and physiology the heat budget of flying insects. Our findings suggest that shifts in wingbeat kinematics required for altered force production not only affect energetics and, therefore, heat production, but also alter the induced",,,,,,pdfs/proc_b/rspb.2025.2166.pdf
10-1098-rspb-2025-2263even,10.1098/rspb.2025.2263even,Proceedings of the Royal Society B,"that larvae learn about the relative rather than the absolute values of both rewards and punishments, irrespective of the number and sequence of training trials. This suggests that relative value learning is a facility shared across the animal kingdom from maggots to humans and can Subject Category: be accomplished even by small insect brains. Given the potential of D. Neuroscience and cognition melanogaster as a model organism for in-depth neurobiological analyses, our study opens up an opportunity to reveal the detailed mechanisms underlying relative value learning. Subject Areas: behaviour, neuroscience",,,,,,pdfs/proc_b/rspb.2025.2263.pdf
10-1098-rspb-2025-2681dragonflies,10.1098/rspb.2025.2681Dragonflies,Proceedings of the Royal Society B,Increased eutrophication influences reproductive and territorial behaviour of adult dragonflies in Andean habitats,,,,,,pdfs/proc_b/rspb.2025.2681.pdf
10-1098-rspb-2025-2704could,10.1098/rspb.2025.2704could,Proceedings of the Royal Society B,Severe and widespread reductions in night-time activity of nocturnal moths under modern artificial lighting spectra,,,,,,pdfs/proc_b/rspb.2025.2704.pdf
10-1098-rspb-2025-28377unaffiliated,10.1098/rspb.2025.28377Unaffiliated,Proceedings of the Royal Society B,"CAC, 0000-0002-0305-1159; BHR, 0000-0002-1784-0466; H-JH, 0000-0002-4330-6507;",,,,,,pdfs/proc_b/rspb.2025.2837.pdf
10-1098-rspb-2025-2891the,10.1098/rspb.2025.2891The,Proceedings of the Royal Society B,"rely on awareness of the conditioned stimulus–unconditioned stimulus contingency during trace learning. Here, we extend this approach to reversal learning, which requires learning an initial discrimination (A+ B−) and subsequently learning the reversed contingencies (A−B+). Bees Subject Category: mastered olfactory reversal learning under both delay and trace protocols Neuroscience and cognition but acquisition was slower and less robust under trace than under delay conditioning. Introducing a visual distractor during the reversal Subject Areas: phase impaired performance in distinct ways. Delay-conditioned bees",,,,,,pdfs/proc_b/rspb.2025.2891.pdf
10-1098-rspb-2026-0308land-use,10.1098/rspb.2026.0308Land-use,Proceedings of the Royal Society B,Landscape context affects physiological but not genetic proxies of butterfly movement,,,,,,pdfs/proc_b/rspb.2026.0308.pdf
10-1098-rspb-2026-0345,10.1098/rspb.2026.0345,Proceedings of the Royal Society B,"RD, 0009-0006-0001-2492; IS, 0000-0002-3228-5480; SW, 0000-0002-2260-2948 When females mate with multiple males, ejaculates from different Subject Category: partners compete within the female reproductive tract. Males gain a Evolution competitive advantage by transferring seminal fluid proteins (Sfps) that manipulate female post-mating responses, such as reducing female propensity to remate. But in monandrous species, where females typically Subject Areas: mate only once, post-mating sexual selection is absent, raising questions evolution, behaviour, molecular biology about the complexity and identity of Sfps in monandrous seminal proteomes. To address this, we characterized the seminal proteome of",,,,,,pdfs/proc_b/rspb.2026.0345.pdf
10-1098-rspb-2026-0609,10.1098/rspb.2026.0609,Proceedings of the Royal Society B,"or no-contact to a single antenna under lower- and higher-stress environmental conditions and recorded grooming behaviour. Crickets were significantly more likely to groom the noxiously stimulated antenna and did so for longer than under control or tactile treatments. Grooming Subject Category: also showed a distinct temporal profile, with elevated activity sustained Behaviour across the early observation period. Environmental conditions and sex had no effect, indicating that self-protective grooming was expressed Subject Areas: consistently throughout. These findings provide robust evidence of",,,,,,pdfs/proc_b/rspb.2026.0609.pdf
10-1098-rspb-2026-0915information,10.1098/rspb.2026.0915information,Proceedings of the Royal Society B,"the separation of signal from noise. While internally generated vibrations can be useful for proprioception, they potentially obscure the small displacements generated by substrate vibrations for exteroception. Here, we use a laser vibrometry dataset quantifying the dynamic response Subject Category: of the tarantula Grammostola pulchra to vibrational input at 50 points Morphology and biomechanics across its legs and body to examine relative motion in a single axis, enabling us to infer leg biomechanics and test whether these behave rigidly as vibrations are transmitted through the body. We show that the",,,,,,pdfs/proc_b/rspb.2026.0915.pdf
10-1098-rsos-250791,10.1098/rsos.250791,Royal Society Open Science,"appropriate setting to explore clinal phenotypic variation and the role of gene flow. We used Bayesian generalized Subject Category: linear mixed models to investigate body size variation along ecology, conservation, and global change biology genetically connected (elevation) and disrupted (latitude) gradients in three flightless alpine grasshopper species endemic to the Southern Alps (Kā Tiritiri o Te Moana) Subject Areas: of New Zealand (Aotearoa), and test whether variation ecology, evolution relates to geographic differences in environmental conditions. We found latitudinal size clines in all species, but little",,,,,,pdfs/rsos/rsos.250791.pdf
10-1098-rsos-251537,10.1098/rsos.251537,Royal Society Open Science,"United States, suggesting some migrants break diapause to drop out and breed. Elevated temperatures and tropical Subject Category: milkweed may each trigger reproductive development during Ecology, conservation, and global change biology migration, potentially driving this dropout. Understanding which factor is of greater influence is critical for conservation, as the corresponding management strategies Subject Areas: may be at odds. To assess their relative influence, we",,,,,,pdfs/rsos/rsos.251537.pdf
10-1098-rsos-251953lat,10.1098/rsos.251953LAT,Royal Society Open Science,"on the same cue in multiple contexts might be a solution to this problem. This solution has been suggested by findings Subject Category: from research on Evarcha culicivora, a mosquito-specialist Organismal and evolutionary biology jumping spider in which both sexes rely on red-coloured cues in the context of identifying blood-carrying Anopheles mosquitoes as preferred prey. In a second context, males Subject Areas: also attend to the red-coloured faces of other males that cognition, behaviour, evolution are displayed in male–male interactions. Here, as a third context, we present evidence that the presence of a male’s",,,,,,pdfs/rsos/rsos.251953.pdf
10-1098-rsos-251992,10.1098/rsos.251992,Royal Society Open Science,"between two conspecific adults that involves the exclusion of rivals. While extensively studied in vertebrates, Subject Category: experimental evidence for partner-specific behavioural Ecology, conservation, and global change biology selectivity in invertebrates remains extremely limited. Among invertebrates, the wood-feeding cockroach Salganea taiwanensis has been proposed as a particularly strong candidate for Subject Areas: exhibiting pair-associated social behaviour based on its behaviour unique mating ecology. Here, we show that mating pairs of S. taiwanensis exhibit exclusive rejection of potential alternative mates following pair formation through their",,,,,,pdfs/rsos/rsos.251992.pdf
10-1098-rsos-252386an,10.1098/rsos.252386An,Royal Society Open Science,"be either an adaptation per se, or a collateral side-effect of adaptations that benefit males in other contexts. Here, we Subject Category: take advantage of the unique mating interactions of the Organismal and evolutionary biology sexually cannibalistic springbok mantis, Miomantis caffra, to investigate the evolution of extra-genital wounding, whereby males stab females in the abdomen with foretibial claws Subject Areas: while fighting back against cannibalistic attacks in premating behaviour, evolution struggles that lead to mating. If stabbing is adaptive, we predicted that experimentally wounded females would alter their remating behaviour or reproductive scheduling to the",,,,,,pdfs/rsos/rsos.252386.pdf
10-1098-rsos-260045,10.1098/rsos.260045,Royal Society Open Science,"VP-G, 0009-0007-7403-347X; MEH, 0000-0001-5071-2952; LS-R, 0000-0003-0196-5069 Subject Category: Organismal and evolutionary biology Crab spiders (Thomisidae) are well-known predators, typically ambushing prey upon flowers and other plants. This style of predation suggests a potential benefit from vision in prey Subject Areas: capture by crab spiders despite their comparatively small eyes. behaviour, ecology, neuroscience",,,,,,pdfs/rsos/rsos.260045.pdf
10-1098-rsos-260247izwc,10.1098/rsos.260247IZWC,Royal Society Open Science,"on coated leaves, or simply via haemolymph transfusions from an IAA-fed animal, and transmit this preference to Subject Category: their naive offspring. How insects transmit food odour Organismal and evolutionary biology preferences acquired during the larval stage to their offspring is unknown. Here we explore how larvae respond to different concentrations of IAA using olfaction choice tests, and how Subject Areas: injections of different concentrations of IAA directly into behaviour the haemolymph impact odour learning and transmission of learned preferences. We find that naive larvae showed a slight preference towards low concentrations of IAA, and a slight",,,,,,pdfs/rsos/rsos.260247.pdf
10-1098-rsos-260277as,10.1098/rsos.260277as,Royal Society Open Science,"duration of pathogen exposure, may be colony-specific and shaped by trade-offs. To investigate colony-specificity of Subject Category: sanitary responses, we divided Myrmica rubra ant nests into two sister colonies exposed to either a fixed or removable Organismal and evolutionary biology pathogen load, where workers were forced to respectively coexist with nestmate cadavers or could discard them. While Subject Areas: sister colonies exhibited similar performance in tolerance- behaviour, ecology, immunology related behaviours, they differed in resistance responses. Under severe pathogenic risk (sporulating cadavers), workers",,,,,,pdfs/rsos/rsos.260277.pdf
10-1098-rsos-260534,10.1098/rsos.260534,Royal Society Open Science,"to adapt to a wide range of ecological niches. In contrast, cuticular remodelling is generally thought to cease after Subject Category: adult emergence, raising the question of how mature Organismal and evolutionary biology insects respond to damage to their exoskeleton. To address this fundamental issue, we used an interdisciplinary experimental approach combining biomechanics, quantitative Subject Areas: image analysis and molecular biology to investigate the biomaterials, biomechanics, genetics response of mature Locusta migratoria to cuticular injury. We show that deep tibial wounds penetrating the epidermis",,,,,,pdfs/rsos/rsos.260534.pdf
10-1098-rsos-260427drosophila,10.1098/rsos.260427Drosophila,Royal Society Open Science,"tential disease therapeutics is limited by several confounding effects on drug efficacy, including reduced ingestion owing Subject Category: to drug unpalatability or limited uptake from the intestine, Biochemistry, Cellular and Molecular Biology particularly in adult flies. We propose here that liposome- mediated drug delivery can overcome these limitations. We demonstrate using fluorescently labelled liposomes that adult Subject Areas: flies will readily consume liposomes which then effectively physiology, behaviour, genetics cross the intestinal epithelium to distribute their cargo to",,,,,,pdfs/rsos/rsos260427.pdf
sci-reports-s41598-026-42884-3,,Scientific Reports,OPEN Fitness costs of sublethal cyantraniliprole exposure: life- history trade-offs in the non-target insect Musca domestica,,,,,,pdfs/sci_reports/s41598-026-42884-3.pdf
sci-reports-s41598-026-45470-9,,Scientific Reports,OPEN Effects of wet grassland abandonment on invertebrate communities,,,,,,pdfs/sci_reports/s41598-026-45470-9.pdf
sci-reports-s41598-026-50056-6,,Scientific Reports,"OPEN Effects of novaluron exposure on cocooning and transcriptional changes of genes in silk gland of silkworm, Bombyx mori",,,,,,pdfs/sci_reports/s41598-026-50056-6.pdf
10-1038-s41598-026-52009-5,10.1038/s41598-026-52009-5,Scientific Reports,"OPEN Comparative bio-efficacy and molecular insights of North- Western Himalayan conifers, Cedrus deodara and Juniperus macropoda essential oils against two storage insect pests",,,,,,pdfs/sci_reports/s41598-026-52009-5.pdf
10-1038-s41598-026-52467-x,10.1038/s41598-026-52467-x,Scientific Reports,"OPEN Effects of chilling, fluorescent dust marking, and X-ray irradiation on the quality of male Anopheles arabiensis for sterile insect technique applications",,,,,,pdfs/sci_reports/s41598-026-52467-x.pdf
10-1038-s41598-026-55952-5article,10.1038/s41598-026-55952-5Article,Scientific Reports,"We are providing an unedited version of this manuscript to give early access to its findings. Before final publication, the manuscript will undergo further editing. Please Cite this article as: İlçin M. Orthoptera S note there may be errors present which affect the content, and all legal disclaimers as emerging nutritional resources: apply. E comparative analysis of protein and mineral composition. Sci Rep If this paper is publishing under a Transparent Peer Review model then Peer",,,,,,pdfs/sci_reports/s41598-026-55952-5_reference.pdf
10-1038-s41598-026-59210-6article,10.1038/s41598-026-59210-6Article,Scientific Reports,"We are providing an unedited version of this manuscript to give early access to its findings. Before final publication, the manuscript will undergo further editing. Please Cite this article as: Trawiński J. note there may be errors present which affect the content, and all legal disclaimers & Skibiński R. Photoinduced apply. S transformation and aquatic toxicity of the insect repellent Icaridin. Sci If this paper is publishing under a Tran S sparent Peer Review model then Peer Rep (2026). https://doi.org/10.1038/ Review reports will publish with the fiEnal article. s41598-026-59210-6 R",,,,,,pdfs/sci_reports/s41598-026-59210-6_reference.pdf
10-1038-s41598-026-59408-8article,10.1038/s41598-026-59408-8Article,Scientific Reports,"Katarzyna Rozpędek, Ewa Świerczek & Andrzej Kędziorski Cite this article as: Augustyniak M., S Malicka M., Flasz B. et al. Long-term We are providing an unedited version of this manuscript to give early access to its selection for extended lifespan reshapes findings. Before final publication, the manuscript will undergo further editing. Please host physiology and gut microbiome note there may be errors present which affect the content, and all legal disclaimers structure in an insect model. Sci Rep apply.",,,,,,pdfs/sci_reports/s41598-026-59408-8_reference.pdf
10-1038-s41598-026-59909-6article,10.1038/s41598-026-59909-6Article,Scientific Reports,"Cite this article as: Medina-Litardo R.C., We are providing an unedited veRrsion of this manuscript to give early access to its Pérez-Almeida I., Vera-Oyague M. et al. findings. Before final publicaPtion, the manuscript will undergo further editing. Please Cocoa agroecosystems embedded note there may be errors p resent which affect the content, and all legal disclaimers in a neotropical Ramsar wetland apply. support arthropod diversity and",,,,,,pdfs/sci_reports/s41598-026-59909-6_reference.pdf
10-1038-s41598-026-63015-yarticle,10.1038/s41598-026-63015-yArticle,Scientific Reports,"Cite this article as: Tanka D.V., We are providing an unedited veRrsion of this manuscript to give early access to its Mutamiswa R., Coombes C.A. et al. Heat findings. Before final publicaPtion, the manuscript will undergo further editing. Please tolerance and thermal safety margins note there may be errors p resent which affect the content, and all legal disclaimers differentially influence the performance apply. of co-occurring mealybug species",,,,,,pdfs/sci_reports/s41598-026-63015-y_reference.pdf
