slug,doi,journal,item_id,score,note
10-3390-aquacj5010007,10.3390/aquacj5010007,Aquaculture,_eligibility,Y,Empirical study using live juvenile swamp eels (Monopterus albus) in a controlled feeding trial.
10-3390-aquacj5010007,10.3390/aquacj5010007,Aquaculture,subjects_taxon,Y,"Swamp eel (Monopterus albus), juveniles, initially 4.0±0.5g; sex not specified."
10-3390-aquacj5010007,10.3390/aquacj5010007,Aquaculture,subjects_source,Y,Eel fry purchased from a commercial farm; weight ~4g/eel at purchase.
10-3390-aquacj5010007,10.3390/aquacj5010007,Aquaculture,subjects_n,Y,"12 tanks total, 40 eels/m² per tank; 4 treatment groups with 3 replicates; weekly measurements from 10 randomly selected eels per tank."
10-3390-aquacj5010007,10.3390/aquacj5010007,Aquaculture,proc_handling,Y,Eels housed in 12 plastic tanks (1.32m×0.95m×0.66m); black nylon bundles (0.5kg/tank) provided for hiding; tanks partially cleaned daily (50% water replacement).
10-3390-aquacj5010007,10.3390/aquacj5010007,Aquaculture,proc_anaesthesia,NA,No invasive procedures or surgery reported; no anaesthesia required.
10-3390-aquacj5010007,10.3390/aquacj5010007,Aquaculture,proc_biosecurity,NA,"No explicit biosecurity measures mentioned; native species in controlled lab setting, low escape risk."
10-3390-aquacj5010007,10.3390/aquacj5010007,Aquaculture,ethics_review,Y,"Institutional Review Board statement provided: IRB not applicable for aquatic procedures in Vietnam; study adhered to Law on Veterinary Medicine (79/2015/QH13), Law on Animal Husbandry (32/2018/QH14),"
10-3390-aquacj5010007,10.3390/aquacj5010007,Aquaculture,ethics_endpoints,N,"No predefined humane endpoints, welfare checks, or mortality interventions described; no field work."
10-3390-aquacj5010007,10.3390/aquacj5010007,Aquaculture,ethics_statement,N,"Institutional compliance noted in methods but no explicit discussion of welfare considerations or the three Rs (Replacement, Reduction, Refinement)."
10-3390-aquacj5010007,10.3390/aquacj5010007,Aquaculture,nutrition_diet,Y,"Four experimental diet formulations with 0%, 10%, 30%, 50% BSFL meal substitution; detailed ingredient composition provided (Table 1); fed once daily at 5% body weight; no fasting reported."
10-3390-aquacj5010007,10.3390/aquacj5010007,Aquaculture,env_housing,Y,"12 plastic tanks 1.32m×0.95m×0.66m; stocking density 40 eels/m²; black nylon bundles for refugia; daily 50% water replacement; temperature, pH, dissolved oxygen monitored twice daily."
10-3390-aquacj5010007,10.3390/aquacj5010007,Aquaculture,env_acclimation,Y,Eels acclimated for 10 days before experimental feeding began.
10-3390-aquacj5010007,10.3390/aquacj5010007,Aquaculture,env_field,NA,Pure laboratory study with controlled tank conditions; no field work.
10-3390-aquacj5010007,10.3390/aquacj5010007,Aquaculture,health_monitoring,Y,Weight and length measured weekly from 10 randomly selected eels per tank; survival rates recorded; no disease screening or detailed health checks described.
10-3390-aquacj5010007,10.3390/aquacj5010007,Aquaculture,health_injury,Y,"Survival rates reported (75.2–76.0%); implicitly indicates 23.8–24.8% mortality/attrition, but no details on causes, timing, or interventions provided."
10-3390-aquacj5010007,10.3390/aquacj5010007,Aquaculture,fate_end,N,No explicit statement of how eels were killed or their final fate; only that fillets were prepared and analyzed for meat quality.
10-3390-aquacj5010007,10.3390/aquacj5010007,Aquaculture,behaviour_general,Y,Black nylon bundles provided as hiding spaces to support species-typical burrowing/shelter-seeking behavior; no other enrichment or disturbance minimisation mentioned.
10-3390-aquacj5010007,10.3390/aquacj5010007,Aquaculture,affect_indicators,N,No behavioral or physiological stress/pain indicators monitored; no precautionary measures for affective capacity described.
10-3390-aquacj5030016,10.3390/aquacj5030016,Aquaculture,_eligibility,Y,Empirical study using live giant river prawns (Macrobrachium rosenbergii) in controlled rearing experiments.
10-3390-aquacj5030016,10.3390/aquacj5030016,Aquaculture,subjects_taxon,Y,"Macrobrachium rosenbergii, 2023 Year Class, both males and females, adult broodstock."
10-3390-aquacj5030016,10.3390/aquacj5030016,Aquaculture,subjects_source,Y,"Lab colony: CIFA-GI Scampi® strain, genetically improved line maintained at ICAR-CIFA, Bhubaneswar."
10-3390-aquacj5030016,10.3390/aquacj5030016,Aquaculture,subjects_n,Y,"18 boxes (individual rearing) + 6 hapas (group rearing), each pond; 9 males and 9 females per treatment per pond."
10-3390-aquacj5030016,10.3390/aquacj5030016,Aquaculture,proc_handling,Y,"Prawns measured for length and weight before stocking; handling during sampling every 15 days; boxes cleaned using brush, hapas replaced with fresh clean ones."
10-3390-aquacj5030016,10.3390/aquacj5030016,Aquaculture,proc_anaesthesia,NA,No invasive procedures or kill methods described in methods section; no anaesthesia required.
10-3390-aquacj5030016,10.3390/aquacj5030016,Aquaculture,proc_biosecurity,N,"No mention of biosecurity measures, escape prevention, or disposal of contaminated material."
10-3390-aquacj5030016,10.3390/aquacj5030016,Aquaculture,ethics_review,Y,Study approved by ICAR-CIFA Animal Ethical Committee (protocol F.No.ICAR-CIFA/Eth.Comm./2025-26/0330July2025).
10-3390-aquacj5030016,10.3390/aquacj5030016,Aquaculture,ethics_endpoints,N,No predefined humane endpoints or welfare-related stopping criteria mentioned; no discussion of non-target impacts.
10-3390-aquacj5030016,10.3390/aquacj5030016,Aquaculture,ethics_statement,N,"No statement engaging with welfare considerations or the three Rs (Replacement, Reduction, Refinement) relative to study design."
10-3390-aquacj5030016,10.3390/aquacj5030016,Aquaculture,nutrition_diet,Y,"Commercial pellet feed (36% crude protein, 4% lipid), fed once daily at 5% of body weight per day."
10-3390-aquacj5030016,10.3390/aquacj5030016,Aquaculture,env_housing,Y,"Individual rearing: plastic mesh boxes (30×20×20 cm); group rearing: nylon hapas (2 m², 2×1×1 m) in two 0.10 ha earthen ponds; density 3 nos./m² (GR) vs 16.67 nos./m² (IR)."
10-3390-aquacj5030016,10.3390/aquacj5030016,Aquaculture,env_acclimation,N,No acclimation period described; experiment began immediately after stocking.
10-3390-aquacj5030016,10.3390/aquacj5030016,Aquaculture,env_field,NA,Pure lab/pond study with no wild field component; all animals held in captive conditions.
10-3390-aquacj5030016,10.3390/aquacj5030016,Aquaculture,health_monitoring,Y,"Sampling every 15 days; visual health assessment (active, clean exoskeleton, no fouling/spots); morphotypes and maturity recorded; water quality monitored twice weekly."
10-3390-aquacj5030016,10.3390/aquacj5030016,Aquaculture,health_injury,N,"No explicit statement on injuries or unexpected deaths; only survival percentages reported (50%, 77.8%, 100%). Claw loss/damage noted for morphotype classification but no injury counts provided."
10-3390-aquacj5030016,10.3390/aquacj5030016,Aquaculture,fate_end,N,No explicit statement of killing method; methods state 'all surviving prawns were measured' after 70 days but no endpoint or disposition method specified.
10-3390-aquacj5030016,10.3390/aquacj5030016,Aquaculture,behaviour_general,Y,Study directly addresses behavioral/social factors: cannibalism and aggression in group rearing; male social hierarchy (dominance morphotypes) discussed; individual rearing eliminates social stress.
10-3390-aquacj5030016,10.3390/aquacj5030016,Aquaculture,affect_indicators,Y,Survival rates and morphotype distribution serve as behavioral/physiological indicators of welfare; aggression and cannibalism identified as stressors in group rearing.
10-3390-aquacj5040019richfood,10.3390/aquacj5040019richfood,Aquaculture,_eligibility,Y,Empirical study using live Pacific white shrimp (Litopenaeus vannamei) at larval and juvenile stages in controlled aquaculture conditions.
10-3390-aquacj5040019richfood,10.3390/aquacj5040019richfood,Aquaculture,subjects_taxon,Y,"Pacific white shrimp (Litopenaeus vannamei), post-larvae (0.2 mg) and juveniles; life stages clearly identified."
10-3390-aquacj5040019richfood,10.3390/aquacj5040019richfood,Aquaculture,subjects_source,Y,"Post-larvae obtained from private hatchery in Chachoengsao province, Thailand; lab colony origin specified."
10-3390-aquacj5040019richfood,10.3390/aquacj5040019richfood,Aquaculture,subjects_n,Y,"300 PL per replicate aquarium (post-larval), 110 juveniles per tank (grow-out); 3 replicates per treatment; total n=12 tanks."
10-3390-aquacj5040019richfood,10.3390/aquacj5040019richfood,Aquaculture,proc_handling,Y,Acclimation period of 14 days before experiment; shrimp transferred between tanks; weekly sampling and counting performed.
10-3390-aquacj5040019richfood,10.3390/aquacj5040019richfood,Aquaculture,proc_anaesthesia,N,No mention of anaesthesia or analgesia for any procedures. Sampling and sacrifice methods not explicitly detailed with regard to welfare measures.
10-3390-aquacj5040019richfood,10.3390/aquacj5040019richfood,Aquaculture,proc_biosecurity,Y,Freshwater RAS systems used; semi-outdoor conditions protected by wire fence; tanks contained within facility; no escape risk documented.
10-3390-aquacj5040019richfood,10.3390/aquacj5040019richfood,Aquaculture,ethics_review,Y,"Institutional review approved: 'SERD-2024-10, 19 March 2024' from School of Environment Resources and Development (SERD), Asian Institute of Technology."
10-3390-aquacj5040019richfood,10.3390/aquacj5040019richfood,Aquaculture,ethics_endpoints,N,No predefined humane endpoints stated. Mortality observed during experiments but no explicit stopping criteria or welfare-based endpoints documented.
10-3390-aquacj5040019richfood,10.3390/aquacj5040019richfood,Aquaculture,ethics_statement,N,"Institutional permit mentioned but no discussion of welfare reasoning or the 3Rs (Replacement, Reduction, Refinement) in study design."
10-3390-aquacj5040019richfood,10.3390/aquacj5040019richfood,Aquaculture,nutrition_diet,Y,"Commercial shrimp feed (43% CP for PL, 40% CP for grow-out) with 10% contaminated corn; fed to satiation 3× daily (PL) or 2× daily (grow-out); no mention of fasting."
10-3390-aquacj5040019richfood,10.3390/aquacj5040019richfood,Aquaculture,env_housing,Y,100 L aquaria (post-larval) and 300 L fiberglass tanks (grow-out); semi-outdoor conditions with aeration; 12 h light:12 h dark photoperiod; temperature 27–28°C maintained; water exchange weekly.
10-3390-aquacj5040019richfood,10.3390/aquacj5040019richfood,Aquaculture,env_acclimation,Y,14-day acclimation period before experiment; shrimp kept in two fiberglass tanks under same conditions and fed control diet.
10-3390-aquacj5040019richfood,10.3390/aquacj5040019richfood,Aquaculture,env_field,NA,Pure laboratory study; no field component.
10-3390-aquacj5040019richfood,10.3390/aquacj5040019richfood,Aquaculture,health_monitoring,Y,"Water quality parameters monitored weekly (pH, temperature, DO, ammonia, nitrite); mortality and external body condition observed daily during bacterial challenge; morphological analysis of organs at "
10-3390-aquacj5040019richfood,10.3390/aquacj5040019richfood,Aquaculture,health_injury,Y,Mortality recorded monthly during grow-out and daily during bacterial challenge; survival rates reported; no injuries mentioned but intestinal inflammation and abnormal hepatopancreas noted in some gr
10-3390-aquacj5040019richfood,10.3390/aquacj5040019richfood,Aquaculture,fate_end,N,"Shrimp sampling and sacrifice method not explicitly named. Text states samples 'randomly selected for sacrifice in the deep freezer' but no explicit killing method (e.g., freezing duration, temperatur"
10-3390-aquacj5040019richfood,10.3390/aquacj5040019richfood,Aquaculture,behaviour_general,Y,Feeding behavior observed and recorded; tanks provide basic structure; no enrichment explicitly mentioned; disturbance minimisation not addressed.
10-3390-aquacj5040019richfood,10.3390/aquacj5040019richfood,Aquaculture,affect_indicators,Y,"Shell color, stomach fullness, intestinal coloration (inflammation vs. normal), hepatopancreas appearance assessed as morphological indicators of health status; no explicit stress/pain indicators stat"
10-3390-aquacj5040020,10.3390/aquacj5040020,Aquaculture,_eligibility,Y,"Empirical study using live freshwater sponges (Radiospongilla inesi, Porifera) collected and examined in laboratory."
10-3390-aquacj5040020,10.3390/aquacj5040020,Aquaculture,subjects_taxon,Y,Radiospongilla inesi (Spongillidae); life stage not specified; identified via morphological analysis of gemmules and spicules.
10-3390-aquacj5040020,10.3390/aquacj5040020,Aquaculture,subjects_source,Y,"Wild-collected from Chavantes Reservoir, Paranapanema River, Brazil (23°07'31.3"" S, 49°37'40.6"" W); collected October–November 2024 from net cages (n=3) and submerged branches (n=5)."
10-3390-aquacj5040020,10.3390/aquacj5040020,Aquaculture,subjects_n,Y,"Eight sponge samples collected; 20 structures measured per sample (gemmules, megascleres, microscleres, spicules). No attrition reported between collection and analysis."
10-3390-aquacj5040020,10.3390/aquacj5040020,Aquaculture,proc_handling,Y,"Specimens collected from cages and natural substrates; naturally dried under sunlight and transported to laboratory. No restraint, tagging, or marking described."
10-3390-aquacj5040020,10.3390/aquacj5040020,Aquaculture,proc_anaesthesia,NA,No invasive procedures performed; only morphological examination and dissociation of sponge tissue using nitric acid protocol.
10-3390-aquacj5040020,10.3390/aquacj5040020,Aquaculture,proc_biosecurity,N,"No discussion of containment, escape prevention, or disposal of sponge material post-examination despite non-native risk being discussed."
10-3390-aquacj5040020,10.3390/aquacj5040020,Aquaculture,ethics_review,Y,Explicitly states exemption from formal ethical review under CONCEA Normative Resolution 50 because sponges (Porifera) are not within Chordata/Vertebrata.
10-3390-aquacj5040020,10.3390/aquacj5040020,Aquaculture,ethics_statement,N,"No discussion of welfare considerations, the three Rs, or how study design addressed animal welfare. Only regulatory exemption stated."
10-3390-aquacj5040020,10.3390/aquacj5040020,Aquaculture,nutrition_diet,NA,"Not applicable; wild-collected specimens examined morphologically, not maintained in culture or fed."
10-3390-aquacj5040020,10.3390/aquacj5040020,Aquaculture,env_housing,N,"Specimens transported to laboratory but no description of housing conditions, duration of holding, or containment before processing."
10-3390-aquacj5040020,10.3390/aquacj5040020,Aquaculture,env_acclimation,N,No acclimation period described; specimens dried after collection and processed at laboratory.
10-3390-aquacj5040020,10.3390/aquacj5040020,Aquaculture,env_field,Y,"Field site detailed: Chavantes Reservoir, Paranapanema River, Brazil; described as accumulation-type hydroelectric reservoir with seasonal water-level fluctuations; collection from net cages and natur"
10-3390-aquacj5040020,10.3390/aquacj5040020,Aquaculture,health_monitoring,N,"No welfare checks, condition assessment, or disease/parasite screening performed on live specimens before processing."
10-3390-aquacj5040020,10.3390/aquacj5040020,Aquaculture,health_injury,N,"No mention of injuries, mortality, or unexpected deaths during collection, transport, or laboratory holding."
10-3390-aquacj5040020,10.3390/aquacj5040020,Aquaculture,fate_end,Y,"Specimens treated with 65% nitric acid (chemical disaggregation), centrifuged, washed, mounted in Entellan on microscope slides for morphological analysis. Final fate after examination not stated."
10-3390-aquacj5040020,10.3390/aquacj5040020,Aquaculture,behaviour_general,N,"No description of species-typical behaviour, habitat use, refugia, or social grouping observed or maintained."
10-3390-aquacj5040020,10.3390/aquacj5040020,Aquaculture,affect_indicators,N,"No assessment of behavioural or physiological stress indicators, or discussion of precautionary measures regarding sponge sentience/affective capacity."
10-3390-aquacj5040024,10.3390/aquacj5040024,Aquaculture,_eligibility,Y,"Empirical study using live mussels (Mytilus galloprovincialis, molluscs) subjected to air exposure experiments."
10-3390-aquacj5040024,10.3390/aquacj5040024,Aquaculture,subjects_taxon,Y,Mediterranean mussel Mytilus galloprovincialis identified; life stage (juveniles/adults) implied; sex not specified.
10-3390-aquacj5040024,10.3390/aquacj5040024,Aquaculture,subjects_source,Y,"Mussels from experimental mussel farm in Mar Piccolo, second inlet, Taranto; wild-collected origin implied via farm collection."
10-3390-aquacj5040024,10.3390/aquacj5040024,Aquaculture,subjects_n,Y,Before treatment: 40 individuals; per treatment post-exposure: 40 individuals × 8 treatments = 320 mussels total sampled.
10-3390-aquacj5040024,10.3390/aquacj5040024,Aquaculture,proc_handling,Y,"Mussels retrieved from experimental rooms, transported on boat loading floor, hung on facilities; gentle detachment from ropes to preserve byssus."
10-3390-aquacj5040024,10.3390/aquacj5040024,Aquaculture,proc_anaesthesia,NA,No invasive surgical procedures performed; mussels exposed to air and measured post-hoc; no anaesthesia/analgesia applicable.
10-3390-aquacj5040024,10.3390/aquacj5040024,Aquaculture,proc_biosecurity,NA,Native species in natural habitat; no captive holding away from ecosystem; not applicable to this field-based farm study design.
10-3390-aquacj5040024,10.3390/aquacj5040024,Aquaculture,ethics_review,Y,Institutional Review Board Statement: ethical approval waived per Italian Legislative Decree 26/2014 for invertebrate research; informed consent obtained from farm owner.
10-3390-aquacj5040024,10.3390/aquacj5040024,Aquaculture,ethics_endpoints,N,No predefined humane endpoints stated; no discussion of anticipated non-target impacts or mortality monitoring criteria.
10-3390-aquacj5040024,10.3390/aquacj5040024,Aquaculture,ethics_statement,N,"No statement engaging welfare considerations or three Rs; ethics section only cites regulatory waiver, not welfare reasoning."
10-3390-aquacj5040024,10.3390/aquacj5040024,Aquaculture,nutrition_diet,N,"No diet, feeding, fasting, or water provision information provided; mussels are filter-feeders in situ but no experimental diet described."
10-3390-aquacj5040024,10.3390/aquacj5040024,Aquaculture,env_housing,Y,Four facility types described: wooden/galvanized iron racks with/without hemp/HDPE cloth covers; suspended in seawater via socks; dimensions and substrate detailed.
10-3390-aquacj5040024,10.3390/aquacj5040024,Aquaculture,env_acclimation,N,No acclimation period before air exposure treatment described; mussels transferred directly from farm to experimental facilities.
10-3390-aquacj5040024,10.3390/aquacj5040024,Aquaculture,env_field,Y,"Study site: Mar Piccolo, Taranto, Mediterranean Sea, coordinates provided; temperature monitored; air exposure procedure ('sciorinatura') described; ~24h exposure cycle."
10-3390-aquacj5040024,10.3390/aquacj5040024,Aquaculture,health_monitoring,Y,"Condition index (CI) calculated from shell length, dry flesh weight, dry shell weight; measurements performed post-exposure; physical condition assessed."
10-3390-aquacj5040024,10.3390/aquacj5040024,Aquaculture,health_injury,N,"No explicit statement on injuries, mortality, or unexpected deaths during 24h air exposure or handling; silence on these events."
10-3390-aquacj5040024,10.3390/aquacj5040024,Aquaculture,fate_end,Y,Mussels oven-dried at 104°C for 48h for shell and flesh analysis; killing method implicit in drying protocol but not explicitly named as killing method.
10-3390-aquacj5040024,10.3390/aquacj5040024,Aquaculture,behaviour_general,Y,Species-typical behaviour noted: mussels close valves during air exposure to prevent water loss; no refugia or enrichment provided beyond natural sock structure.
10-3390-aquacj5040024,10.3390/aquacj5040024,Aquaculture,affect_indicators,Y,Condition index used as physiological indicator of stress and nutritional status; metabolic impacts of air exposure and thermal stress discussed in results/discussion.
10-3390-aquacj6010007,10.3390/aquacj6010007,Aquaculture,_eligibility,Y,Empirical study using live Octopus mimus (mollusc cephalopod) females for transcriptomic analysis of spawning regulation.
10-3390-aquacj6010007,10.3390/aquacj6010007,Aquaculture,subjects_taxon,Y,"Octopus mimus, females, identified to species; life stage (reproductive females) specified."
10-3390-aquacj6010007,10.3390/aquacj6010007,Aquaculture,subjects_source,Y,"Wild-collected off Vila Vila coast, southern Peru (−18.1154453, −70.7242811), October-November 2023."
10-3390-aquacj6010007,10.3390/aquacj6010007,Aquaculture,subjects_n,Y,30 individuals captured; N=10 females per treatment group (20 total females analysed); no attrition reported.
10-3390-aquacj6010007,10.3390/aquacj6010007,Aquaculture,proc_handling,Y,Captured by artisanal fishing; transported in 150L tanks at 15°C; distributed into 500L circular tanks; described handling and housing.
10-3390-aquacj6010007,10.3390/aquacj6010007,Aquaculture,proc_anaesthesia,Y,"Anaesthetised with 1.5% magnesium chloride for 10min, then 3.5% for 15min; vena cava severed after anaesthesia for tissue collection; humane euthanasia stated."
10-3390-aquacj6010007,10.3390/aquacj6010007,Aquaculture,proc_biosecurity,N,No mention of escape prevention measures or contaminated material disposal; native species with no stated biosecurity risk.
10-3390-aquacj6010007,10.3390/aquacj6010007,Aquaculture,ethics_review,Y,"Protocol approved by Ethics Committee of Universidad Nacional Jorge Basadre Grohhmann, registration 2023-012-CEIUNJBG, approved 30 January 2023."
10-3390-aquacj6010007,10.3390/aquacj6010007,Aquaculture,ethics_endpoints,N,No predefined humane endpoints or anticipated non-target impacts discussed; no mention of monitoring for mortality or injury.
10-3390-aquacj6010007,10.3390/aquacj6010007,Aquaculture,ethics_statement,Y,"Experimental design conducted in accordance with 3Rs principles (Replacement, Reduction, Refinement), employing minimum animals necessary for scientific validity."
10-3390-aquacj6010007,10.3390/aquacj6010007,Aquaculture,nutrition_diet,Y,Fed ad libitum every two days with crab (Platyxanthus orbigny) and 'muy muy' (Emerita analoga); feeding procedures remained constant throughout.
10-3390-aquacj6010007,10.3390/aquacj6010007,Aquaculture,env_housing,Y,"500L circular tanks, PVC tube shelters (25×50×20cm), seawater flow-through, 18±1°C, 35PSU, semi-darkness (<100lx) or artificial light (500lx, 24:0); natural photoperiod control."
10-3390-aquacj6010007,10.3390/aquacj6010007,Aquaculture,env_acclimation,Y,15-day acclimation period after arrival before separation by sex and photoperiod treatment assignment.
10-3390-aquacj6010007,10.3390/aquacj6010007,Aquaculture,env_field,NA,No field procedures; pure aquaculture laboratory study with captive holding.
10-3390-aquacj6010007,10.3390/aquacj6010007,Aquaculture,health_monitoring,Y,Monitoring conducted to observe whether females ceased feeding or initiated spawning; physical/chemical parameters monitored throughout.
10-3390-aquacj6010007,10.3390/aquacj6010007,Aquaculture,health_injury,N,"No statement regarding injuries, unexpected deaths, or health conditions; silence on welfare events."
10-3390-aquacj6010007,10.3390/aquacj6010007,Aquaculture,fate_end,Y,"Specific killing method stated: vena cava severed following anaesthesia (1.5% magnesium chloride 10min, then 3.5% for 15min) to ensure humane euthanasia prior to tissue collection."
10-3390-aquacj6010007,10.3390/aquacj6010007,Aquaculture,behaviour_general,Y,Shelters provided for refugia; egg-caring behaviour (females tending egg clusters) observed and monitored; disturbance during sampling minimised by anaesthesia.
10-3390-aquacj6010007,10.3390/aquacj6010007,Aquaculture,affect_indicators,N,No behavioural or physiological stress/pain/distress indicators monitored; no precautionary welfare measures for affective state assessment described.
10-3390-aquacj6020012,10.3390/aquacj6020012,Aquaculture,_eligibility,Y,"Empirical study using live Manila clams (Ruditapes philippinarum, bivalve molluscs) in aquaculture rearing systems."
10-3390-aquacj6020012,10.3390/aquacj6020012,Aquaculture,subjects_taxon,Y,"Manila clam (Ruditapes philippinarum); seed material 1.34 mg mean weight, 1.68 mm length at stocking."
10-3390-aquacj6020012,10.3390/aquacj6020012,Aquaculture,subjects_source,Y,"Seed purchased from Naturadulls Srl (Goro, Italy) on 8 September 2025; commercial supplier named."
10-3390-aquacj6020012,10.3390/aquacj6020012,Aquaculture,subjects_n,Y,"Upwelling: ~258,000 individuals per replicate (V,R series). Flat-bottom: ~230,436 per tank (G1-G4). Mortality recorded: 17.6% (upwelling V), 16% (R), 18.3-29.9% (flat-bottom)."
10-3390-aquacj6020012,10.3390/aquacj6020012,Aquaculture,proc_handling,Y,Stocking into upwelling units (initial ~216 ind./cm²) and flat-bottom tanks (~30 ind./cm²); periodic grading and redistribution; no capture/restraint described as invasive.
10-3390-aquacj6020012,10.3390/aquacj6020012,Aquaculture,proc_anaesthesia,NA,"No invasive procedures (surgery, injection, dissection) reported; standard rearing practices only."
10-3390-aquacj6020012,10.3390/aquacj6020012,Aquaculture,proc_biosecurity,Y,"Open-flow circuits drawing water from Sacca degli Scardovari; no explicit escape prevention or disposal protocols stated, but facility is commercial aquaculture setting."
10-3390-aquacj6020012,10.3390/aquacj6020012,Aquaculture,ethics_review,Y,Institutional Review Board Statement: study conducted under Directive 2010/63/EU; notes bivalves not covered by regulation requiring ethical approval; standard aquaculture practices applied.
10-3390-aquacj6020012,10.3390/aquacj6020012,Aquaculture,ethics_endpoints,N,"No predefined humane endpoints or criteria for intervention (e.g., stress indicators, maximum stocking density limits) stated; no field work."
10-3390-aquacj6020012,10.3390/aquacj6020012,Aquaculture,ethics_statement,Y,IRB statement engages with regulatory context and welfare reasoning: 'No experimental manipulations affecting animal physiology or procedures likely to cause harm or distress were involved.'
10-3390-aquacj6020012,10.3390/aquacj6020012,Aquaculture,nutrition_diet,Y,Fed using lagoon water (Sacca degli Scardovari); phytoplankton (chlorophyll-a) primary food source; water exchange rates set to ensure adequate feeding (≥15–20 mL/min/g biomass); no fasting described.
10-3390-aquacj6020012,10.3390/aquacj6020012,Aquaculture,env_housing,Y,"Upwelling: PVC cylindrical units (39 cm diameter); flat-bottom: circular tanks (100 cm diameter, 65 cm height, ~500 L). Sand substrate tested in 2 of 4 tanks; water flow rates, temperature (13–25.8°C)"
10-3390-aquacj6020012,10.3390/aquacj6020012,Aquaculture,env_acclimation,N,No explicit acclimation period or gradual conditioning described; clams stocked directly into experimental systems.
10-3390-aquacj6020012,10.3390/aquacj6020012,Aquaculture,env_field,Y,"Field site: Sacca degli Scardovari (Po River Delta, Italy); water drawn from natural lagoon; environmental parameters monitored continuously (temperature, salinity, DO, chlorophyll-a) via ARPAV buoy."
10-3390-aquacj6020012,10.3390/aquacj6020012,Aquaculture,health_monitoring,Y,"Water quality checked Monday–Friday (dissolved oxygen, temperature); salinity measured weekly; visual inspection after electrical failure event (days 18–20); no disease screening reported."
10-3390-aquacj6020012,10.3390/aquacj6020012,Aquaculture,health_injury,Y,Electrical failure (days 18–20) caused 'severe stress and temporary slowdown in growth'; visual inspection found no significant mortality at that time; final mortality recorded (17.6–29.9% range depen
10-3390-aquacj6020012,10.3390/aquacj6020012,Aquaculture,fate_end,N,No explicit killing method stated. Clams were harvested and weighed; final grading performed to estimate mean weight and number; no statement of how clams were killed or preserved.
10-3390-aquacj6020012,10.3390/aquacj6020012,Aquaculture,behaviour_general,Y,Clams observed to form byssal aggregates over time despite even seeding; presence/absence of sand substrate tested; discussion notes clams on sand 'markedly cleaner' with less microfouling film.
10-3390-aquacj6020012,10.3390/aquacj6020012,Aquaculture,affect_indicators,Y,Electrical failure event described as causing 'severe stress'; visual inspection conducted post-event; growth slowdown and temporary behavioral changes noted; dissolved oxygen maintained above 3 mg/L 
10-3390-aquacj6020014,10.3390/aquacj6020014,Aquaculture,_eligibility,Y,Empirical study using live Pacific oysters (Magallana gigas) in field cultivation sites over 8 months.
10-3390-aquacj6020014,10.3390/aquacj6020014,Aquaculture,subjects_taxon,Y,"Pacific oyster, Magallana gigas (Crassostrea gigas); spat (juveniles); no sex specified for oysters."
10-3390-aquacj6020014,10.3390/aquacj6020014,Aquaculture,subjects_source,Y,"5000 spat obtained from Marine Species Reproduction Center of Sonora, Mexico; initial shell height 5.0±0.1 mm."
10-3390-aquacj6020014,10.3390/aquacj6020014,Aquaculture,subjects_n,Y,5000 spat per site; 50 oysters sampled monthly; 30 oysters per site for condition index. No attrition reported.
10-3390-aquacj6020014,10.3390/aquacj6020014,Aquaculture,proc_handling,Y,"Oysters cultured using suspended trays; sampling involved washing with distilled water, drying with absorbent paper; measured monthly."
10-3390-aquacj6020014,10.3390/aquacj6020014,Aquaculture,proc_anaesthesia,NA,No invasive procedures performed; oysters measured non-invasively; tissue sampling for condition index was destructive but post-hoc.
10-3390-aquacj6020014,10.3390/aquacj6020014,Aquaculture,proc_biosecurity,N,No mention of escape prevention measures or disposal of contaminated material.
10-3390-aquacj6020014,10.3390/aquacj6020014,Aquaculture,ethics_review,Y,Institutional Review Board statement: ethical review waived because invertebrate species not subject to ethical approval under current guidelines.
10-3390-aquacj6020014,10.3390/aquacj6020014,Aquaculture,ethics_statement,Y,IRB statement notes procedures followed standard aquaculture practices 'conducted with care to minimize stress during handling'.
10-3390-aquacj6020014,10.3390/aquacj6020014,Aquaculture,nutrition_diet,N,"Oysters were filter-feeders; natural food availability (phytoplankton) monitored via chlorophyll-a, but no controlled diet or feeding regimen described."
10-3390-aquacj6020014,10.3390/aquacj6020014,Aquaculture,env_housing,Y,Field cultivation in coastal lagoon using traditional suspended tray system; two sites (EZ and FZ) established; temperature and environmental variables monitored monthly.
10-3390-aquacj6020014,10.3390/aquacj6020014,Aquaculture,env_acclimation,N,No acclimation period described; spat seeded directly on 4 April 2022; culture extended until 21 December 2022.
10-3390-aquacj6020014,10.3390/aquacj6020014,Aquaculture,env_field,Y,"Two coastal lagoon sites in Los Melagos, Sonora, Mexico; EZ near shrimp farm discharge, FZ reference area; water temperature, chlorophyll-a, seasonality documented."
10-3390-aquacj6020014,10.3390/aquacj6020014,Aquaculture,health_monitoring,Y,"Monthly sampling of shell height, length, total weight; condition index calculated; environmental variables monitored; survival recorded (90% EZ, 94% FZ)."
10-3390-aquacj6020014,10.3390/aquacj6020014,Aquaculture,health_injury,Y,"Survival rates reported (90% in EZ, 94% in FZ); no mention of injuries or unexpected deaths; no disease screening performed."
10-3390-aquacj6020014,10.3390/aquacj6020014,Aquaculture,fate_end,Y,"For condition index, 30 oysters per site: 'organisms cleaned, opened, and soft tissues separated'; tissues dried at 80°C for 48h and weighed. Method of euthanasia not explicitly named but implied by t"
10-3390-aquacj6020014,10.3390/aquacj6020014,Aquaculture,behaviour_general,N,"No description of species-typical behavior, refugia, enrichment, or disturbance minimization in the suspended tray system."
10-3390-aquacj6020014,10.3390/aquacj6020014,Aquaculture,affect_indicators,N,No behavioral or physiological stress indicators documented; no precautionary measures for affective capacity uncertainty discussed.
10-3390-aquacj6030023,10.3390/aquacj6030023,Aquaculture,_eligibility,Y,Empirical study using live juvenile and adult freshwater prawns (Macrobrachium caementarius) in recirculating aquaculture system experiments.
10-3390-aquacj6030023,10.3390/aquacj6030023,Aquaculture,subjects_taxon,Y,Macrobrachium caementarius identified; two life stages: juveniles (mean 1.79±0.17g) and adults (mean 15.91±0.63g).
10-3390-aquacj6030023,10.3390/aquacj6030023,Aquaculture,subjects_source,Y,"Prawns obtained from Crustacean Culture Laboratory of Universidad Católica del Norte (UCN), a lab colony."
10-3390-aquacj6030023,10.3390/aquacj6030023,Aquaculture,subjects_n,Y,Two life-stage groups; three replicate tanks per stage (n=3); three 24h trials per tank; no attrition reported.
10-3390-aquacj6030023,10.3390/aquacj6030023,Aquaculture,proc_handling,Y,"Acclimation for 15 days prior to experiment; housed in fiberglass tanks; density specified (46 ind/m² juveniles, 19 ind/m² adults)."
10-3390-aquacj6030023,10.3390/aquacj6030023,Aquaculture,proc_anaesthesia,NA,No invasive procedures or killing during experimental period; only physiological measurements and feeding.
10-3390-aquacj6030023,10.3390/aquacj6030023,Aquaculture,proc_biosecurity,Y,Recirculating system with biofilter; make-up water from municipal supply with 24h aeration for dechlorination.
10-3390-aquacj6030023,10.3390/aquacj6030023,Aquaculture,ethics_review,Y,Reviewed and approved by ethics and biotechnology committee (CECUCN) at Universidad Católica del Norte; approval date 16 November 2021.
10-3390-aquacj6030023,10.3390/aquacj6030023,Aquaculture,ethics_endpoints,N,No explicit statement of predefined humane endpoints or anticipated impacts; no field work involved.
10-3390-aquacj6030023,10.3390/aquacj6030023,Aquaculture,ethics_statement,Y,"Statement that authors followed 'all applicable international, national, and institutional guidelines for the care and use of animals.'"
10-3390-aquacj6030023,10.3390/aquacj6030023,Aquaculture,nutrition_diet,Y,"Commercial salmonid diet (48.5% crude protein, 18.5% lipids, 1.9% crude fiber, 12% ash, 10% moisture); fed at 5% body weight/day."
10-3390-aquacj6030023,10.3390/aquacj6030023,Aquaculture,env_housing,Y,"Fiberglass tanks 1.46m² surface, 0.5m³ volume; temperature maintained at 23°C; 12 PVC shelters per tank; outdoor under natural photoperiod; water inlet 12 L/min."
10-3390-aquacj6030023,10.3390/aquacj6030023,Aquaculture,env_acclimation,Y,15-day acclimation period to experimental culture conditions prior to start of experiment.
10-3390-aquacj6030023,10.3390/aquacj6030023,Aquaculture,env_field,NA,Pure lab/indoor RAS study; no field component.
10-3390-aquacj6030023,10.3390/aquacj6030023,Aquaculture,health_monitoring,Y,Visual confirmation of feeding activity; monitoring of molt events (exuviae removed daily); observations of abnormal behaviour (none recorded).
10-3390-aquacj6030023,10.3390/aquacj6030023,Aquaculture,health_injury,Y,No mortality occurred during experimental periods; no abnormal behavioural signs recorded; statement that no molting occurred during 24h batch measurement windows.
10-3390-aquacj6030023,10.3390/aquacj6030023,Aquaculture,fate_end,N,No explicit statement of killing method; prawns were maintained alive throughout study and no disposal method is mentioned.
10-3390-aquacj6030023,10.3390/aquacj6030023,Aquaculture,behaviour_general,Y,PVC tube shelters provided (12 per tank); feeding confirmed actively observed within 15 min of feed addition; note of territorial behaviour potential.
10-3390-aquacj6030023,10.3390/aquacj6030023,Aquaculture,affect_indicators,Y,"Observations for abnormal behavioural signs (surfacing, aggregation, erratic swimming) recorded; no stress or distress indicators observed."
10-3390-aquacj6030025,10.3390/aquacj6030025,Aquaculture,_eligibility,Y,Empirical study using live Pacific white shrimp (Litopenaeus vannamei) in controlled aquaculture trials.
10-3390-aquacj6030025,10.3390/aquacj6030025,Aquaculture,subjects_taxon,Y,"Pacific white shrimp, Litopenaeus vannamei; post-larvae and juveniles; sexes not specified."
10-3390-aquacj6030025,10.3390/aquacj6030025,Aquaculture,subjects_source,Y,"Post-larvae supplied by Homegrown Shrimp LLC, Indiantown, FL, USA; commercial source named."
10-3390-aquacj6030025,10.3390/aquacj6030025,Aquaculture,subjects_n,Y,"Green water trial: 30 shrimp per tank, 36 tanks, 9 diets with 4 replicates. Clear water trial: 15 shrimp per tank, 44 tanks, 9 diets with 4-5 replicates. Initial weights reported."
10-3390-aquacj6030025,10.3390/aquacj6030025,Aquaculture,proc_handling,Y,Post-larvae acclimated and nursed until appropriate size; stocked into tanks at specified densities; bulk-weighed biweekly or weekly.
10-3390-aquacj6030025,10.3390/aquacj6030025,Aquaculture,proc_anaesthesia,NA,"No invasive procedures performed; study involved feeding trials and non-invasive sampling (freezing for composition analysis, gut samples)."
10-3390-aquacj6030025,10.3390/aquacj6030025,Aquaculture,proc_biosecurity,N,No mention of escape prevention measures or disposal protocols for contaminated material in captive systems.
10-3390-aquacj6030025,10.3390/aquacj6030025,Aquaculture,ethics_review,Y,Institutional Review Board Statement states: 'US law does not include invertebrates in IACUC requirement...This study was exempt from IACUC review.'
10-3390-aquacj6030025,10.3390/aquacj6030025,Aquaculture,ethics_endpoints,N,No predefined humane endpoints mentioned; study does not address anticipated non-target impacts or mortality management protocols.
10-3390-aquacj6030025,10.3390/aquacj6030025,Aquaculture,ethics_statement,N,"No statement engaging with welfare considerations or the three Rs; compliance mentions are regulatory, not welfare-reasoning based."
10-3390-aquacj6030025,10.3390/aquacj6030025,Aquaculture,nutrition_diet,Y,Nine diets formulated with different soybean protein sources; iso-nitrogenous (35 g 100g−1 protein) and iso-lipidic (8 g 100g−1 lipid); fed four times daily (green water) or based on FCR (clear water)
10-3390-aquacj6030025,10.3390/aquacj6030025,Aquaculture,env_housing,Y,"Green water: 800 L tanks, aeration via airstones, fluidized bed filters, 5% daily water exchange. Clear water: 80 L glass aquaria connected to 800 L reservoir, bead filter and biological filter, airst"
10-3390-aquacj6030025,10.3390/aquacj6030025,Aquaculture,env_acclimation,Y,Post-larvae acclimated and placed in nursery tank for rearing until appropriate size before stocking into experimental tanks; duration of acclimation period not explicitly stated.
10-3390-aquacj6030025,10.3390/aquacj6030025,Aquaculture,env_field,NA,Both trials conducted indoors/in controlled aquaculture systems; no field component.
10-3390-aquacj6030025,10.3390/aquacj6030025,Aquaculture,health_monitoring,Y,"Water quality parameters monitored twice daily (temperature, salinity, dissolved oxygen, pH); weekly (green water) or biweekly (clear water) measurements of TAN, nitrite, nitrate, alkalinity, calcium,"
10-3390-aquacj6030025,10.3390/aquacj6030025,Aquaculture,health_injury,N,"No mention of injuries, unexpected deaths, disease screening, or explicit statement that none occurred; survival rates reported but no narrative of events."
10-3390-aquacj6030025,10.3390/aquacj6030025,Aquaculture,fate_end,Y,Shrimp samples frozen at −20°C for whole-body composition analysis; gut samples frozen in liquid nitrogen and stored at −80°C for microbiota analysis. Specific killing method not explicitly named but 
10-3390-aquacj6030025,10.3390/aquacj6030025,Aquaculture,behaviour_general,N,"No description of enclosure design supporting species-typical behaviour, refugia, enrichment, or disturbance minimisation measures."
10-3390-aquacj6030025,10.3390/aquacj6030025,Aquaculture,affect_indicators,N,No behavioural or physiological stress indicators assessed; no precautionary measures discussed regarding affective capacity in shrimp.
10-1016-j-anbehav-2026-123540,10.1016/j.anbehav.2026.123540,Animal Behaviour,_eligibility,Y,Empirical study using live wolf spiders (Schizocosa ocreata) in controlled laboratory experiments.
10-1016-j-anbehav-2026-123540,10.1016/j.anbehav.2026.123540,Animal Behaviour,subjects_taxon,Y,"Schizocosa ocreata (wolf spider); collected as juveniles in spring 2021, tested as adults; females used in trials."
10-1016-j-anbehav-2026-123540,10.1016/j.anbehav.2026.123540,Animal Behaviour,subjects_source,Y,"Wild-collected at Cincinnati Nature Center, Rowe Woods facility, Clermont County, OH, spring 2021; raised to maturity in lab."
10-1016-j-anbehav-2026-123540,10.1016/j.anbehav.2026.123540,Animal Behaviour,subjects_n,Y,"Three treatment groups: infected N=77, control 1 N=72, control 2 N=70; analysis focused on N=149 (infected + control 1)."
10-1016-j-anbehav-2026-123540,10.1016/j.anbehav.2026.123540,Animal Behaviour,proc_handling,Y,"Spiders collected as juveniles, housed individually in Solo deli containers; monitored daily for moulting and development."
10-1016-j-anbehav-2026-123540,10.1016/j.anbehav.2026.123540,Animal Behaviour,proc_anaesthesia,NA,No surgical or invasive procedures performed; infection was oral (bacterial suspension droplet); no anaesthesia needed.
10-1016-j-anbehav-2026-123540,10.1016/j.anbehav.2026.123540,Animal Behaviour,proc_biosecurity,N,No mention of escape prevention measures or disposal of contaminated material; species is native to study region.
10-1016-j-anbehav-2026-123540,10.1016/j.anbehav.2026.123540,Animal Behaviour,ethics_review,N,"No mention of institutional ethics review, permit numbers, or regulatory approval; no explicit statement about ethics review."
10-1016-j-anbehav-2026-123540,10.1016/j.anbehav.2026.123540,Animal Behaviour,ethics_endpoints,N,No predefined humane endpoints described; no discussion of anticipated non-target impacts or injury prevention.
10-1016-j-anbehav-2026-123540,10.1016/j.anbehav.2026.123540,Animal Behaviour,ethics_statement,N,No engagement with welfare considerations or three Rs principles; study focused on behavioural outcomes without welfare discussion.
10-1016-j-anbehav-2026-123540,10.1016/j.anbehav.2026.123540,Animal Behaviour,nutrition_diet,Y,Fed two 3.2 mm crickets twice weekly; water ad libitum via sterile cotton dental wick; fasted 2 days before trials.
10-1016-j-anbehav-2026-123540,10.1016/j.anbehav.2026.123540,Animal Behaviour,env_housing,Y,"Individual opaque plastic Solo deli containers (9 cm diameter, 5 cm tall); 13:11 h light:dark cycle; 24±1°C; humidity >50%."
10-1016-j-anbehav-2026-123540,10.1016/j.anbehav.2026.123540,Animal Behaviour,env_acclimation,Y,Spiders raised from juvenile to maturity under controlled conditions; tested at 2–3 weeks post-final moult at peak receptivity.
10-1016-j-anbehav-2026-123540,10.1016/j.anbehav.2026.123540,Animal Behaviour,env_field,NA,Pure laboratory study; field collection described but no field holding or experimental procedures in field.
10-1016-j-anbehav-2026-123540,10.1016/j.anbehav.2026.123540,Animal Behaviour,health_monitoring,Y,All individuals monitored daily to record moulting and document development; compromised individuals excluded from study.
10-1016-j-anbehav-2026-123540,10.1016/j.anbehav.2026.123540,Animal Behaviour,health_injury,N,"No explicit statement about injuries, mortality, or unexpected deaths during the experiment; exclusion criteria mentioned but no outcome data."
10-1016-j-anbehav-2026-123540,10.1016/j.anbehav.2026.123540,Animal Behaviour,fate_end,N,No specific method of killing or final disposition of spiders described; study does not address how animals were euthanised at conclusion.
10-1016-j-anbehav-2026-123540,10.1016/j.anbehav.2026.123540,Animal Behaviour,behaviour_general,Y,"Experimental arena (20 cm diameter, 7 cm height) allowed observable mating behaviour; video/vibratory playback stimuli presented; 5 min trials conducted."
10-1016-j-anbehav-2026-123540,10.1016/j.anbehav.2026.123540,Animal Behaviour,affect_indicators,Y,"Female receptivity displays (slow pivot, settle, tandem leg extend) quantified; receptivity measured as proxy for mate choosiness and preference."
10-1016-j-anbehav-2026-123545,10.1016/j.anbehav.2026.123545,Animal Behaviour,_eligibility,Y,"Empirical study using live invertebrates (ants, Formica selysi) throughout multiple experiments."
10-1016-j-anbehav-2026-123545,10.1016/j.anbehav.2026.123545,Animal Behaviour,subjects_taxon,Y,"Formica selysi (Alpine silver ant) specified; workers, queens, males identified; life stages clear (sexual individuals emerged, adults used)."
10-1016-j-anbehav-2026-123545,10.1016/j.anbehav.2026.123545,Animal Behaviour,subjects_source,Y,"Wild-collected from Pfyn-Finges Nature Park and Derborence, Valais, Switzerland, May-July 2023 and 2024. Lab colony reared from field collections."
10-1016-j-anbehav-2026-123545,10.1016/j.anbehav.2026.123545,Animal Behaviour,subjects_n,Y,"N=82 mated queens monitored for brood (10 died, excluded). N=49 host colonies for queen acceptance assays (138 assays total). N=25 pairs for colony founding. Attrition noted."
10-1016-j-anbehav-2026-123545,10.1016/j.anbehav.2026.123545,Animal Behaviour,proc_handling,Y,Collection by hand from field colonies described; transport in small boxes with sand; controlled matings outdoors; queens isolated under plastic lid during assays; forceps cleaned with ethanol and hex
10-1016-j-anbehav-2026-123545,10.1016/j.anbehav.2026.123545,Animal Behaviour,proc_anaesthesia,NA,No invasive procedures or surgical interventions performed on living animals during experiments.
10-1016-j-anbehav-2026-123545,10.1016/j.anbehav.2026.123545,Animal Behaviour,proc_biosecurity,Y,"Species is native; housed in closed laboratory containers. No explicit mention of disposal procedures, but colonies were frozen or transferred to team members at end."
10-1016-j-anbehav-2026-123545,10.1016/j.anbehav.2026.123545,Animal Behaviour,ethics_review,Y,"Study complied with Swiss legislation; authorization from SFNP office (Service des forêts, de la nature et du paysage) in Valais for ant collection. Formica selysi not endangered."
10-1016-j-anbehav-2026-123545,10.1016/j.anbehav.2026.123545,Animal Behaviour,ethics_endpoints,Y,Queens removed after first interaction in acceptance assays to minimize stress and injuries. End-of-study fate specified: frozen before preservation in ethanol or transferred to other projects.
10-1016-j-anbehav-2026-123545,10.1016/j.anbehav.2026.123545,Animal Behaviour,ethics_statement,Y,Ethical note states queens were removed after first interaction to minimize stress and injuries; colonies maintained under favourable laboratory conditions. Engages with welfare minimization.
10-1016-j-anbehav-2026-123545,10.1016/j.anbehav.2026.123545,Animal Behaviour,nutrition_diet,Y,Fed sugar jelly and flies twice per week during rearing. Fresh fruit flies and sugar jelly provided to colony-founding colonies once per week after worker emergence.
10-1016-j-anbehav-2026-123545,10.1016/j.anbehav.2026.123545,Animal Behaviour,env_housing,Y,"Small plastic boxes (15×13 cm, 6 cm high) with sand layer and glass test tubes half-filled with water; large plastic boxes (35×22 cm, 15 cm high) for matings with sand and plastic lids. Transferred to"
10-1016-j-anbehav-2026-123545,10.1016/j.anbehav.2026.123545,Animal Behaviour,env_acclimation,N,No acclimation period described before experiments began; ants transferred directly from field to laboratory conditions.
10-1016-j-anbehav-2026-123545,10.1016/j.anbehav.2026.123545,Animal Behaviour,env_field,Y,"Field sites specified: Pfyn-Finges Nature Park and Derborence, Valais, Switzerland. Collection months (May-July) and years (2023, 2024) provided. No field monitoring of experimental animals."
10-1016-j-anbehav-2026-123545,10.1016/j.anbehav.2026.123545,Animal Behaviour,health_monitoring,Y,"Brood recorded twice per week for 1 month, then weekly for 2 months. Workers weighed individually in autumn 2023. Queen location and brood stage monitored weekly in colony-founding assays."
10-1016-j-anbehav-2026-123545,10.1016/j.anbehav.2026.123545,Animal Behaviour,health_injury,Y,"Ten queens died during 3-month monitoring period and were removed from analysis. In colony-founding assays, one pair removed because one queen died within first 24 h. Aggression and mutilations record"
10-1016-j-anbehav-2026-123545,10.1016/j.anbehav.2026.123545,Animal Behaviour,fate_end,Y,"Colonies frozen to kill ants before preservation in ethanol, or transferred to team members for other projects. Males preserved in ethanol after mating separation."
10-1016-j-anbehav-2026-123545,10.1016/j.anbehav.2026.123545,Animal Behaviour,behaviour_general,Y,"Enclosures allowed natural movement and exploration. Glass test tubes provided refuge. Multiple assays conducted to assess social behaviour (queen acceptance, colony founding). Randomized assay order,"
10-1016-j-anbehav-2026-123545,10.1016/j.anbehav.2026.123545,Animal Behaviour,affect_indicators,Y,"Queen behaviour classified as calm, agitated, or aggressive; worker aggression scored on scale (1–5, trophallaxis to pulling); appeasement behaviour recorded; indicators of stress/distress documented "
10-1016-j-anbehav-2026-123556,10.1016/j.anbehav.2026.123556,Animal Behaviour,_eligibility,Y,Empirical study using live invertebrates (solitary bees Osmia bicornis and eusocial honey bees Apis mellifera) in behavioral experiments.
10-1016-j-anbehav-2026-123556,10.1016/j.anbehav.2026.123556,Animal Behaviour,subjects_taxon,Y,"Osmia bicornis (solitary bee) males and females; Apis mellifera (honey bee) foragers. Life stages specified (adults, post-emergence within 24-48h for Osmia)."
10-1016-j-anbehav-2026-123556,10.1016/j.anbehav.2026.123556,Animal Behaviour,subjects_source,Y,"Osmia: commercial cocoons (Osmia, Agen, France) stored at 4°C, plus field collection from orchard with nesting sites. Apis: caught from 14 different hives at experimental apiary, Toulouse."
10-1016-j-anbehav-2026-123556,10.1016/j.anbehav.2026.123556,Animal Behaviour,subjects_n,Y,"Osmia females N=101 (reversal learning), males N=106; Apis N=103 (acquisition). Detailed attrition across 20 trials shown in Table 1. Justification based on sample size needed to detect group differen"
10-1016-j-anbehav-2026-123556,10.1016/j.anbehav.2026.123556,Animal Behaviour,proc_handling,Y,Bees placed in plastic boxes (9cm×5cm×6cm) with access to sucrose. Transferred to second box for motivation testing. Moved to movable Y-maze start box to minimize stress from handling.
10-1016-j-anbehav-2026-123556,10.1016/j.anbehav.2026.123556,Animal Behaviour,proc_anaesthesia,NA,No invasive procedures or surgery performed; behavioral testing only with live mobile bees in mazes.
10-1016-j-anbehav-2026-123556,10.1016/j.anbehav.2026.123556,Animal Behaviour,proc_biosecurity,NA,Both species are native to study region (France); no non-native taxa requiring escape prevention measures mentioned.
10-1016-j-anbehav-2026-123556,10.1016/j.anbehav.2026.123556,Animal Behaviour,ethics_review,Y,"Ethical note states: 'This study was conducted in accordance with French regulations, which do not require ethical approval for studies involving bees.'"
10-1016-j-anbehav-2026-123556,10.1016/j.anbehav.2026.123556,Animal Behaviour,ethics_endpoints,N,No predefined humane endpoints or welfare criteria mentioned for discontinuing individual bee testing before completion of trials.
10-1016-j-anbehav-2026-123556,10.1016/j.anbehav.2026.123556,Animal Behaviour,ethics_statement,Y,"Ethical note states 'All individuals were handled with care to minimize stress throughout the experiments,' demonstrating welfare consideration during design."
10-1016-j-anbehav-2026-123556,10.1016/j.anbehav.2026.123556,Animal Behaviour,nutrition_diet,Y,"Access to 1 M sucrose solution. Food deprivation: Apis 2h standardized; Osmia varied (median 24h, range 24-144h) based on individual motivation testing before experiments."
10-1016-j-anbehav-2026-123556,10.1016/j.anbehav.2026.123556,Animal Behaviour,env_housing,Y,Plastic boxes (9cm×5cm×6cm) with sucrose access. Temperature approximately 22°C in lab. For field-collected Osmia: artificial nesting sites (cardboard tubes) in orchard boxes. Y-maze under red light.
10-1016-j-anbehav-2026-123556,10.1016/j.anbehav.2026.123556,Animal Behaviour,env_acclimation,Y,"Osmia cocoons stored at 4°C for 5 months (winter diapause simulation), then placed at ~22°C; emergence took 4-5 days (males) or 7-8 days (females) before testing."
10-1016-j-anbehav-2026-123556,10.1016/j.anbehav.2026.123556,Animal Behaviour,env_field,Y,"Field site: apple orchard in Lavelanet-de-Comminges, France. Artificial nesting sites (cardboard tube boxes) installed and monitored regularly. Mated females collected at 24-48h post-eclosion."
10-1016-j-anbehav-2026-123556,10.1016/j.anbehav.2026.123556,Animal Behaviour,health_monitoring,N,"No formal health monitoring, disease screening, or welfare assessment criteria reported; no mention of physical condition checks or frequency of welfare observations during experiments."
10-1016-j-anbehav-2026-123556,10.1016/j.anbehav.2026.123556,Animal Behaviour,health_injury,N,"No mention of injuries, mortality, or adverse health events during captive holding or testing; silence on these events."
10-1016-j-anbehav-2026-123556,10.1016/j.anbehav.2026.123556,Animal Behaviour,fate_end,Y,"End-of-study killing method explicitly stated: 'After behavioural tests, the bees were killed by freezing and storing at −18 °C for further investigation.'"
10-1016-j-anbehav-2026-123556,10.1016/j.anbehav.2026.123556,Animal Behaviour,behaviour_general,Y,Y-maze maze setup with light sources and colour filters; detour task with curved transparent obstacle allowing goal-directed behavior. Red light environment for honey bees. Behavior recorded with over
10-1016-j-anbehav-2026-123556,10.1016/j.anbehav.2026.123556,Animal Behaviour,affect_indicators,N,"No behavioral or physiological indicators of stress, pain, or distress measured or discussed; no precautionary measures for affective uncertainty mentioned."
10-1016-j-anbehav-2026-123561,10.1016/j.anbehav.2026.123561,Animal Behaviour,_eligibility,Y,Empirical study using live Polistes fuscatus wasps (insects) in cognitive experiments.
10-1016-j-anbehav-2026-123561,10.1016/j.anbehav.2026.123561,Animal Behaviour,subjects_taxon,Y,Polistes fuscatus paper wasps; newly eclosed individuals; species and life stage clearly identified.
10-1016-j-anbehav-2026-123561,10.1016/j.anbehav.2026.123561,Animal Behaviour,subjects_source,Y,"Wasps reared in nestboxes at Matthaei Botanical Gardens, Ann Arbor, Michigan; nests checked for newly eclosed individuals; founding stock marked in early June."
10-1016-j-anbehav-2026-123561,10.1016/j.anbehav.2026.123561,Animal Behaviour,subjects_n,Y,2023: 31 wasps from 9 nests; 2024: 20 wasps from 11 nests (total 51 wasps). No attrition reported between collection and analysis.
10-1016-j-anbehav-2026-123561,10.1016/j.anbehav.2026.123561,Animal Behaviour,proc_handling,Y,Newly eclosed wasps marked with nontoxic model train paint; assigned to treatment groups; timing of capture and handling documented (max 48–72 h on nest before assignment).
10-1016-j-anbehav-2026-123561,10.1016/j.anbehav.2026.123561,Animal Behaviour,proc_anaesthesia,Y,Colour learning and reversal involved mild electrical shock (~0.4 V) for 2 min as CS+; shock explicitly stated as 'nonlethal' and voltage maintained at level that did not harm wasps; no surgical proce
10-1016-j-anbehav-2026-123561,10.1016/j.anbehav.2026.123561,Animal Behaviour,proc_biosecurity,NA,Polistes fuscatus is native to North America; native species in study location; no non-native risk indicated.
10-1016-j-anbehav-2026-123561,10.1016/j.anbehav.2026.123561,Animal Behaviour,ethics_review,N,"No institutional review, permit numbers, or statement regarding ethics approval mentioned in text."
10-1016-j-anbehav-2026-123561,10.1016/j.anbehav.2026.123561,Animal Behaviour,ethics_endpoints,N,No predefined humane endpoints or stopping criteria reported. Field study with minimal discussion of non-target impacts.
10-1016-j-anbehav-2026-123561,10.1016/j.anbehav.2026.123561,Animal Behaviour,ethics_statement,Y,Ethical Note states shock was aversive but not lethal and voltage maintained at level that did not harm wasps; engages with welfare reasoning regarding shock intensity.
10-1016-j-anbehav-2026-123561,10.1016/j.anbehav.2026.123561,Animal Behaviour,nutrition_diet,Y,"Ad libitum sugar, waxworms and water provided to foraging and nonforaging groups; isolation group also had access to small shelter with same food and water."
10-1016-j-anbehav-2026-123561,10.1016/j.anbehav.2026.123561,Animal Behaviour,env_housing,Y,"Nonforaging nests enclosed with mesh; foraging nests left unaltered; isolation treatment in 30.5×30.5×30.5 cm mesh containers with small shelter, positioned in field next to nestboxes, covered by shad"
10-1016-j-anbehav-2026-123561,10.1016/j.anbehav.2026.123561,Animal Behaviour,env_acclimation,Y,Wasps brought to laboratory at 10–12 days old; housed in individual containers (social groups stacked to see multiple wasps); 1–2 h rest period upon arrival before testing.
10-1016-j-anbehav-2026-123561,10.1016/j.anbehav.2026.123561,Animal Behaviour,env_field,Y,"Matthaei Botanical Gardens, Ann Arbor, Michigan; nests checked multiple times per week (not weekends); field site provided natural foraging environment for experimental treatment."
10-1016-j-anbehav-2026-123561,10.1016/j.anbehav.2026.123561,Animal Behaviour,health_monitoring,N,"No formal health monitoring, disease screening, or welfare checks reported; no mention of condition assessment protocols."
10-1016-j-anbehav-2026-123561,10.1016/j.anbehav.2026.123561,Animal Behaviour,health_injury,N,"No statement about injuries, unexpected deaths, or health events. Silence on mortality and morbidity."
10-1016-j-anbehav-2026-123561,10.1016/j.anbehav.2026.123561,Animal Behaviour,fate_end,Y,"At end of experiment, wasps were housed in laboratory to be used in other studies; fate explicitly stated as retention for future research, not killing."
10-1016-j-anbehav-2026-123561,10.1016/j.anbehav.2026.123561,Animal Behaviour,behaviour_general,Y,Setup supported species-typical behaviour: foraging treatment allowed natural long-distance foraging; isolation had small shelter; exploratory behaviour measured in arena with 10 chambers; social grou
10-1016-j-anbehav-2026-123561,10.1016/j.anbehav.2026.123561,Animal Behaviour,affect_indicators,N,"No behavioural or physiological indicators of stress, pain, or distress reported. No discussion of precautionary measures for affective capacity uncertainty."
10-1016-j-anbehav-2026-123579,10.1016/j.anbehav.2026.123579,Animal Behaviour,_eligibility,Y,Empirical study using live Argentine ants (Linepithema humile) in controlled laboratory experiments examining food dissemination behavior.
10-1016-j-anbehav-2026-123579,10.1016/j.anbehav.2026.123579,Animal Behaviour,subjects_taxon,Y,"Argentine ants, Linepithema humile, workers and queens; life stage and colony composition specified (200 workers, ~50 brood, 1 queen per colony)."
10-1016-j-anbehav-2026-123579,10.1016/j.anbehav.2026.123579,Animal Behaviour,subjects_source,Y,"Wild-collected from UCLA Botanical Gardens and Temescal Canyon State Park, Los Angeles; foraging trails and nest interiors."
10-1016-j-anbehav-2026-123579,10.1016/j.anbehav.2026.123579,Animal Behaviour,subjects_n,Y,"Eight experimental colonies, each with 200 workers, ~50 brood, 1 queen; 680 forager return events tracked; 78 recipient trophallaxis events analyzed; attrition noted (brood died/eaten during 14-day st"
10-1016-j-anbehav-2026-123579,10.1016/j.anbehav.2026.123579,Animal Behaviour,proc_handling,Y,Capture by flooding nest and aspiration; transport and housing in plastic boxes; no individual marking; observations of behavioral interactions during video recording.
10-1016-j-anbehav-2026-123579,10.1016/j.anbehav.2026.123579,Animal Behaviour,proc_anaesthesia,NA,No invasive procedures or surgery performed; only non-invasive video observation and behavioral tracking of natural trophallaxis interactions.
10-1016-j-anbehav-2026-123579,10.1016/j.anbehav.2026.123579,Animal Behaviour,proc_biosecurity,Y,Fluon-coated walls on plastic boxes to prevent escape; L. humile is invasive species; final fate described in ethics section as maintaining ants until natural death.
10-1016-j-anbehav-2026-123579,10.1016/j.anbehav.2026.123579,Animal Behaviour,ethics_review,Y,Stated 'Our work was conducted in accordance with the ASAB/ABS Guidelines for the use of animals in research. Ants are invertebrates and do not require special institutional permissions.'
10-1016-j-anbehav-2026-123579,10.1016/j.anbehav.2026.123579,Animal Behaviour,ethics_endpoints,Y,Starvation period justified to prevent queen mortality or above-average worker mortality; no invasive methods used; field collection described.
10-1016-j-anbehav-2026-123579,10.1016/j.anbehav.2026.123579,Animal Behaviour,ethics_statement,Y,"Discussion of welfare: 'Ants were starved before experiments to motivate foraging behaviour, and the starvation period was chosen to prevent queen mortality or above-average mortality of adult workers"
10-1016-j-anbehav-2026-123579,10.1016/j.anbehav.2026.123579,Animal Behaviour,nutrition_diet,Y,Ad libitum water (cotton-plugged vial) during holding; 14-day starvation period with water access before experiments; fluorescently dyed 1 M sucrose solution (1 ml) provided during recording.
10-1016-j-anbehav-2026-123579,10.1016/j.anbehav.2026.123579,Animal Behaviour,env_housing,Y,"Plastic boxes (20×9.7×9.8 cm) with Fluon-coated walls; Plexiglas nest with moistened plaster floor; foil-covered top for darkness; 25°C, 50% humidity; 14:10 h light:dark cycle; water vial with cotton "
10-1016-j-anbehav-2026-123579,10.1016/j.anbehav.2026.123579,Animal Behaviour,env_acclimation,Y,Foil covering nest removed 20 min before experiment to allow acclimation to lighting conditions for video recording.
10-1016-j-anbehav-2026-123579,10.1016/j.anbehav.2026.123579,Animal Behaviour,env_field,NA,No field-based holding or field-collected organisms maintained in natural conditions; all work conducted in laboratory with captive colonies.
10-1016-j-anbehav-2026-123579,10.1016/j.anbehav.2026.123579,Animal Behaviour,health_monitoring,Y,Brood condition monitored during 14-day starvation (noted death/consumption); ants monitored for mortality and physical condition throughout experiments via video observation.
10-1016-j-anbehav-2026-123579,10.1016/j.anbehav.2026.123579,Animal Behaviour,health_injury,Y,"Attrition noted: 'By the time experiments began, colonies lacked brood because the brood died or was eaten.' No injuries from handling reported; statement that ants handled 'with extreme care to minim"
10-1016-j-anbehav-2026-123579,10.1016/j.anbehav.2026.123579,Animal Behaviour,fate_end,Y,"After experiments, 'we kept the ants in the laboratory and provided them with food ad libitum until they died naturally.'"
10-1016-j-anbehav-2026-123579,10.1016/j.anbehav.2026.123579,Animal Behaviour,behaviour_general,Y,Nest environment designed to support natural trophallaxis behavior with Plexiglas nest and plaster substrate; dark interior maintained (foil covering); video recording allowed observation of species-t
10-1016-j-anbehav-2026-123579,10.1016/j.anbehav.2026.123579,Animal Behaviour,affect_indicators,Y,Behavioral indicators used: trophallaxis group size and frequency as proxy for colony hunger state; food transfer dynamics related to satiation; no explicit mention of pain/distress indicators but sta
10-1016-j-anbehav-2026-123587,10.1016/j.anbehav.2026.123587,Animal Behaviour,_eligibility,Y,Empirical study using live insects (Oecanthus henryi tree crickets) in behavioral experiments.
10-1016-j-anbehav-2026-123587,10.1016/j.anbehav.2026.123587,Animal Behaviour,subjects_taxon,Y,"Oecanthus henryi, adult males, identified to species; life stage (adult) and sex (male) specified."
10-1016-j-anbehav-2026-123587,10.1016/j.anbehav.2026.123587,Animal Behaviour,subjects_source,Y,"Wild-collected from scrublands in Ullodu near Bangalore, Karnataka, India (coordinates provided); no date of collection explicitly stated but reference to breeding season given."
10-1016-j-anbehav-2026-123587,10.1016/j.anbehav.2026.123587,Animal Behaviour,subjects_n,Y,"Total of 214 individuals caught and used; sample sizes specified per experiment (N=45 playback at start, N=95 no playback, etc.); attrition and exclusion criteria documented."
10-1016-j-anbehav-2026-123587,10.1016/j.anbehav.2026.123587,Animal Behaviour,proc_handling,Y,"Capture at night from scrublands, transport to laboratory, housing in cylindrical containers, individual identification; 2–3 days acclimation before trials; exclusion of individuals with missing body "
10-1016-j-anbehav-2026-123587,10.1016/j.anbehav.2026.123587,Animal Behaviour,proc_anaesthesia,Y,Only animals used in experiments were humanely euthanized by flash-freezing; no invasive procedures requiring anaesthesia during experiments (behavioral observations only).
10-1016-j-anbehav-2026-123587,10.1016/j.anbehav.2026.123587,Animal Behaviour,proc_biosecurity,NA,Native species studied in laboratory; no non-native risk or escape hazard documented; not applicable to this context.
10-1016-j-anbehav-2026-123587,10.1016/j.anbehav.2026.123587,Animal Behaviour,ethics_review,Y,Ethical approval not required for insects; protocols conducted in accordance with Article 13 of Government of India guidelines for animal experiments.
10-1016-j-anbehav-2026-123587,10.1016/j.anbehav.2026.123587,Animal Behaviour,ethics_endpoints,N,"No predefined humane endpoints mentioned; no discussion of expected injury, mortality, or non-target impacts (lab study with no field work)."
10-1016-j-anbehav-2026-123587,10.1016/j.anbehav.2026.123587,Animal Behaviour,ethics_statement,Y,"Ethical note discusses minimizing stress through ad libitum food/water, maintained temperature matching habitat, individual housing to prevent injury, and euthanasia method; engages with welfare consi"
10-1016-j-anbehav-2026-123587,10.1016/j.anbehav.2026.123587,Animal Behaviour,nutrition_diet,Y,"Ad libitum fresh apple pieces and water in moist cotton swabs, replaced daily; water and moisture provision specified."
10-1016-j-anbehav-2026-123587,10.1016/j.anbehav.2026.123587,Animal Behaviour,env_housing,Y,"Cylindrical transparent plastic containers (5 cm diameter, 6 cm high) with perforated lids; natural lighting (12:12 h light:dark); laboratory temperature ~25°C; no mention of density or grouping beyon"
10-1016-j-anbehav-2026-123587,10.1016/j.anbehav.2026.123587,Animal Behaviour,env_acclimation,Y,2–3 days of acclimation to laboratory conditions before trials; duration and conditions specified.
10-1016-j-anbehav-2026-123587,10.1016/j.anbehav.2026.123587,Animal Behaviour,env_field,NA,Pure laboratory study; no field work with captive holding.
10-1016-j-anbehav-2026-123587,10.1016/j.anbehav.2026.123587,Animal Behaviour,health_monitoring,N,"No regular health monitoring, disease screening, or welfare checks documented; only exclusion of individuals with missing body parts mentioned."
10-1016-j-anbehav-2026-123587,10.1016/j.anbehav.2026.123587,Animal Behaviour,health_injury,N,"No statement on injuries, unexpected deaths, or health problems during housing or trials; silence on these outcomes."
10-1016-j-anbehav-2026-123587,10.1016/j.anbehav.2026.123587,Animal Behaviour,fate_end,Y,Animals used in experiments humanely euthanized by flash-freezing for allometric data collection; animals not involved in experiments released to natural habitat weekly.
10-1016-j-anbehav-2026-123587,10.1016/j.anbehav.2026.123587,Animal Behaviour,behaviour_general,Y,T-maze setup with plant material (H. suaveolens branch) provided; experiments designed to measure natural acoustic and locomotory behaviors; dim red lighting during trials to minimize disturbance.
10-1016-j-anbehav-2026-123587,10.1016/j.anbehav.2026.123587,Animal Behaviour,affect_indicators,Y,"Behavioral indicators measured: call latency, call propensity, chirp rate, sound pressure level, movement toward/away from speaker, calling effort; these serve as indicators of behavioral state and re"
10-1016-j-anbehav-2026-123606,10.1016/j.anbehav.2026.123606,Animal Behaviour,_eligibility,Y,Empirical study using live invertebrates (Bombus terrestris bumble bees) with pharmacological and behavioral procedures.
10-1016-j-anbehav-2026-123606,10.1016/j.anbehav.2026.123606,Animal Behaviour,subjects_taxon,Y,"Female worker Bombus terrestris, species and sex clearly identified; life stage (worker) specified."
10-1016-j-anbehav-2026-123606,10.1016/j.anbehav.2026.123606,Animal Behaviour,subjects_source,Y,"Obtained from 12 colonies supplied by commercial breeder Bioplanet, Cesena, Italy; commercial supplier named."
10-1016-j-anbehav-2026-123606,10.1016/j.anbehav.2026.123606,Animal Behaviour,subjects_n,Y,"264 bees total: 86 sucrose-only (43 control + 43 experimental), 88 gabapentin-treated, 88 saclofen-treated; 140 bees from prior study reused; sample sizes justified for statistical power."
10-1016-j-anbehav-2026-123606,10.1016/j.anbehav.2026.123606,Animal Behaviour,proc_handling,Y,Capture using marking cage; marking with water-based markers; transport and confinement periods specified; 1 h post-drug confinement before testing.
10-1016-j-anbehav-2026-123606,10.1016/j.anbehav.2026.123606,Animal Behaviour,proc_anaesthesia,Y,For terminal gene expression sampling: 'anaesthetized with CO2 and euthanized by freezing on dry ice'; method explicitly stated for those sacrificed for molecular analysis.
10-1016-j-anbehav-2026-123606,10.1016/j.anbehav.2026.123606,Animal Behaviour,proc_biosecurity,NA,B. terrestris is native or established in captive contexts; no mention of escape risk or non-native biosecurity concerns applicable.
10-1016-j-anbehav-2026-123606,10.1016/j.anbehav.2026.123606,Animal Behaviour,ethics_review,N,"No institutional ethics review, permit numbers, or regulatory approval mentioned; no explicit statement that none was required."
10-1016-j-anbehav-2026-123606,10.1016/j.anbehav.2026.123606,Animal Behaviour,ethics_endpoints,N,"No predefined humane endpoints stated; noxious stimulus limited to 50°C heat with 5 min observation window, but no explicit endpoint criteria for welfare cessation mentioned."
10-1016-j-anbehav-2026-123606,10.1016/j.anbehav.2026.123606,Animal Behaviour,ethics_statement,Y,"Ethical Note section explicitly addresses welfare: 'proactively designed our study to prioritize caution and responsibility'; invokes 3Rs (reduction, refinement, replacement) and discusses choice of 5"
10-1016-j-anbehav-2026-123606,10.1016/j.anbehav.2026.123606,Animal Behaviour,nutrition_diet,Y,Colonies provided 10 mL 50% sucrose solution daily and 7 g pollen every other day; treatment solutions dissolved in 50% sucrose; water/food access specified.
10-1016-j-anbehav-2026-123606,10.1016/j.anbehav.2026.123606,Animal Behaviour,env_housing,Y,"Wooden nest box 46×33×32 cm; transparent Plexiglas chambers (flying area 14.5×14.5×14.5 cm, foraging area 20×20×25 cm); temperature 23±2°C; structural complexity (tunnels, corridors, artificial flower"
10-1016-j-anbehav-2026-123606,10.1016/j.anbehav.2026.123606,Animal Behaviour,env_acclimation,Y,3-day familiarization period prior to experiments; bees allowed to explore full apparatus freely and learn navigation without noxious stimulus.
10-1016-j-anbehav-2026-123606,10.1016/j.anbehav.2026.123606,Animal Behaviour,env_field,NA,Pure laboratory study with captive colonies; no field work component.
10-1016-j-anbehav-2026-123606,10.1016/j.anbehav.2026.123606,Animal Behaviour,health_monitoring,Y,Survival monitored daily for 72 h post-treatment; qualitative tracking for 2–3 weeks; visual assessment during 5 min observation period.
10-1016-j-anbehav-2026-123606,10.1016/j.anbehav.2026.123606,Animal Behaviour,health_injury,N,"No explicit statement regarding observed injuries, unexpected deaths, or illness during the study; silence on these outcomes."
10-1016-j-anbehav-2026-123606,10.1016/j.anbehav.2026.123606,Animal Behaviour,fate_end,Y,Gene expression bees: 'anaesthetized with CO2 and euthanized by freezing on dry ice'; behavioral bees from sucrose-only group 'released and allowed to return to the colony'; drug-treated behavioral be
10-1016-j-anbehav-2026-123606,10.1016/j.anbehav.2026.123606,Animal Behaviour,behaviour_general,Y,"Apparatus supports species-typical behaviors: free movement between nest and foraging areas, flight capability, foraging; 8-behavior ethogram used; minimal external disturbance during observation."
10-1016-j-anbehav-2026-123606,10.1016/j.anbehav.2026.123606,Animal Behaviour,affect_indicators,Y,"Standardized ethogram tracks grooming, resting, locomotor activity, escape attempts as nocifensive/stress indicators; discussion of central modulation and pain-like states; precautionary approach give"
10-1016-j-anbehav-2026-123607,10.1016/j.anbehav.2026.123607,Animal Behaviour,_eligibility,Y,Empirical field study using live wild cricket nymphs (Gryllus campestris) exposed to repeated vibrational stimuli.
10-1016-j-anbehav-2026-123607,10.1016/j.anbehav.2026.123607,Animal Behaviour,subjects_taxon,Y,"Gryllus campestris, nymphs, both sexes (17 females, 19 males, 1 unknown); life stage specified."
10-1016-j-anbehav-2026-123607,10.1016/j.anbehav.2026.123607,Animal Behaviour,subjects_source,Y,Wild-collected from 'Wild Crickets' meadow in northern Spain; population monitored since 2006.
10-1016-j-anbehav-2026-123607,10.1016/j.anbehav.2026.123607,Animal Behaviour,subjects_n,Y,37 individual crickets; 438 total observations; threshold of ≥4 trials per stimulus for analysis specified.
10-1016-j-anbehav-2026-123607,10.1016/j.anbehav.2026.123607,Animal Behaviour,proc_handling,Y,Capture and identification by burrow marking; body temperature measured with infrared thermometer; laser pointer used to mark position.
10-1016-j-anbehav-2026-123607,10.1016/j.anbehav.2026.123607,Animal Behaviour,proc_anaesthesia,NA,No invasive procedures or surgery performed; stimuli were non-invasive vibrational cues.
10-1016-j-anbehav-2026-123607,10.1016/j.anbehav.2026.123607,Animal Behaviour,proc_biosecurity,NA,Study conducted with wild free-living insects in their natural habitat; no captive holding or non-native species risk.
10-1016-j-anbehav-2026-123607,10.1016/j.anbehav.2026.123607,Animal Behaviour,ethics_review,Y,Approved by University of Exeter Research Ethics Panel (approval number 3941951).
10-1016-j-anbehav-2026-123607,10.1016/j.anbehav.2026.123607,Animal Behaviour,ethics_endpoints,Y,"Trials terminated if re-emergence latency exceeded 10 min or if cricket failed to remain still, to minimize chronic stress."
10-1016-j-anbehav-2026-123607,10.1016/j.anbehav.2026.123607,Animal Behaviour,ethics_statement,N,"Ethics note provided but does not engage with welfare reasoning or the three Rs (Replacement, Reduction, Refinement)."
10-1016-j-anbehav-2026-123607,10.1016/j.anbehav.2026.123607,Animal Behaviour,nutrition_diet,NA,Wild free-living crickets in natural habitat; no experimental feeding or diet manipulation described.
10-1016-j-anbehav-2026-123607,10.1016/j.anbehav.2026.123607,Animal Behaviour,env_housing,NA,Field study; crickets remained in their natural burrows; no captive enclosure or artificial housing.
10-1016-j-anbehav-2026-123607,10.1016/j.anbehav.2026.123607,Animal Behaviour,env_acclimation,NA,Wild crickets in natural habitat; no acclimation period applies.
10-1016-j-anbehav-2026-123607,10.1016/j.anbehav.2026.123607,Animal Behaviour,env_field,Y,"Study site 'Wild Crickets' meadow, northern Spain; spring 2024 (24 March to 24 April); burrows mapped; path distance measured."
10-1016-j-anbehav-2026-123607,10.1016/j.anbehav.2026.123607,Animal Behaviour,health_monitoring,Y,Infrared cameras monitored activity over 140 burrows continuously; behaviour and developmental stage tracked.
10-1016-j-anbehav-2026-123607,10.1016/j.anbehav.2026.123607,Animal Behaviour,health_injury,Y,Ethical note states 'No crickets were harmed during the study'; explicit statement of no harm provided.
10-1016-j-anbehav-2026-123607,10.1016/j.anbehav.2026.123607,Animal Behaviour,fate_end,Y,Crickets remained in field after study; 'all crickets continued to live naturally in the field' explicitly stated.
10-1016-j-anbehav-2026-123607,10.1016/j.anbehav.2026.123607,Animal Behaviour,behaviour_general,Y,Natural burrow refugia maintained; crickets studied in situ in natural burrows; no artificial confinement or enrichment constraints.
10-1016-j-anbehav-2026-123607,10.1016/j.anbehav.2026.123607,Animal Behaviour,affect_indicators,Y,"Behavioural responses measured as indicators of stress/risk perception: re-emergence latency, escape speed, postemergence distance; sensitization discussed as stress response."
10-1016-j-anbehav-2026-123614,10.1016/j.anbehav.2026.123614,Animal Behaviour,_eligibility,Y,Empirical study using live harvestmen (Opiliones: Longiperna concolor arachnids) for morphological and behavioral analysis.
10-1016-j-anbehav-2026-123614,10.1016/j.anbehav.2026.123614,Animal Behaviour,subjects_taxon,Y,"Longiperna concolor, harvestman (Opiliones), males, identified by morph classification (alpha, beta, gamma)"
10-1016-j-anbehav-2026-123614,10.1016/j.anbehav.2026.123614,Animal Behaviour,subjects_source,Y,"Field-collected from Intervales State Park, São Paulo, Brazil (24°14'S, 48°04'W), October 2008–April 2009"
10-1016-j-anbehav-2026-123614,10.1016/j.anbehav.2026.123614,Animal Behaviour,subjects_n,Y,"538 males assigned to morphs with >80% confidence; 93 unidentified; high repeatability in measurements (R=0.97, 0.92)"
10-1016-j-anbehav-2026-123614,10.1016/j.anbehav.2026.123614,Animal Behaviour,proc_handling,Y,Mark–recapture study; individuals marked with colored paint on dorsum/hindlegs; measured with calipers (0.01 mm precision); transect surveyed twice daily for 3–4 consecutive days monthly
10-1016-j-anbehav-2026-123614,10.1016/j.anbehav.2026.123614,Animal Behaviour,proc_anaesthesia,NA,No invasive procedures; only non-invasive marking and measurement performed
10-1016-j-anbehav-2026-123614,10.1016/j.anbehav.2026.123614,Animal Behaviour,proc_biosecurity,NA,"Native species, field study with no captive holding mentioned"
10-1016-j-anbehav-2026-123614,10.1016/j.anbehav.2026.123614,Animal Behaviour,ethics_review,Y,"Approved by Coordenação de Desenvolvimento Tecnológico (COTEC), state of São Paulo; followed ASAB/ABS Guidelines for use of animals in research"
10-1016-j-anbehav-2026-123614,10.1016/j.anbehav.2026.123614,Animal Behaviour,ethics_endpoints,N,No predefined humane endpoints or discussion of anticipated/observed non-target impacts mentioned
10-1016-j-anbehav-2026-123614,10.1016/j.anbehav.2026.123614,Animal Behaviour,ethics_statement,N,Ethics note cites permit approval and guidelines but does not discuss welfare considerations or the three Rs in design
10-1016-j-anbehav-2026-123614,10.1016/j.anbehav.2026.123614,Animal Behaviour,nutrition_diet,N,"No information on diet, feeding, or water provision provided"
10-1016-j-anbehav-2026-123614,10.1016/j.anbehav.2026.123614,Animal Behaviour,env_housing,N,Field study; no captive housing described
10-1016-j-anbehav-2026-123614,10.1016/j.anbehav.2026.123614,Animal Behaviour,env_acclimation,NA,Field study with no acclimation period applicable
10-1016-j-anbehav-2026-123614,10.1016/j.anbehav.2026.123614,Animal Behaviour,env_field,Y,"Site: Intervales State Park, stream-side (5 m wide, bordered by rocks/vegetation), 181 m transect; subtropical climate (2000–3000 mm annual rainfall, 12–20°C); October–April survey period"
10-1016-j-anbehav-2026-123614,10.1016/j.anbehav.2026.123614,Animal Behaviour,health_monitoring,N,"No health assessment methods, disease screening, or welfare checks documented"
10-1016-j-anbehav-2026-123614,10.1016/j.anbehav.2026.123614,Animal Behaviour,health_injury,N,"No statement on injuries, deaths, or their causes; silence on welfare events"
10-1016-j-anbehav-2026-123614,10.1016/j.anbehav.2026.123614,Animal Behaviour,fate_end,N,No mention of what happened to animals at end of study; fates not specified
10-1016-j-anbehav-2026-123614,10.1016/j.anbehav.2026.123614,Animal Behaviour,behaviour_general,Y,"Field observation in natural habitat; behavioral data on harem-holding, territorial contests, and reproductive tactics recorded"
10-1016-j-anbehav-2026-123614,10.1016/j.anbehav.2026.123614,Animal Behaviour,affect_indicators,N,No behavioral or physiological indicators of stress/pain/distress assessed or discussed
10-1016-j-anbehav-2026-123619,10.1016/j.anbehav.2026.123619,Animal Behaviour,_eligibility,Y,"Empirical study using live Rhagoletis pomonella (apple maggot flies, Diptera) in behavioral experiments."
10-1016-j-anbehav-2026-123619,10.1016/j.anbehav.2026.123619,Animal Behaviour,subjects_taxon,Y,"Rhagoletis pomonella, apple maggot fly; life stage: adults ≥14 days post-eclosion; both sexes used."
10-1016-j-anbehav-2026-123619,10.1016/j.anbehav.2026.123619,Animal Behaviour,subjects_source,Y,"Wild-collected: downy hawthorn berries infested with R. pomonella larvae from Detroit, Michigan, September 2021; reared to adulthood in lab."
10-1016-j-anbehav-2026-123619,10.1016/j.anbehav.2026.123619,Animal Behaviour,subjects_n,Y,28 no-choice mating trials; attrition not explicitly detailed; sample size not justified in methods.
10-1016-j-anbehav-2026-123619,10.1016/j.anbehav.2026.123619,Animal Behaviour,proc_handling,Y,"Flies marked with Testors enamel paint on thorax (yellow/silver for females, blue/green for males) ≥24h before trials; placed in cardboard arena with 5 min acclimation."
10-1016-j-anbehav-2026-123619,10.1016/j.anbehav.2026.123619,Animal Behaviour,proc_anaesthesia,Y,CO2 anaesthesia used briefly for paint application; flies returned to normal behaviour shortly after; no surgical procedures performed. Ethical note states flies 'anaesthetized for less than 30 s'.
10-1016-j-anbehav-2026-123619,10.1016/j.anbehav.2026.123619,Animal Behaviour,proc_biosecurity,NA,Non-native risk not applicable; Rhagoletis pomonella is native North American species and work conducted in closed lab environment.
10-1016-j-anbehav-2026-123619,10.1016/j.anbehav.2026.123619,Animal Behaviour,ethics_review,Y,Ethical Note states: 'research described in this study adheres to the ASAB/ABS Guidelines for the use of animals in research. No institutional or governmental permits were required for this species.'
10-1016-j-anbehav-2026-123619,10.1016/j.anbehav.2026.123619,Animal Behaviour,ethics_endpoints,N,No predefined humane endpoints mentioned; no discussion of potential injury or distress during mating trials.
10-1016-j-anbehav-2026-123619,10.1016/j.anbehav.2026.123619,Animal Behaviour,ethics_statement,Y,Ethical Note discusses welfare: 'Flies were maintained under optimal conditions with food and water ad libitum. Flies were anaesthetized for less than 30 s...humanely euthanized in a -20 °C freezer.' 
10-1016-j-anbehav-2026-123619,10.1016/j.anbehav.2026.123619,Animal Behaviour,nutrition_diet,Y,"Adult flies housed with food (yeast hydrolysate and sugar, 1:3 by mass) and water ad libitum."
10-1016-j-anbehav-2026-123619,10.1016/j.anbehav.2026.123619,Animal Behaviour,env_housing,Y,Larvae/pupae: petri dishes with damp vermiculite in incubators; adults: individual tubes in room at ~23°C with 14:10 h light:dark schedule. Pupae at 85% relative humidity.
10-1016-j-anbehav-2026-123619,10.1016/j.anbehav.2026.123619,Animal Behaviour,env_acclimation,Y,5 min acclimation time in mating arena before male introduced; no pre-trial acclimation period described beyond this.
10-1016-j-anbehav-2026-123619,10.1016/j.anbehav.2026.123619,Animal Behaviour,env_field,NA,Pure laboratory study; no field work or captive field conditions.
10-1016-j-anbehav-2026-123619,10.1016/j.anbehav.2026.123619,Animal Behaviour,health_monitoring,N,"No methods described for assessing physical condition, disease screening, or welfare checks during holding periods."
10-1016-j-anbehav-2026-123619,10.1016/j.anbehav.2026.123619,Animal Behaviour,health_injury,N,No statement regarding injuries or unexpected deaths during rearing or experiments; silence on this outcome.
10-1016-j-anbehav-2026-123619,10.1016/j.anbehav.2026.123619,Animal Behaviour,fate_end,Y,Ethical Note states: 'flies were humanely euthanized in a -20 °C freezer.' Frozen at -20°C for morphological analysis after trials.
10-1016-j-anbehav-2026-123619,10.1016/j.anbehav.2026.123619,Animal Behaviour,behaviour_general,Y,Mating arena (12.7 × 12.7 × 5.1 cm cardboard) with three hawthorn berries as mating stimulus; natural light and consistent temperature; no refugia or enrichment beyond berries.
10-1016-j-anbehav-2026-123619,10.1016/j.anbehav.2026.123619,Animal Behaviour,affect_indicators,N,No discussion of behavioral or physiological stress indicators; no mention of precautionary measures given uncertainty about fly sentience or affective capacity.
be-araf123,,Behavioral Ecology,_eligibility,Y,Empirical study using live European earwigs (Forficula auricularia) in controlled laboratory experiments examining hygienic behaviors.
be-araf123,,Behavioral Ecology,subjects_taxon,Y,"Forficula auricularia Linnaeus, 1758 (clade A); females and males specified; life stages implied (adults capable of mating/egg production)."
be-araf123,,Behavioral Ecology,subjects_source,Y,"Wild-collected from peach orchard in Saint-Marcel-lès-Valence, France; coordinates and collection date (June 2023) provided."
be-araf123,,Behavioral Ecology,subjects_n,Y,300 females and 300 males initially placed together; Exp 1: 126 females + 43 males selected; Exp 2: 120 females used; attrition documented (11 of 127 clutches excluded).
be-araf123,,Behavioral Ecology,proc_handling,Y,"Capture and transport from field mentioned; handling described (placement in containers, isolation in petri dishes); no explicit marking reported."
be-araf123,,Behavioral Ecology,proc_anaesthesia,NA,"No invasive procedures requiring anaesthesia; only behavioral observations and non-invasive measurements (distances, coverage)."
be-araf123,,Behavioral Ecology,proc_biosecurity,N,No mention of escape prevention or disposal measures; species is not explicitly identified as non-native but European origin suggests native context.
be-araf123,,Behavioral Ecology,ethics_review,N,"No institutional ethics approval, permit numbers, or statement about ethics review requirements mentioned."
be-araf123,,Behavioral Ecology,ethics_endpoints,N,No predefined humane endpoints stated; study ended at egg hatching but no discussion of welfare endpoints or non-target impacts.
be-araf123,,Behavioral Ecology,ethics_statement,N,"No discussion of welfare considerations or the three Rs (Replacement, Reduction, Refinement) in study design."
be-araf123,,Behavioral Ecology,nutrition_diet,Y,"Ad libitum diet composition detailed: agar, water, flower pollen, cat food, carrots, bird seeds, wheat germs, chicken egg; fed to aggregated group initially."
be-araf123,,Behavioral Ecology,env_housing,Y,"Housing described: large plastic containers with egg cardboard shelter, moistened sand substrate; 12:12 h light/dark, 20°C:18°C temperature cycle; petri dishes (100×20 mm) for Exp 1."
be-araf123,,Behavioral Ecology,env_acclimation,Y,Temperature gradually lowered to 10°C over 2 weeks before experimental procedures to favor egg production.
be-araf123,,Behavioral Ecology,env_field,NA,Field study component (collection) mentioned but no field-based captive holding or trap design; remainder is controlled laboratory.
be-araf123,,Behavioral Ecology,health_monitoring,Y,Petri dishes checked twice weekly (Tuesdays/Fridays); visual inspections weekly; maternal mortality and clutch condition monitored; egg hatching and nymph production recorded.
be-araf123,,Behavioral Ecology,health_injury,Y,Maternal mortality documented (N=4 of 127); complete clutch consumption (N=3); egg developmental failures (N=4) reported as reasons for exclusion.
be-araf123,,Behavioral Ecology,fate_end,N,"Study end described (eggs hatched, measurements stopped) but no explicit killing method stated for surviving adults or nymphs; fate unclear."
be-araf123,,Behavioral Ecology,behaviour_general,Y,"Setup supports natural behaviors: egg cardboard shelter, sand substrate for nest construction/digging, opportunity for egg care and clutch relocation; constant darkness applied to favor egg production"
be-araf123,,Behavioral Ecology,affect_indicators,N,No behavioral or physiological stress indicators reported; no discussion of precautionary measures regarding affective capacity of earwigs.
be-arag010,,Behavioral Ecology,_eligibility,Y,Empirical study using live Neodiprion sertifer (European pine sawfly) larvae in field and laboratory experiments.
be-arag010,,Behavioral Ecology,subjects_taxon,Y,Neodiprion sertifer larvae; life stage: larval instars through prepupal stage; sex determined (female-biased); P-generation and F1-generation.
be-arag010,,Behavioral Ecology,subjects_source,Y,"Wild-collected pine branches with eggs from outbreak area in Puumala, Finland (61°31′25″N, 28°10′40″E) in 2013; lab colony established and reared."
be-arag010,,Behavioral Ecology,subjects_n,Y,"50 families in predation experiment; 13 full-sib families for coloration analysis; final phenotypic dataset 51 females from 12 families; 403 group individuals, 40 solitary individuals in exposed treat"
be-arag010,,Behavioral Ecology,proc_handling,Y,"Larvae placed on pine branches in field; painting with acrylic paint applied to dorsal side (yellow or green spots, ~1.5 mm diameter); larvae weighed before treatment; transported in branches covered "
be-arag010,,Behavioral Ecology,proc_anaesthesia,NA,No surgical or invasive procedures performed; painting and behavioral provocation do not require anaesthesia/analgesia.
be-arag010,,Behavioral Ecology,proc_biosecurity,Y,Square-shaped barriers of transparent plastic with liquid silicon applied around experimental branches to prevent ant predation and larval escape; mesh bag treatments used.
be-arag010,,Behavioral Ecology,ethics_review,N,"No mention of institutional ethics review, permit numbers, or explicit statement that review was not required."
be-arag010,,Behavioral Ecology,ethics_endpoints,Y,"Humane endpoints implied: larvae monitored daily for mortality; dead larvae counted and replaced to maintain group size. Mesh bag control used to detect non-predation mortality sources (e.g., viruses)"
be-arag010,,Behavioral Ecology,ethics_statement,N,"No explicit discussion of welfare considerations, three Rs, or how study design reduced/refined/replaced animal use."
be-arag010,,Behavioral Ecology,nutrition_diet,Y,Fresh pine branches (Pinus sylvestris) provided ad libitum at least twice weekly; standardized mixture of different pine branches for reared larvae; daily water spraying of larval containers.
be-arag010,,Behavioral Ecology,env_housing,Y,Lab: plastic containers with fabric covers for ventilation; group size 10 larvae; constant temperature 18–20 °C; natural light plus electric light; branches kept in water with tips trimmed daily. Fiel
be-arag010,,Behavioral Ecology,env_acclimation,Y,"Ten days after hatching, larvae chosen for standardized lab conditions; P-generation and F1-generation reared under consistent temperature and light."
be-arag010,,Behavioral Ecology,env_field,Y,"Study site at Leppälahti, Finland (62°14′93″N, 26°02′20″E); 10–20-yr-old pure pine stands and mixed forests; June 2013; two transects with minimum 10 m between trees; daily checks for mortality; weath"
be-arag010,,Behavioral Ecology,health_monitoring,Y,"Daily observation for larval mortality in field; mesh bag treatment monitored at end of experiment to control for non-predation mortality (e.g., nuclear polyhedrosis virus); larvae weighed before trea"
be-arag010,,Behavioral Ecology,health_injury,Y,Mortality tracked daily in exposed treatments; all missing larvae assumed dead and eaten by predators; mesh bag controls recorded deaths only at experiment end to avoid disturbance; preliminary data s
be-arag010,,Behavioral Ecology,fate_end,Y,Larvae reared until pupation; sex determined at pupa stage and verified at adult eclosion; phenotypic measurements taken before pupation; some adults mated and placed on living pine trees in field for
be-arag010,,Behavioral Ecology,behaviour_general,Y,U-posture (defensive head/tail raising) recorded upon gentle provocation; defensive fluid production and volume measured; group feeding on fresh pine needles allowed; grouping treatment (solitary vs. 
be-arag010,,Behavioral Ecology,affect_indicators,Y,"Defensive behaviour (U-posture, fluid production) measured as indicator of threat response; luminance and color contrasts of ventral side analysed in relation to defensive display; no mention of pain/"
be-arag018,,Behavioral Ecology,_eligibility,Y,Empirical study using live predatory mites (Amblyseius herbicolus) and prey mites (Carpoglyphus lactis) in controlled experiments.
be-arag018,,Behavioral Ecology,subjects_taxon,Y,"Amblyseius herbicolus and Carpoglyphus lactis identified to species; life stages (egg, larva, protonymph, deutonymph, adult) specified; thelytokous (all female)."
be-arag018,,Behavioral Ecology,subjects_source,Y,"A. herbicolus from >30 wild females collected from avocado leaves in Te Puna, Tauranga, New Zealand; lab colony maintained ~1 year. C. lactis obtained from Bioforce Ltd., Auckland."
be-arag018,,Behavioral Ecology,subjects_n,Y,"Experiment 1: 70 eggs per treatment (35 per Exp 1a, 35 per 1b); 6% failed to hatch, 1% injured during molt excluded. Experiment 2: 35 larvae per treatment. Experiment 3: 35 larvae per treatment. Egg m"
be-arag018,,Behavioral Ecology,proc_handling,Y,Eggs collected using black sewing threads placed in culture overnight; larvae hatched individually in cells; handling described as 'careful to minimize disturbance'; meshes replaced every 2 days with 
be-arag018,,Behavioral Ecology,proc_anaesthesia,NA,No invasive procedures or killing reported during the study period; animals assessed behaviorally while living.
be-arag018,,Behavioral Ecology,proc_biosecurity,Y,"Mites reared in enclosed Petri dishes with water barriers preventing escape; non-native species risk not explicitly discussed but containment measures evident (cells sealed with clips, water moats)."
be-arag018,,Behavioral Ecology,ethics_review,N,"No institutional ethics approval, permit numbers, or explicit statement regarding ethics review requirement mentioned."
be-arag018,,Behavioral Ecology,ethics_endpoints,N,No predefined humane endpoints or explicit discussion of welfare endpoints stated; no field work reported.
be-arag018,,Behavioral Ecology,ethics_statement,N,"No discussion of welfare considerations, the three Rs (Replacement, Reduction, Refinement), or welfare-informed design choices."
be-arag018,,Behavioral Ecology,nutrition_diet,Y,"A. herbicolus fed ad libitum C. lactis (dried fruit mite). C. lactis reared on bran-based mixture (96% wheat bran, 1% icing sugar, 3% dry yeast). Diet replenished weekly. Experimental diets: 20 eggs ("
be-arag018,,Behavioral Ecology,env_housing,Y,Stock cultures: plastic container (225×225×35 mm) with water moat; Petri dish (55 mm) on sponge; black plastic sheet and threads as refuge. Modified Munger cells (three sizes): plexiglass slides with 
be-arag018,,Behavioral Ecology,env_acclimation,Y,Experiment 2 and 3: 15-min acclimation period in cells before prey presentation. Daily water added to maintain humidity (Exp 1) or at start of experiments (Exp 2–3).
be-arag018,,Behavioral Ecology,env_field,NA,Purely laboratory study with no field collection or field rearing phase; only wild collection mentioned for founding stock.
be-arag018,,Behavioral Ecology,health_monitoring,Y,Daily survival checks recorded as binary (yes/no); individuals failing to hatch (~6%) or injured during molting (~1%) documented and excluded; physical condition implicitly assessed.
be-arag018,,Behavioral Ecology,health_injury,Y,Injuries during molting reported (~1%); hatching failures reported (~6%); no unexpected deaths described beyond these normal developmental failures.
be-arag018,,Behavioral Ecology,fate_end,N,"Study does not report end-of-life methods; no statement on killing, preservation, or disposal of organisms at study conclusion."
be-arag018,,Behavioral Ecology,behaviour_general,Y,"Refuge provision: black plastic squares and sewing threads in stock and experimental cells. Behavioral assays measured predation latency, prey attack, consumption, and superfluous killing. Single-blin"
be-arag018,,Behavioral Ecology,affect_indicators,Y,"Behavioral indicators assessed: predation incidence, attack latency, prey consumption, superfluous killing. No explicit discussion of stress/pain indicators or precautionary measures for affective cap"
be-arag019,,Behavioral Ecology,_eligibility,Y,Empirical study using live invertebrates (bumble bees and lady beetles) in controlled laboratory experiments.
be-arag019,,Behavioral Ecology,subjects_taxon,Y,Bombus impatiens and Hippodamia convergens identified to species; life stage not explicitly stated for bees but lady beetles purchased live.
be-arag019,,Behavioral Ecology,subjects_source,Y,Bumble bee colonies from Biobest (USA); lady beetles purchased live from Clark & Co Organic.
be-arag019,,Behavioral Ecology,subjects_n,Y,"Innate recognition: 72 bees (bumble bee demonstrators), 70 bees (lady beetle demonstrators), from 11 colonies, 15 bees excluded. Learning: 43 total bees from 7 colonies."
be-arag019,,Behavioral Ecology,proc_handling,Y,"Bees uniquely identified with queen number tags attached with super glue to thorax; demonstrators ethanol-killed, rinsed, hexane-washed, and pinned."
be-arag019,,Behavioral Ecology,proc_anaesthesia,N,Demonstrator insects were ethanol-killed but no anaesthesia or analgesia mentioned; no invasive procedures on live subjects.
be-arag019,,Behavioral Ecology,proc_biosecurity,N,No mention of escape prevention measures or disposal of contaminated material; both species are native to North America or commonly used in research.
be-arag019,,Behavioral Ecology,ethics_review,N,"No mention of institutional ethics review, permits, or welfare approval."
be-arag019,,Behavioral Ecology,ethics_endpoints,N,No predefined humane endpoints mentioned; trials terminated only if bee did not interact with flowers within 10 min.
be-arag019,,Behavioral Ecology,ethics_statement,N,No statement engaging with welfare considerations or the three Rs; study does not address ethical justification of methods.
be-arag019,,Behavioral Ecology,nutrition_diet,Y,"Fed ad libitum 30% sucrose solution 9 h weekdays, continuously weekends; pollen provided in nest box as needed."
be-arag019,,Behavioral Ecology,env_housing,Y,"Plastic nest box (21×27×12.5 cm) connected to foraging arena (91×63×60 cm) with wood frame, mesh walls, green floor; 12-h photoperiod (7:00–19:00); 25°C, ~30% relative humidity maintained."
be-arag019,,Behavioral Ecology,env_acclimation,Y,Bees familiarized with artificial flowers by foraging on array of 6 flowers prior to experiments; specifics of duration not stated.
be-arag019,,Behavioral Ecology,env_field,NA,Pure laboratory study with no field component.
be-arag019,,Behavioral Ecology,health_monitoring,N,"No mention of health monitoring methods, physical condition assessment, or disease screening."
be-arag019,,Behavioral Ecology,health_injury,N,"No statement regarding injuries, unexpected deaths, or health complications; silence on these events."
be-arag019,,Behavioral Ecology,fate_end,N,No statement of the final disposition of live bees at study end; only demonstrators' killing method (ethanol) specified.
be-arag019,,Behavioral Ecology,behaviour_general,Y,Arena divided into daily foraging and experimental sides; artificial flowers provided; bees allowed to forage freely in flight arena; behavior constrained by arena design and trial protocols.
be-arag019,,Behavioral Ecology,affect_indicators,N,No discussion of behavioral or physiological stress indicators; no precautionary measures mentioned for affective capacity uncertainties.
be-arag029,,Behavioral Ecology,_eligibility,Y,Empirical study using live cricket nymphs (Gryllus campestris) in field experiments measuring escape behavior.
be-arag029,,Behavioral Ecology,subjects_taxon,Y,"Gryllus campestris nymphs; sex determined (F=44, M=45); life stage specified as nymphs"
be-arag029,,Behavioral Ecology,subjects_source,Y,"Wild-collected from 'WildCrickets' meadow in Gijon, northern Spain; long-term population study site"
be-arag029,,Behavioral Ecology,subjects_n,Y,"89 cricket nymphs total (F=44, M=45) with 209 measurements; 3 excluded due to undetermined sex; justification for sample size not provided"
be-arag029,,Behavioral Ecology,proc_handling,Y,Crickets emerged naturally from burrows; operator waited motionless for stable positioning; no capture or transport described; no marking/tagging
be-arag029,,Behavioral Ecology,proc_anaesthesia,NA,No invasive procedures or surgery performed; only behavioral stimulus (dropped ball) and non-contact video recording
be-arag029,,Behavioral Ecology,proc_biosecurity,NA,Native species studied in natural field site; no captive holding or non-native taxa risk
be-arag029,,Behavioral Ecology,ethics_review,N,"No institutional ethics approval, permit numbers, or statement regarding ethics review mentioned"
be-arag029,,Behavioral Ecology,ethics_endpoints,N,No predefined humane endpoints mentioned; no statement on non-target impacts or anticipated injuries
be-arag029,,Behavioral Ecology,ethics_statement,N,No welfare considerations or three Rs discussion; no justification of study design relative to animal welfare
be-arag029,,Behavioral Ecology,nutrition_diet,NA,Field study with no captive feeding; crickets foraged naturally in meadow
be-arag029,,Behavioral Ecology,env_housing,NA,Field study with no experimental housing; crickets remained in natural burrows
be-arag029,,Behavioral Ecology,env_acclimation,NA,No acclimation period; wild crickets tested in situ in their natural environment
be-arag029,,Behavioral Ecology,env_field,Y,"Field site: WildCrickets meadow, Gijon, northern Spain; tested in March 2024; 140 burrows with cameras; no detailed habitat description; no mitigation of injury mentioned"
be-arag029,,Behavioral Ecology,health_monitoring,N,"No health assessments, disease screening, or welfare checks documented; only behavioral measurement via video"
be-arag029,,Behavioral Ecology,health_injury,N,"No mention of injuries, deaths, or unexpected adverse events during trials; silence on whether any occurred"
be-arag029,,Behavioral Ecology,fate_end,N,No statement on fate of crickets after study; no killing method specified; no mention of release or long-term tracking
be-arag029,,Behavioral Ecology,behaviour_general,Y,Natural burrow refugia; crickets emerged and positioned freely; species-typical escape behavior measured; natural social grouping maintained
be-arag029,,Behavioral Ecology,affect_indicators,N,No behavioral or physiological stress indicators measured; no precautionary measures discussed regarding affective capacity
be-arag053,,Behavioral Ecology,_eligibility,Y,Empirical study using live jumping spiders (Paraphrynus mirabilis) subjected to experimental treatments.
be-arag053,,Behavioral Ecology,subjects_taxon,Y,Paraphrynus mirabilis; males aged 7-21 days post-molt; 4 unmated females aged 8-28 days post-molt.
be-arag053,,Behavioral Ecology,subjects_source,N,"No information provided on origin (wild-collected, lab colony, or commercial supplier)."
be-arag053,,Behavioral Ecology,subjects_n,Y,39 males tested; 4 females used; no attrition mentioned; justification given for repeated measures design to increase power.
be-arag053,,Behavioral Ecology,proc_handling,Y,Males held in vials; flies placed in vials for gift wrapping; flies removed with forceps; animals placed in arena; handling during measurement.
be-arag053,,Behavioral Ecology,proc_anaesthesia,N,"No invasive procedures described; however, euthanasia method stated (freezer at −32°C) but no anaesthesia mentioned before killing."
be-arag053,,Behavioral Ecology,proc_biosecurity,Y,Arena cleaned with 70-80% ethanol between trials to remove silk and pheromones.
be-arag053,,Behavioral Ecology,ethics_review,N,"No mention of institutional ethics review, permits, or conservation status assessment."
be-arag053,,Behavioral Ecology,ethics_endpoints,N,No predefined humane endpoints or anticipated non-target impacts described.
be-arag053,,Behavioral Ecology,ethics_statement,N,No discussion of welfare considerations or the three Rs informing study design.
be-arag053,,Behavioral Ecology,nutrition_diet,Y,Lucilia caesar and Calliphora vomitoria flies provided as nuptial gifts/food; minimum 1 h allowed to catch and wrap fly.
be-arag053,,Behavioral Ecology,env_housing,Y,Males held in vials; arena used for trials; cleaning protocol stated (70-80% ethanol); no other housing details provided.
be-arag053,,Behavioral Ecology,env_acclimation,N,No acclimation period before trials mentioned.
be-arag053,,Behavioral Ecology,env_field,NA,Pure laboratory study with no field component.
be-arag053,,Behavioral Ecology,health_monitoring,N,"No health monitoring, disease screening, or welfare checks mentioned."
be-arag053,,Behavioral Ecology,health_injury,N,"No statement provided regarding injuries, unexpected deaths, or health problems during experiment."
be-arag053,,Behavioral Ecology,fate_end,Y,"Males euthanized in freezer at −32°C after final trial, preserved in 70-80% ethanol; legs dissected and measured."
be-arag053,,Behavioral Ecology,behaviour_general,Y,"Arena setup with female dragline silk to stimulate courtship; natural behaviors (courtship vibration, gift wrapping) observed and measured."
be-arag053,,Behavioral Ecology,affect_indicators,N,"No indicators of stress, pain, or distress mentioned; no precautionary measures for affective capacity discussed."
be-arag054,,Behavioral Ecology,_eligibility,Y,Empirical study using live male Bombus terrestris (bumblebees) in controlled flight cage experiments.
be-arag054,,Behavioral Ecology,subjects_taxon,Y,"Male Bombus terrestris, life stage and sex clearly specified throughout."
be-arag054,,Behavioral Ecology,subjects_source,Y,"Commercial colonies from Agralan Ltd. (Wiltshire, UK); males from both colonies and male-only boxes."
be-arag054,,Behavioral Ecology,subjects_n,Y,"62 males initially, 11 excluded (escape, flight instability, feeder dislodging, incomplete recordings, tracking errors), final n=51 across four conditions."
be-arag054,,Behavioral Ecology,proc_handling,Y,Males marked with numbered colored disks glued to thoraces; removed from colony/box 1 day before testing; placed in training box; gentle removal using bee marking cages during focal testing.
be-arag054,,Behavioral Ecology,proc_anaesthesia,NA,No invasive surgical or medical procedures performed; only behavioral observation in flight cage.
be-arag054,,Behavioral Ecology,proc_biosecurity,Y,Flight cage enclosed with white tulle mesh (0.5 mm pore size) suitable for containing bumblebees; native UK species.
be-arag054,,Behavioral Ecology,ethics_review,N,"No institutional ethics approval, permit numbers, or welfare statement regarding ethics review mentioned."
be-arag054,,Behavioral Ecology,ethics_endpoints,N,No predefined humane endpoints described; no mention of anticipated or observed harms.
be-arag054,,Behavioral Ecology,ethics_statement,N,"No discussion of welfare considerations or the three Rs (Replacement, Reduction, Refinement) in relation to study design."
be-arag054,,Behavioral Ecology,nutrition_diet,Y,25% sucrose solution via feeders; Natupol pollen twice weekly; BIOGLUC (invert sugar syrup) in artificial flowers; nectar delivery rates specified (high: 69.6±0.16 μL/flower; low: 24.4±0.23 μL/flower)
be-arag054,,Behavioral Ecology,env_housing,Y,"Flight cage 3×3 m (300×300×150 cm height); white tulle mesh enclosure; floor with laminated Julesz patterns; white curtains; 21.8±0.02°C, 46.2±0.3% RH; 8h light/16h dark photoperiod; artificial flower"
be-arag054,,Behavioral Ecology,env_acclimation,Y,"Males released into flight cage ~1.5 h before testing (15:30 release, testing started next morning ~09:30); training procedure with yellow chips and BIOGLUC before formal trials."
be-arag054,,Behavioral Ecology,env_field,NA,Pure laboratory study; no field work conducted.
be-arag054,,Behavioral Ecology,health_monitoring,N,"No methods described for assessing physical condition, disease screening, or welfare checks during housing or experiments."
be-arag054,,Behavioral Ecology,health_injury,Y,"11 males excluded due to escape, persistent flight instability (repeated falling), and feeder dislodging; these represent injuries/inability to function; no statement on other injuries/deaths."
be-arag054,,Behavioral Ecology,fate_end,N,No mention of how bees were killed or euthanized after the study; fate of focal and non-focal males not described.
be-arag054,,Behavioral Ecology,behaviour_general,Y,"Flight cage dimensions and contents designed to support species-typical behaviors (foraging, scent-marking, patrolling); branches and artificial flowers provided; white backdrop and visual cues optimi"
be-arag054,,Behavioral Ecology,affect_indicators,N,No assessment of behavioral or physiological stress indicators; no precautionary measures discussed regarding affective capacity or welfare concerns.
be-arag055,,Behavioral Ecology,_eligibility,Y,Empirical study using live wild-collected ants (Insecta) sampled via pitfall traps and hand collection across multiple species.
be-arag055,,Behavioral Ecology,subjects_taxon,Y,"34 ant species identified to species level using Lebas et al. (2019) and Seifert (2007) keys; subfamily, genus, species reported; life stage (workers) specified."
be-arag055,,Behavioral Ecology,subjects_source,Y,"Wild-collected from 44 plots in Bavaria, Germany (45,000 km²); sampling occurred May 2022; pitfall traps deployed for 2 weeks at each site. Hand-collected L. niger from 10 colonies June 2024."
be-arag055,,Behavioral Ecology,subjects_n,Y,"Total 9,475 ants collected (220 pitfall traps × 5 traps per plot × 44 plots); 983 injured ants identified in filtered dataset (n=8,205 individuals across 8 species); attrition described (rare species "
be-arag055,,Behavioral Ecology,proc_handling,Y,"Pitfall traps (82 mm diameter) buried at soil level, filled with propylene glycol-water-detergent solution, recollected after 2 weeks. Hand-collected L. niger workers (~100 per colony, 10 colonies). T"
be-arag055,,Behavioral Ecology,proc_anaesthesia,NA,No invasive procedures performed; ants examined post-mortem in ethanol for pre-existing injuries only.
be-arag055,,Behavioral Ecology,proc_biosecurity,N,"No mention of measures against escape, contamination disposal, or biosecurity protocols for wild-collected native species."
be-arag055,,Behavioral Ecology,ethics_review,N,"No institutional ethics review, permit numbers, or approval mentioned. No explicit statement regarding ethics review requirements or exemption."
be-arag055,,Behavioral Ecology,ethics_endpoints,N,No predefined humane endpoints mentioned. Field study reports traps left for 2 weeks but no discussion of monitoring or mitigation of non-target injury/exposure.
be-arag055,,Behavioral Ecology,ethics_statement,N,"No discussion of welfare considerations, the three Rs, or how study design addressed animal welfare beyond methodological validity check."
be-arag055,,Behavioral Ecology,nutrition_diet,N,"No information on diet, feeding, or nutritional provisioning; ants were wild-caught and preserved in ethanol."
be-arag055,,Behavioral Ecology,env_housing,N,"No captive housing; ants were wild-caught in pitfall traps and immediately transferred to ethanol. No enclosure, substrate, or environmental parameters described."
be-arag055,,Behavioral Ecology,env_acclimation,NA,No acclimation period applicable; ants were wild-collected and immediately preserved.
be-arag055,,Behavioral Ecology,env_field,Y,"Bavaria, Germany study area (45,000 km²) described; 4 habitat types (grassland, forest edge, slope, wooded strip) characterized; 44 plots across 2 regions; 5 sampling points per plot with 1 m spacing;"
be-arag055,,Behavioral Ecology,health_monitoring,Y,"All ants examined using binocular microscope (Nikon SMZ645, 6.7–50× magnification) for injuries; extremities of every individual verified; injury location, side, and specific site recorded."
be-arag055,,Behavioral Ecology,health_injury,Y,"Total injuries and injury rates quantified: 1,137 of 9,475 ants (12%) injured overall; 983 injured ants in filtered dataset (15.8% injury rate); distribution by body part and species documented. Cause"
be-arag055,,Behavioral Ecology,fate_end,N,"Ants killed by immersion in 70% ethanol for preservation and later examination, but this method is not explicitly stated as the killing protocol—only described as storage method for identification."
be-arag055,,Behavioral Ecology,behaviour_general,Y,"Study discusses species-typical foraging behaviors (predatory vs. omnivorous, trophobiosis) and wound care behaviors (amputations); injury patterns reflect ritualized confrontations and predator-prey "
be-arag055,,Behavioral Ecology,affect_indicators,N,"No discussion of behavioral or physiological stress indicators, pain assessment, or precautionary measures for affective capacity in ants."
be-arag071,,Behavioral Ecology,_eligibility,Y,Empirical study using live Tribolium castaneum (red flour beetles) in behavioral choice experiments.
be-arag071,,Behavioral Ecology,subjects_taxon,Y,"Tribolium castaneum, adults <2 weeks post-emergence, sex not sorted (stated as haphazardly selected)."
be-arag071,,Behavioral Ecology,subjects_source,Y,Carolina Biological supplier named; lab colony origin stated.
be-arag071,,Behavioral Ecology,subjects_n,Y,Sample sizes per trial listed in Table 1 (mostly n=20-30 per choice test); beetles not reused. Attrition addressed via daily/twice-weekly survival checks.
be-arag071,,Behavioral Ecology,proc_handling,Y,"Capture (haphazard selection), transport (1 L jars), handling and restraint described (plastic cone confinement, 5 min acclimation before trial)."
be-arag071,,Behavioral Ecology,proc_anaesthesia,Y,Cadaver production via freezing at -20°C for 24 h explicitly stated; beetles euthanized at end of trial (method not specified for trial-end euthanasia).
be-arag071,,Behavioral Ecology,proc_biosecurity,Y,Arena cleaning with hot soapy water and ethanol between trials; no escape/non-native risk noted (T. castaneum native pest control context).
be-arag071,,Behavioral Ecology,ethics_review,N,"No institutional ethics review, permit number, or statement about ethics approval mentioned."
be-arag071,,Behavioral Ecology,ethics_endpoints,N,No predefined humane endpoints or welfare stopping criteria reported; only standard trial duration (30 min) and survival checks mentioned.
be-arag071,,Behavioral Ecology,ethics_statement,N,No discussion of welfare considerations or the three Rs in relation to study design.
be-arag071,,Behavioral Ecology,nutrition_diet,Y,Diet composition stated: 4:4:1 ratio whole wheat flour:white flour:baker's yeast; fed ad libitum in culture jars.
be-arag071,,Behavioral Ecology,env_housing,Y,"Culture: ~50 beetles per 1 L glass jar, 3 cups flour, darkness, ~20°C, 48% humidity. Choice arenas: 20 cm length, 1.5 cm height, Whatman filter paper lined, flour medium."
be-arag071,,Behavioral Ecology,env_acclimation,Y,5 min acclimation in center cone before trial began.
be-arag071,,Behavioral Ecology,env_field,NA,Pure laboratory study; no field work.
be-arag071,,Behavioral Ecology,health_monitoring,Y,"Survival checked daily for 5 d in pilot trials, then twice weekly; general physical condition assessed via observation."
be-arag071,,Behavioral Ecology,health_injury,Y,"Pilot mortality rates reported: SC exposure 20% at 4 d, BB 50% at 11 d; controls 0-10%. No injuries during choice tests mentioned."
be-arag071,,Behavioral Ecology,fate_end,N,"Stated 'euthanized at end of each trial' but the specific method of killing is not named; freezing mentioned only for cadaver production, not trial-end fate."
be-arag071,,Behavioral Ecology,behaviour_general,Y,Choice arena design with two chambers and flour (food attractant) permits species-typical foraging; red light used to maintain darkness and encourage movement.
be-arag071,,Behavioral Ecology,affect_indicators,Y,"Behavioral indicators recorded (position, movement) every 30 s; avoidance/attraction quantified via proportion of time in chambers as stress/preference proxy."
10-1093-beheco-arag072-8712073,10.1093/beheco/arag072/8712073,Behavioral Ecology,_eligibility,Y,Empirical study using live mantis shrimp (Gonodactylus childi) in behavioral contests.
10-1093-beheco-arag072-8712073,10.1093/beheco/arag072/8712073,Behavioral Ecology,subjects_taxon,Y,"Gonodactylus childi, Indo-Pacific mantis shrimp; sexed; body length and mass measured."
10-1093-beheco-arag072-8712073,10.1093/beheco/arag072/8712073,Behavioral Ecology,subjects_source,Y,"17 individuals wild-collected from coral rubble near Gump Marine Laboratory, Mo'orea, French Polynesia, May 2023."
10-1093-beheco-arag072-8712073,10.1093/beheco/arag072/8712073,Behavioral Ecology,subjects_n,Y,"N=17 individuals; 51 contests conducted, 26 analyzed; 25 excluded (camera errors, aggression through window, no assessment)."
10-1093-beheco-arag072-8712073,10.1093/beheco/arag072/8712073,Behavioral Ecology,proc_handling,Y,Gently hammered rubble to expose animals; housed individually in perforated bottles initially; transported to lab; handled for measurement.
10-1093-beheco-arag072-8712073,10.1093/beheco/arag072/8712073,Behavioral Ecology,proc_anaesthesia,NA,No invasive surgical procedures performed; contests were non-invasive behavioral observations.
10-1093-beheco-arag072-8712073,10.1093/beheco/arag072/8712073,Behavioral Ecology,proc_biosecurity,Y,Animals housed in individual cubes; flow-through seawater system; mock burrows provided; no mention of escape risk or disposal detailed.
10-1093-beheco-arag072-8712073,10.1093/beheco/arag072/8712073,Behavioral Ecology,ethics_review,Y,French Polynesia Permit Number 130005820 mentioned; US Export Declarations Number 2023SF3102845 noted.
10-1093-beheco-arag072-8712073,10.1093/beheco/arag072/8712073,Behavioral Ecology,ethics_endpoints,N,No predefined humane endpoints stated; no discussion of animal welfare monitoring criteria during contests.
10-1093-beheco-arag072-8712073,10.1093/beheco/arag072/8712073,Behavioral Ecology,ethics_statement,N,No explicit discussion of welfare considerations or the three Rs; permits mentioned but welfare reasoning absent.
10-1093-beheco-arag072-8712073,10.1093/beheco/arag072/8712073,Behavioral Ecology,nutrition_diet,Y,Fed frozen brine shrimp (Hikari brand) three times per week; water provided in flow-through seawater system.
10-1093-beheco-arag072-8712073,10.1093/beheco/arag072/8712073,Behavioral Ecology,env_housing,Y,Individual 10cm³ plastic cubes with ~1in sandy substrate; flow-through seawater at ~22°C; 12h:12h light:dark; mock burrows (2mL vial with weight).
10-1093-beheco-arag072-8712073,10.1093/beheco/arag072/8712073,Behavioral Ecology,env_acclimation,Y,Housed for approximately one week in initial sea tables post-collection before transport; 5-minute acclimation in contest arena before barrier lift.
10-1093-beheco-arag072-8712073,10.1093/beheco/arag072/8712073,Behavioral Ecology,env_field,NA,Field collection described but no field maintenance; all experiments conducted in lab.
10-1093-beheco-arag072-8712073,10.1093/beheco/arag072/8712073,Behavioral Ecology,health_monitoring,N,"No methods stated for assessing physical condition, disease screening, or welfare checks during holding."
10-1093-beheco-arag072-8712073,10.1093/beheco/arag072/8712073,Behavioral Ecology,health_injury,N,Paper states 'without evidence of external injury' during strikes but does not report injuries or mortality during holding or experiments.
10-1093-beheco-arag072-8712073,10.1093/beheco/arag072/8712073,Behavioral Ecology,fate_end,N,No statement on final fate of animals; no killing method specified; silent on what happened to animals after study.
10-1093-beheco-arag072-8712073,10.1093/beheco/arag072/8712073,Behavioral Ecology,behaviour_general,Y,"Mock burrows provided for housing; contest arena setup with barrier and GoPro; behaviors recorded (approach, lunge, strike, telson coil, etc.)."
10-1093-beheco-arag072-8712073,10.1093/beheco/arag072/8712073,Behavioral Ecology,affect_indicators,N,"Contest behaviors recorded but no discussion of stress, pain, or distress indicators; no precautionary measures for invertebrate sentience addressed."
ecol-letters-ecology-letters-2025-baker-local-thermal-extremes-shape-the-nature-of-herbivore-plasticity-that-controls-plant,,Ecology Letters,_eligibility,Y,Empirical field experiment using live grasshoppers (Melanoplus femurrubrum) and spiders (Pisaurina spp.) in mesocosm cages and laboratory assays.
ecol-letters-ecology-letters-2025-baker-local-thermal-extremes-shape-the-nature-of-herbivore-plasticity-that-controls-plant,,Ecology Letters,subjects_taxon,Y,Melanoplus femurrubrum (grasshopper) and Pisaurina spp. (spiders); third-instar grasshoppers used; sex not specified.
ecol-letters-ecology-letters-2025-baker-local-thermal-extremes-shape-the-nature-of-herbivore-plasticity-that-controls-plant,,Ecology Letters,subjects_source,Y,Wild-collected from eight local populations across New England region; spiders caught from field sites; no founding stock or commercial supplier details.
ecol-letters-ecology-letters-2025-baker-local-thermal-extremes-shape-the-nature-of-herbivore-plasticity-that-controls-plant,,Ecology Letters,subjects_n,Y,"5 grasshoppers per cage, 20 cages per site, 8 sites = 800 grasshoppers total; 1 spider per predation cage; replacement of dead grasshoppers one week post-stocking mentioned."
ecol-letters-ecology-letters-2025-baker-local-thermal-extremes-shape-the-nature-of-herbivore-plasticity-that-controls-plant,,Ecology Letters,proc_handling,Y,Grasshoppers transferred from field cages to terraria and back; spiders caught from field and handled; cage deployment and spacing described; no anaesthesia or marking mentioned.
ecol-letters-ecology-letters-2025-baker-local-thermal-extremes-shape-the-nature-of-herbivore-plasticity-that-controls-plant,,Ecology Letters,proc_anaesthesia,N,No invasive procedures mentioned beyond standard rearing; respiration measurements and final sampling described but no anaesthesia/analgesia statement.
ecol-letters-ecology-letters-2025-baker-local-thermal-extremes-shape-the-nature-of-herbivore-plasticity-that-controls-plant,,Ecology Letters,proc_biosecurity,N,No measures against escape reported; neither native nor non-native taxa present in captive setting; disposal methods not mentioned.
ecol-letters-ecology-letters-2025-baker-local-thermal-extremes-shape-the-nature-of-herbivore-plasticity-that-controls-plant,,Ecology Letters,ethics_review,N,"No mention of institutional animal care committee, ethics approval, or permits; no statement that none was required."
ecol-letters-ecology-letters-2025-baker-local-thermal-extremes-shape-the-nature-of-herbivore-plasticity-that-controls-plant,,Ecology Letters,ethics_endpoints,N,No predefined humane endpoints specified; mortality recorded passively; no discussion of anticipated disturbance or injury prevention.
ecol-letters-ecology-letters-2025-baker-local-thermal-extremes-shape-the-nature-of-herbivore-plasticity-that-controls-plant,,Ecology Letters,ethics_statement,N,"No engagement with welfare considerations or the three Rs (Replacement, Reduction, Refinement) in study design."
ecol-letters-ecology-letters-2025-baker-local-thermal-extremes-shape-the-nature-of-herbivore-plasticity-that-controls-plant,,Ecology Letters,nutrition_diet,Y,Grasshoppers fed naturally on vegetation in field cages (grass Poa spp. and Solidago rugosa); water provision not explicitly stated but implied by field conditions.
ecol-letters-ecology-letters-2025-baker-local-thermal-extremes-shape-the-nature-of-herbivore-plasticity-that-controls-plant,,Ecology Letters,env_housing,Y,"Field mesocosm cages: cylindrical (0.25 m² × 1.0 m H), vinyl-coated garden wire with insect screening; natural vegetation substrate; 20 cages per site separated by ≥1 m; temperature measured in canopy"
ecol-letters-ecology-letters-2025-baker-local-thermal-extremes-shape-the-nature-of-herbivore-plasticity-that-controls-plant,,Ecology Letters,env_acclimation,Y,Terraria assays: grasshoppers allowed to acclimate overnight to resume normal behaviours before behavioral observations began.
ecol-letters-ecology-letters-2025-baker-local-thermal-extremes-shape-the-nature-of-herbivore-plasticity-that-controls-plant,,Ecology Letters,env_field,Y,Eight field sites across New England; thermal conditions measured with loggers at 60 cm canopy height; diel temperature extremes characterized; seasonal duration (late June to early October) specified
ecol-letters-ecology-letters-2025-baker-local-thermal-extremes-shape-the-nature-of-herbivore-plasticity-that-controls-plant,,Ecology Letters,health_monitoring,Y,Grasshopper survival counted at end of season; mortality replacement one week post-stocking; spiders confirmed alive and mobile post-assay; no routine health checks reported.
ecol-letters-ecology-letters-2025-baker-local-thermal-extremes-shape-the-nature-of-herbivore-plasticity-that-controls-plant,,Ecology Letters,health_injury,Y,Mortality due to handling stress documented and replaced one week post-stocking; survival differences analyzed among treatments; end-of-season survival counts provided.
ecol-letters-ecology-letters-2025-baker-local-thermal-extremes-shape-the-nature-of-herbivore-plasticity-that-controls-plant,,Ecology Letters,fate_end,N,"Grasshoppers transported alive to laboratory for respiration assays; final killing method not specified; fate of spiders mentioned (returned to field cages, confirmed alive) but grasshoppers' ultimate"
ecol-letters-ecology-letters-2025-baker-local-thermal-extremes-shape-the-nature-of-herbivore-plasticity-that-controls-plant,,Ecology Letters,behaviour_general,Y,Vertical position in canopy measured (habitat use); refugia implied via vegetation structure and canopy height gradients; behavioral trade-offs between feeding and predator avoidance described.
ecol-letters-ecology-letters-2025-baker-local-thermal-extremes-shape-the-nature-of-herbivore-plasticity-that-controls-plant,,Ecology Letters,affect_indicators,Y,Behavioral plasticity (canopy position changes) and physiological indicators (respiration rate) measured as stress responses; predation risk stress explicitly examined.
ecol-letters-ecology-letters-2026-c3-98rsted-integrating-physiological-rates-of-thermal-stress-and-repair-predicts-heat-failure-during,,Ecology Letters,_eligibility,Y,Empirical study using live Drosophila suzukii (insect) in thermal stress experiments.
ecol-letters-ecology-letters-2026-c3-98rsted-integrating-physiological-rates-of-thermal-stress-and-repair-predicts-heat-failure-during,,Ecology Letters,subjects_taxon,Y,Drosophila suzukii identified; sex noted (males and females); life stage not specified but lab colony implies adults
ecol-letters-ecology-letters-2026-c3-98rsted-integrating-physiological-rates-of-thermal-stress-and-repair-predicts-heat-failure-during,,Ecology Letters,subjects_source,Y,Lab-reared population; acknowledges Hervé Colinet provided founding stock
ecol-letters-ecology-letters-2026-c3-98rsted-integrating-physiological-rates-of-thermal-stress-and-repair-predicts-heat-failure-during,,Ecology Letters,subjects_n,Y,Sample sizes detailed per experiment: Exp 1 n=15 per sex per temperature; Exp 3 n=1638 total (full factorial); Exp 5 n=88
ecol-letters-ecology-letters-2026-c3-98rsted-integrating-physiological-rates-of-thermal-stress-and-repair-predicts-heat-failure-during,,Ecology Letters,proc_handling,Y,Flies transferred to individual glass vials with medium droplet; vials submerged in preheated water bath; gently tapped to observe coma
ecol-letters-ecology-letters-2026-c3-98rsted-integrating-physiological-rates-of-thermal-stress-and-repair-predicts-heat-failure-during,,Ecology Letters,proc_anaesthesia,NA,No invasive procedures or anaesthesia required; thermal stress observations only
ecol-letters-ecology-letters-2026-c3-98rsted-integrating-physiological-rates-of-thermal-stress-and-repair-predicts-heat-failure-during,,Ecology Letters,proc_biosecurity,NA,Lab colony held in controlled incubators; no escape risk or contamination concerns noted as no mention of non-native pathogen risk
ecol-letters-ecology-letters-2026-c3-98rsted-integrating-physiological-rates-of-thermal-stress-and-repair-predicts-heat-failure-during,,Ecology Letters,ethics_review,N,"No institutional ethics approval, permit numbers, or explicit statement regarding ethics review provided"
ecol-letters-ecology-letters-2026-c3-98rsted-integrating-physiological-rates-of-thermal-stress-and-repair-predicts-heat-failure-during,,Ecology Letters,ethics_endpoints,Y,Humane endpoint defined: time to coma (complete cessation of movement) is the measured endpoint
ecol-letters-ecology-letters-2026-c3-98rsted-integrating-physiological-rates-of-thermal-stress-and-repair-predicts-heat-failure-during,,Ecology Letters,ethics_statement,N,"No discussion of welfare considerations or the three Rs (Replacement, Reduction, Refinement) in study design"
ecol-letters-ecology-letters-2026-c3-98rsted-integrating-physiological-rates-of-thermal-stress-and-repair-predicts-heat-failure-during,,Ecology Letters,nutrition_diet,Y,Flies maintained with droplet of medium in vial caps; no further diet detail but basic provision noted
ecol-letters-ecology-letters-2026-c3-98rsted-integrating-physiological-rates-of-thermal-stress-and-repair-predicts-heat-failure-during,,Ecology Letters,env_housing,Y,Individual glass vials; submerged in preheated water baths at specified temperatures (34–38°C); temperature-controlled incubators for recovery at 10–34°C
ecol-letters-ecology-letters-2026-c3-98rsted-integrating-physiological-rates-of-thermal-stress-and-repair-predicts-heat-failure-during,,Ecology Letters,env_acclimation,N,No acclimation period described before thermal stress exposures begin
ecol-letters-ecology-letters-2026-c3-98rsted-integrating-physiological-rates-of-thermal-stress-and-repair-predicts-heat-failure-during,,Ecology Letters,env_field,NA,Pure laboratory study; no field work conducted
ecol-letters-ecology-letters-2026-c3-98rsted-integrating-physiological-rates-of-thermal-stress-and-repair-predicts-heat-failure-during,,Ecology Letters,health_monitoring,Y,Coma onset observed and recorded via gentle tapping; continuous monitoring during stress and recovery periods
ecol-letters-ecology-letters-2026-c3-98rsted-integrating-physiological-rates-of-thermal-stress-and-repair-predicts-heat-failure-during,,Ecology Letters,health_injury,Y,Deaths and coma inductions recorded as primary outcome; no mention of unexpected injuries or disease
ecol-letters-ecology-letters-2026-c3-98rsted-integrating-physiological-rates-of-thermal-stress-and-repair-predicts-heat-failure-during,,Ecology Letters,fate_end,N,No explicit statement of method for killing flies at end of study; fate after coma observations not specified
ecol-letters-ecology-letters-2026-c3-98rsted-integrating-physiological-rates-of-thermal-stress-and-repair-predicts-heat-failure-during,,Ecology Letters,behaviour_general,Y,Coma (complete cessation of movement) used as behavioral endpoint; no enrichment or refugia relevant to thermal stress assay design
ecol-letters-ecology-letters-2026-c3-98rsted-integrating-physiological-rates-of-thermal-stress-and-repair-predicts-heat-failure-during,,Ecology Letters,affect_indicators,Y,Coma onset and duration used as indicators of thermal stress; time to heat coma reflects physiological distress under stressful temperatures
10-1111-ele-70401,10.1111/ele.70401,Ecology Letters,_eligibility,Y,Empirical study using live butterfly specimens (Lepidoptera: Nymphalidae) collected and dissected to quantify reproductive phenotypes.
10-1111-ele-70401,10.1111/ele.70401,Ecology Letters,subjects_taxon,Y,"Nine Nymphalidae species identified (Catonephele acontius, C. numilia, etc.); life stage (adults); sex (females for dissection). Subspecies not specified."
10-1111-ele-70401,10.1111/ele.70401,Ecology Letters,subjects_source,Y,"Field-collected at Finca Las Piedras (FLP), Madre de Dios, Peru (lat. -12.226348°, lon. -69.112599°). Monthly trapping June 2020–January 2024; additional collections August–October 2023."
10-1111-ele-70401,10.1111/ele.70401,Ecology Letters,subjects_n,Y,599 individual females dissected across 9 species over 5 years; additional 60 individuals used for wing damage analysis. Attrition/loss not explicitly stated.
10-1111-ele-70401,10.1111/ele.70401,Ecology Letters,proc_handling,Y,"Captured with banana-baited butterfly traps at ten stations (paired traps at ground and canopy levels). Geographic coordinates, date, time, collector name noted at capture. Specimens stored in glassin"
10-1111-ele-70401,10.1111/ele.70401,Ecology Letters,proc_anaesthesia,N,Dissection procedure performed but no anaesthesia or analgesia mentioned. No explicit justification given for omission.
10-1111-ele-70401,10.1111/ele.70401,Ecology Letters,proc_biosecurity,NA,Specimens are native Neotropical species; no escape-risk or contamination-control issues apparent. Field collection only.
10-1111-ele-70401,10.1111/ele.70401,Ecology Letters,ethics_review,Y,Peru's SERFOR permit obtained (permit no. D000443-2021-MIDAGRI-SERFOR-DGGSPFFS) for field and laboratory research.
10-1111-ele-70401,10.1111/ele.70401,Ecology Letters,ethics_endpoints,N,No predefined humane endpoints or anticipated/observed non-target impacts mentioned. Field study design does not address harm minimisation at collection or dissection.
10-1111-ele-70401,10.1111/ele.70401,Ecology Letters,ethics_statement,N,"Permit citation present but no welfare reasoning or discussion of the three Rs (Replacement, Reduction, Refinement) in study design."
10-1111-ele-70401,10.1111/ele.70401,Ecology Letters,nutrition_diet,N,"No diet, feeding frequency, water provision, or fasting mentioned. Specimens were field-caught and not held for study."
10-1111-ele-70401,10.1111/ele.70401,Ecology Letters,env_housing,N,No captive housing described. Specimens collected from field and stored in envelopes for later dissection; no rearing or holding conditions detailed.
10-1111-ele-70401,10.1111/ele.70401,Ecology Letters,env_acclimation,NA,No acclimation period described; specimens were field-collected and dissected without captive acclimation phase.
10-1111-ele-70401,10.1111/ele.70401,Ecology Letters,env_field,Y,"Field site: Finca Las Piedras, southeastern Peru, lowland tropical rainforest with pronounced wet/dry seasons (~250 masl). Traps placed at ground and canopy levels in intact forest. Monthly trapping r"
10-1111-ele-70401,10.1111/ele.70401,Ecology Letters,health_monitoring,N,"No health checks, disease screening, or parasite assessment mentioned. Wing damage used as proxy for age/condition but not framed as health monitoring."
10-1111-ele-70401,10.1111/ele.70401,Ecology Letters,health_injury,N,"No statement on injuries, mortality, or condition at capture/dissection. Silence on harm during trapping and specimen handling."
10-1111-ele-70401,10.1111/ele.70401,Ecology Letters,fate_end,N,"Dissection method implied (abdomen dissection to count eggs/spermatophores) but no explicit statement of how specimens were killed prior to, during, or after dissection. No euthanasia method named."
10-1111-ele-70401,10.1111/ele.70401,Ecology Letters,behaviour_general,N,"No discussion of enclosure enrichment, refugia, behavioural constraints, or species-typical behaviour support. Field-collected; no captive behaviour management."
10-1111-ele-70401,10.1111/ele.70401,Ecology Letters,affect_indicators,N,"No indicators of stress, pain, or distress assessed. No precautionary measures for invertebrate sentience/welfare discussed."
10-1111-ele-70416,10.1111/ele.70416,Ecology Letters,_eligibility,Y,Empirical study using live Anopheles stephensi larvae reared under controlled laboratory conditions.
10-1111-ele-70416,10.1111/ele.70416,Ecology Letters,subjects_taxon,Y,"Anopheles stephensi, first-instar larvae, life stage specified; species identified."
10-1111-ele-70416,10.1111/ele.70416,Ecology Letters,subjects_source,Y,"Lab colony stated: 'a single, long-established colony' from An. stephensi; source referenced as established colony."
10-1111-ele-70416,10.1111/ele.70416,Ecology Letters,subjects_n,Y,Each treatment: 3 replicates × 100 first-instar larvae per tray. Total design given; n=20 females per tray for wing measurements.
10-1111-ele-70416,10.1111/ele.70416,Ecology Letters,proc_handling,N,"No description of larval collection, transport, handling, or restraint methods provided."
10-1111-ele-70416,10.1111/ele.70416,Ecology Letters,proc_anaesthesia,NA,No invasive procedures (surgical or otherwise) performed; rearing and measurement only.
10-1111-ele-70416,10.1111/ele.70416,Ecology Letters,proc_biosecurity,N,"No mention of containment measures, escape prevention, or disposal of material."
10-1111-ele-70416,10.1111/ele.70416,Ecology Letters,ethics_review,N,"No institutional ethics approval, permit numbers, or statement regarding ethical review provided."
10-1111-ele-70416,10.1111/ele.70416,Ecology Letters,ethics_endpoints,N,No predefined humane endpoints mentioned; no discussion of anticipated or observed non-target impacts.
10-1111-ele-70416,10.1111/ele.70416,Ecology Letters,ethics_statement,N,No engagement with welfare considerations or discussion of the three Rs in study design.
10-1111-ele-70416,10.1111/ele.70416,Ecology Letters,nutrition_diet,N,"No description of larval diet, food composition, feeding frequency, or water provision given."
10-1111-ele-70416,10.1111/ele.70416,Ecology Letters,env_housing,Y,"Trays at constant temperatures (14–42°C), five humidity levels (30–90% RH), 12:12 light:dark cycle specified; substrate/complexity not detailed."
10-1111-ele-70416,10.1111/ele.70416,Ecology Letters,env_acclimation,N,No acclimation period described; larvae placed directly into treatment conditions.
10-1111-ele-70416,10.1111/ele.70416,Ecology Letters,env_field,NA,Pure laboratory study; no field work or wild-collected subjects.
10-1111-ele-70416,10.1111/ele.70416,Ecology Letters,health_monitoring,Y,Daily emergence recorded; survival and development monitored; adult wing length measured (n=20 females per tray).
10-1111-ele-70416,10.1111/ele.70416,Ecology Letters,health_injury,N,"No mention of injuries, disease, parasites, or explicit statement that none occurred during rearing."
10-1111-ele-70416,10.1111/ele.70416,Ecology Letters,fate_end,N,No specific killing method named; only mention of 'adult emergence' and subsequent measurement/processing without stating how final termination was performed.
10-1111-ele-70416,10.1111/ele.70416,Ecology Letters,behaviour_general,N,"No description of behaviour-supporting features, refugia, enrichment, or disturbance minimisation in rearing trays."
10-1111-ele-70416,10.1111/ele.70416,Ecology Letters,affect_indicators,N,"No discussion of stress indicators, pain, distress, or precautionary measures for larval welfare."
ecol-letters-ecology-letters-2026-lue-warming-reduces-parasitoid-success-and-narrows-their-diet-breadth,,Ecology Letters,_eligibility,Y,Empirical study using live Drosophila (insects) and parasitoid wasps (Hymenoptera) in controlled laboratory experiments.
ecol-letters-ecology-letters-2026-lue-warming-reduces-parasitoid-success-and-narrows-their-diet-breadth,,Ecology Letters,subjects_taxon,Y,"Seven Drosophila species and four parasitoid species (Asobara sp., Leptopilina sp., Ganaspis sp., Trichopria sp.) identified by morphology and DNA barcoding; life stage (eggs, larvae, pupae, adults) s"
ecol-letters-ecology-letters-2026-lue-warming-reduces-parasitoid-success-and-narrows-their-diet-breadth,,Ecology Letters,subjects_source,Y,"Wild-collected from Paluma and Kirrama sites in North Queensland, Australia (2017–2018); shipped under permit PWS2016-AU-002018; maintained at Biology Centre CAS for ~25–50 generations; reference vouc"
ecol-letters-ecology-letters-2026-lue-warming-reduces-parasitoid-success-and-narrows-their-diet-breadth,,Ecology Letters,subjects_n,Y,"Total 49,950 eggs collected; 7–10 vials per treatment replicated across 28 host–parasitoid interactions; attrition tracked via emergence counts; sample size justified by preliminary assays."
ecol-letters-ecology-letters-2026-lue-warming-reduces-parasitoid-success-and-narrows-their-diet-breadth,,Ecology Letters,proc_handling,Y,Egg-wash protocol adapted from Nouhaud et al. (2018); eggs transferred to vials at standardised density (50 per vial); parasitoids introduced at 48 h (larval) or 120 h (pupal) and removed after 24 h; 
ecol-letters-ecology-letters-2026-lue-warming-reduces-parasitoid-success-and-narrows-their-diet-breadth,,Ecology Letters,proc_anaesthesia,NA,"No invasive surgical procedures or killing methods described in the main methods; study terminated at emergence counting, not killing."
ecol-letters-ecology-letters-2026-lue-warming-reduces-parasitoid-success-and-narrows-their-diet-breadth,,Ecology Letters,proc_biosecurity,N,"No mention of escape prevention measures, containment protocols, or disposal of material despite work with non-native Australian species held in Czech Republic."
ecol-letters-ecology-letters-2026-lue-warming-reduces-parasitoid-success-and-narrows-their-diet-breadth,,Ecology Letters,ethics_review,Y,Import permit no. PWS2016-AU-002018 from Australian Government Department of the Environment explicitly cited; no explicit statement on institutional animal care review.
ecol-letters-ecology-letters-2026-lue-warming-reduces-parasitoid-success-and-narrows-their-diet-breadth,,Ecology Letters,ethics_endpoints,N,"No predefined humane endpoints, injury monitoring, or anticipated non-target impacts documented; vials checked daily for emergence but no welfare checks or distress assessment."
ecol-letters-ecology-letters-2026-lue-warming-reduces-parasitoid-success-and-narrows-their-diet-breadth,,Ecology Letters,ethics_statement,N,"Permit citation present but no discussion of welfare considerations, the three Rs, or ethical reasoning for the study design."
ecol-letters-ecology-letters-2026-lue-warming-reduces-parasitoid-success-and-narrows-their-diet-breadth,,Ecology Letters,nutrition_diet,Y,"Drosophila diet: standard medium (corn flour, yeast, sugar, agar, methyl-4-hydroxybenzoate); parasitoids maintained on D. melanogaster; feeding frequency and access to medium implicit in vial setup; w"
ecol-letters-ecology-letters-2026-lue-warming-reduces-parasitoid-success-and-narrows-their-diet-breadth,,Ecology Letters,env_housing,Y,"Glass vials (90 mm high, 28 mm diameter) with 10 mL media; three temperature rooms (20°C, 24°C, 28°C) on 12:12 h light:dark cycle; no other details on substrate, complexity, density, humidity, or clea"
ecol-letters-ecology-letters-2026-lue-warming-reduces-parasitoid-success-and-narrows-their-diet-breadth,,Ecology Letters,env_acclimation,N,No acclimation period before experiments mentioned; cultures maintained at 24°C for ~25–50 generations before experiments but specific pre-experimental acclimation duration not stated.
ecol-letters-ecology-letters-2026-lue-warming-reduces-parasitoid-success-and-narrows-their-diet-breadth,,Ecology Letters,env_field,NA,Pure laboratory study with no field holding or field site procedures.
ecol-letters-ecology-letters-2026-lue-warming-reduces-parasitoid-success-and-narrows-their-diet-breadth,,Ecology Letters,health_monitoring,Y,Daily checking for adult emergence for up to 60 days; screening for melanised capsules (encapsulation) in flies; body mass measured; disease/parasite screening limited to encapsulation observations.
ecol-letters-ecology-letters-2026-lue-warming-reduces-parasitoid-success-and-narrows-their-diet-breadth,,Ecology Letters,health_injury,Y,Injury/mortality not explicitly quantified but tracked indirectly via emergence counts and survival calculations; developmental success measured as proportion emerging from control vials; no unexpecte
ecol-letters-ecology-letters-2026-lue-warming-reduces-parasitoid-success-and-narrows-their-diet-breadth,,Ecology Letters,fate_end,N,No killing method explicitly named; adults collected and counted during emergence but endpoint and method of termination (if any) not stated; no mention of specimen preservation or disposal.
ecol-letters-ecology-letters-2026-lue-warming-reduces-parasitoid-success-and-narrows-their-diet-breadth,,Ecology Letters,behaviour_general,Y,"Standardised mating (females 3–6 days old, mated) and oviposition behaviour (agar gel with yeast for egg-laying); no refugia, enrichment, or disturbance minimisation described."
ecol-letters-ecology-letters-2026-lue-warming-reduces-parasitoid-success-and-narrows-their-diet-breadth,,Ecology Letters,affect_indicators,N,No behavioural or physiological stress/pain indicators assessed; temperature treatments noted as stressful but no affective state monitoring; immune response (encapsulation) measured but not interpret
ecol-letters-ecology-letters-2026-mitesser-forest-heterogeneity-by-chain-saw-how-between-e2-80-90patch-variation-in-old-growth-attributes,,Ecology Letters,_eligibility,Y,Empirical study using live beetles (Coleoptera) sampled in field traps across 11 forest sites in Germany.
ecol-letters-ecology-letters-2026-mitesser-forest-heterogeneity-by-chain-saw-how-between-e2-80-90patch-variation-in-old-growth-attributes,,Ecology Letters,subjects_taxon,Y,1308 beetle species identified; order level sorting mentioned; species identification by professional taxonomists cited.
ecol-letters-ecology-letters-2026-mitesser-forest-heterogeneity-by-chain-saw-how-between-e2-80-90patch-variation-in-old-growth-attributes,,Ecology Letters,subjects_source,Y,"Wild-collected beetles from 11 sites throughout Germany; specific localities and sampling period (May-July 2022, 2023) provided."
ecol-letters-ecology-letters-2026-mitesser-forest-heterogeneity-by-chain-saw-how-between-e2-80-90patch-variation-in-old-growth-attributes,,Ecology Letters,subjects_n,Y,"103,714 specimens, 1,308 species across 234 patches; sample sizes per patch (153–1888 individuals) reported."
ecol-letters-ecology-letters-2026-mitesser-forest-heterogeneity-by-chain-saw-how-between-e2-80-90patch-variation-in-old-growth-attributes,,Ecology Letters,proc_handling,Y,Flight interception and pitfall traps deployed; traps emptied monthly; trap design and sampling frequency described.
ecol-letters-ecology-letters-2026-mitesser-forest-heterogeneity-by-chain-saw-how-between-e2-80-90patch-variation-in-old-growth-attributes,,Ecology Letters,proc_anaesthesia,NA,No invasive procedures performed on live beetles; traps used only to collect specimens.
ecol-letters-ecology-letters-2026-mitesser-forest-heterogeneity-by-chain-saw-how-between-e2-80-90patch-variation-in-old-growth-attributes,,Ecology Letters,proc_biosecurity,N,No mention of escape risk mitigation or disposal measures; study involves native European forest beetles in their native range.
ecol-letters-ecology-letters-2026-mitesser-forest-heterogeneity-by-chain-saw-how-between-e2-80-90patch-variation-in-old-growth-attributes,,Ecology Letters,ethics_review,N,"No institutional ethics review, permit numbers, or statement regarding ethics approval mentioned in methods."
ecol-letters-ecology-letters-2026-mitesser-forest-heterogeneity-by-chain-saw-how-between-e2-80-90patch-variation-in-old-growth-attributes,,Ecology Letters,ethics_endpoints,N,No humane endpoints or welfare-related monitoring criteria mentioned; no discussion of non-target impacts.
ecol-letters-ecology-letters-2026-mitesser-forest-heterogeneity-by-chain-saw-how-between-e2-80-90patch-variation-in-old-growth-attributes,,Ecology Letters,ethics_statement,N,No welfare considerations or discussion of the three Rs in relation to beetle sampling or study design.
ecol-letters-ecology-letters-2026-mitesser-forest-heterogeneity-by-chain-saw-how-between-e2-80-90patch-variation-in-old-growth-attributes,,Ecology Letters,nutrition_diet,NA,No feeding or nutrition management; wild beetles collected from traps without captive holding for experimental purposes.
ecol-letters-ecology-letters-2026-mitesser-forest-heterogeneity-by-chain-saw-how-between-e2-80-90patch-variation-in-old-growth-attributes,,Ecology Letters,env_housing,NA,No captive housing; beetles sampled in field from traps and directly sorted; no rearing or holding described.
ecol-letters-ecology-letters-2026-mitesser-forest-heterogeneity-by-chain-saw-how-between-e2-80-90patch-variation-in-old-growth-attributes,,Ecology Letters,env_acclimation,NA,No acclimation period; wild-caught beetles processed directly from field traps.
ecol-letters-ecology-letters-2026-mitesser-forest-heterogeneity-by-chain-saw-how-between-e2-80-90patch-variation-in-old-growth-attributes,,Ecology Letters,env_field,Y,"Field sites in Germany (11 locations), altitude range, soil conditions, habitat type (beech forests), sampling period, trap types and checking frequency (monthly) described."
ecol-letters-ecology-letters-2026-mitesser-forest-heterogeneity-by-chain-saw-how-between-e2-80-90patch-variation-in-old-growth-attributes,,Ecology Letters,health_monitoring,N,"No health assessment, disease screening, or welfare checks of beetles mentioned; no documentation of condition or injury."
ecol-letters-ecology-letters-2026-mitesser-forest-heterogeneity-by-chain-saw-how-between-e2-80-90patch-variation-in-old-growth-attributes,,Ecology Letters,health_injury,N,"No statement regarding injuries, mortality, or unexpected deaths during trapping or processing."
ecol-letters-ecology-letters-2026-mitesser-forest-heterogeneity-by-chain-saw-how-between-e2-80-90patch-variation-in-old-growth-attributes,,Ecology Letters,fate_end,N,No explicit statement of how beetles were killed or preserved; no mention of methods used to dispatch or preserve specimens.
ecol-letters-ecology-letters-2026-mitesser-forest-heterogeneity-by-chain-saw-how-between-e2-80-90patch-variation-in-old-growth-attributes,,Ecology Letters,behaviour_general,N,"No discussion of species-typical behaviour, enrichment, or welfare considerations in trap design or handling."
ecol-letters-ecology-letters-2026-mitesser-forest-heterogeneity-by-chain-saw-how-between-e2-80-90patch-variation-in-old-growth-attributes,,Ecology Letters,affect_indicators,N,"No monitoring of stress, pain, or distress indicators; no precautionary measures regarding beetle sentience discussed."
10-1111-ele-70377,10.1111/ele.70377,Ecology Letters,_eligibility,Y,Empirical study using live soil mites (Sancassania berlesei) in controlled laboratory populations.
10-1111-ele-70377,10.1111/ele.70377,Ecology Letters,subjects_taxon,Y,"Sancassania berlesei, dimorphic males (fighter and scrambler morphs), life stages mentioned (tritonymphs, adults)."
10-1111-ele-70377,10.1111/ele.70377,Ecology Letters,subjects_source,Y,Stock population origin mentioned; males replaced from stock population; SI referenced for stock origin and maintenance details.
10-1111-ele-70377,10.1111/ele.70377,Ecology Letters,subjects_n,Y,16 replicate populations (8 per treatment level); sample sizes for fecundity assay n=8 per treatment; attrition not explicitly detailed.
10-1111-ele-70377,10.1111/ele.70377,Ecology Letters,proc_handling,Y,Mites transferred using spoon (dimensions given); handling described for male replacements; no marking/tagging mentioned.
10-1111-ele-70377,10.1111/ele.70377,Ecology Letters,proc_anaesthesia,NA,No invasive procedures or surgery performed; populations exposed to heat stress (40°C for 90h) but no anaesthesia required.
10-1111-ele-70377,10.1111/ele.70377,Ecology Letters,proc_biosecurity,N,No mention of escape prevention measures or disposal of contaminated material despite laboratory rearing.
10-1111-ele-70377,10.1111/ele.70377,Ecology Letters,ethics_review,N,"No institutional ethics review, permits, or explicit statement regarding exemption from review mentioned."
10-1111-ele-70377,10.1111/ele.70377,Ecology Letters,ethics_endpoints,N,No predefined humane endpoints or criteria for stopping procedures mentioned; no discussion of potential non-target impacts.
10-1111-ele-70377,10.1111/ele.70377,Ecology Letters,ethics_statement,N,"No statement engaging with welfare considerations or the three Rs (Replacement, Reduction, Refinement)."
10-1111-ele-70377,10.1111/ele.70377,Ecology Letters,nutrition_diet,Y,"Yeast balls provided as food; large populations 40 standard-sized balls, small populations 10 balls; feeding every second day."
10-1111-ele-70377,10.1111/ele.70377,Ecology Letters,env_housing,Y,Vials (diameter 2.4 cm²); maintained at 23°C except during heat stress; food provided on patches; density/space described.
10-1111-ele-70377,10.1111/ele.70377,Ecology Letters,env_acclimation,Y,Populations allowed to stabilize for ~40 days before male morph manipulations began on Day 58.
10-1111-ele-70377,10.1111/ele.70377,Ecology Letters,env_field,NA,Pure laboratory study; no field component.
10-1111-ele-70377,10.1111/ele.70377,Ecology Letters,health_monitoring,Y,"Census of tritonymphs, males, and females conducted every alternate day (every 4 days Days 62–78); physical counts recorded."
10-1111-ele-70377,10.1111/ele.70377,Ecology Letters,health_injury,Y,Female mortality and male survivorship after replacement compared; injuries and deaths implicitly recorded via population census; causes attributed to male aggression discussed.
10-1111-ele-70377,10.1111/ele.70377,Ecology Letters,fate_end,N,No specific killing method stated; fate of mites after experiment unclear; fecundity assay mentioned but killing method for tested females not specified.
10-1111-ele-70377,10.1111/ele.70377,Ecology Letters,behaviour_general,Y,Mites clustered on food patches; male morphs differ in aggression and mating behavior (fighters vs scramblers); female harassment by males mentioned.
10-1111-ele-70377,10.1111/ele.70377,Ecology Letters,affect_indicators,Y,"Reduced fecundity, longevity, and mortality used as indicators of stress from male aggression; reproductive conflict discussed as affecting females."
ecol-letters-ecology-letters-2026-pluta-multiple-key-hosts-and-network-structure-shape-viral-prevalence-across-multispecies,,Ecology Letters,_eligibility,Y,Empirical study collecting and screening live bees (insects) for viral pathogens across multiple species.
ecol-letters-ecology-letters-2026-pluta-multiple-key-hosts-and-network-structure-shape-viral-prevalence-across-multispecies,,Ecology Letters,subjects_taxon,Y,"Multiple bee species identified: Apis mellifera, Bombus lapidarius, B. pascuorum, B. terrestris, Lasioglossum pauxillum, Andrena ovatula, Colletes daviesanus. Female bees collected; life stage not exp"
ecol-letters-ecology-letters-2026-pluta-multiple-key-hosts-and-network-structure-shape-viral-prevalence-across-multispecies,,Ecology Letters,subjects_source,Y,"Wild-collected bees from 32 agricultural sites in southern Lower Saxony and northern Hesse, Germany (2021–2022). Honeybee colonies supplemented at sites but field-collected for screening."
ecol-letters-ecology-letters-2026-pluta-multiple-key-hosts-and-network-structure-shape-viral-prevalence-across-multispecies,,Ecology Letters,subjects_n,Y,"1725 individuals screened: 470 honeybees, 878 bumblebees, 424 non-Bombus wild bees. Sample sizes per species and site in Table S1 and S2."
ecol-letters-ecology-letters-2026-pluta-multiple-key-hosts-and-network-structure-shape-viral-prevalence-across-multispecies,,Ecology Letters,proc_handling,Y,"Bees collected by hand-netting within 500 m radius at each site in July. Transect walks (200 m, 10 min each) used to survey bee visitations; seven transects per site."
ecol-letters-ecology-letters-2026-pluta-multiple-key-hosts-and-network-structure-shape-viral-prevalence-across-multispecies,,Ecology Letters,proc_anaesthesia,N,No anaesthesia or invasive procedures mentioned. Bees hand-netted and presumably killed for viral screening but method not stated.
ecol-letters-ecology-letters-2026-pluta-multiple-key-hosts-and-network-structure-shape-viral-prevalence-across-multispecies,,Ecology Letters,proc_biosecurity,N,No mention of escape prevention measures or contaminated material disposal despite field manipulation of honeybee colonies.
ecol-letters-ecology-letters-2026-pluta-multiple-key-hosts-and-network-structure-shape-viral-prevalence-across-multispecies,,Ecology Letters,ethics_review,N,"No ethics approval, permit numbers, or regulatory review mentioned. No explicit statement that none was required."
ecol-letters-ecology-letters-2026-pluta-multiple-key-hosts-and-network-structure-shape-viral-prevalence-across-multispecies,,Ecology Letters,ethics_endpoints,N,No predefined humane endpoints or non-target impact discussion for field sampling.
ecol-letters-ecology-letters-2026-pluta-multiple-key-hosts-and-network-structure-shape-viral-prevalence-across-multispecies,,Ecology Letters,ethics_statement,N,No engagement with welfare considerations or the three Rs; study framed entirely in epidemiological terms.
ecol-letters-ecology-letters-2026-pluta-multiple-key-hosts-and-network-structure-shape-viral-prevalence-across-multispecies,,Ecology Letters,nutrition_diet,NA,Wild-collected bees; no captive rearing or feeding reported.
ecol-letters-ecology-letters-2026-pluta-multiple-key-hosts-and-network-structure-shape-viral-prevalence-across-multispecies,,Ecology Letters,env_housing,N,"Honeybee colonies placed at some sites but no housing details (dimensions, substrate, density, temperature, etc.) provided."
ecol-letters-ecology-letters-2026-pluta-multiple-key-hosts-and-network-structure-shape-viral-prevalence-across-multispecies,,Ecology Letters,env_acclimation,N,No acclimation period mentioned for collected or placed bees.
ecol-letters-ecology-letters-2026-pluta-multiple-key-hosts-and-network-structure-shape-viral-prevalence-across-multispecies,,Ecology Letters,env_field,Y,"Study sites characterised: 32 agricultural sites in southern Lower Saxony/northern Hesse, Germany; habitat diversity recorded; mapping at 500 m radius; ground-truthed both years."
ecol-letters-ecology-letters-2026-pluta-multiple-key-hosts-and-network-structure-shape-viral-prevalence-across-multispecies,,Ecology Letters,health_monitoring,N,"No monitoring of physical condition or welfare of live bees during collection or holding. Viral screening is pathogen detection, not welfare monitoring."
ecol-letters-ecology-letters-2026-pluta-multiple-key-hosts-and-network-structure-shape-viral-prevalence-across-multispecies,,Ecology Letters,health_injury,N,"No mention of injuries, mortality, or mortality events during collection or holding of live bees."
ecol-letters-ecology-letters-2026-pluta-multiple-key-hosts-and-network-structure-shape-viral-prevalence-across-multispecies,,Ecology Letters,fate_end,N,"Bees screened for viruses by qPCR (implies killing) but no explicit method of killing stated (e.g. freezing, chemical fixation, CO2)."
ecol-letters-ecology-letters-2026-pluta-multiple-key-hosts-and-network-structure-shape-viral-prevalence-across-multispecies,,Ecology Letters,behaviour_general,Y,Field foraging behaviour recorded via transect walks and flower visitations documented to construct plant–pollinator networks.
ecol-letters-ecology-letters-2026-pluta-multiple-key-hosts-and-network-structure-shape-viral-prevalence-across-multispecies,,Ecology Letters,affect_indicators,N,No assessment of behavioural or physiological stress indicators; no precautionary measures for affective capacity uncertainty.
ecol-letters-ecology-letters-2026-proesmans-drivers-of-viral-prevalence-in-landscape-e2-80-90scale-pollinator-networks-across-europe,,Ecology Letters,_eligibility,Y,"Empirical study using live invertebrates (bees, hoverflies) collected, handled, and sampled for viral analysis across European landscapes."
ecol-letters-ecology-letters-2026-proesmans-drivers-of-viral-prevalence-in-landscape-e2-80-90scale-pollinator-networks-across-europe,,Ecology Letters,subjects_taxon,Y,"Species identified to species level or morphospecies (e.g. Lasioglossum cf. simplex, Bombus terrestris complex); life stage (female) and sex specified for some analyses."
ecol-letters-ecology-letters-2026-proesmans-drivers-of-viral-prevalence-in-landscape-e2-80-90scale-pollinator-networks-across-europe,,Ecology Letters,subjects_source,Y,"Wild-collected from 48 landscapes across four European regions (Burgundy, Switzerland, Saxony-Anhalt, Poland) with specific locality and sampling dates (2020–2021)."
ecol-letters-ecology-letters-2026-proesmans-drivers-of-viral-prevalence-in-landscape-e2-80-90scale-pollinator-networks-across-europe,,Ecology Letters,subjects_n,Y,"Total 14,809 plant-pollinator interactions observed; 3,734 pollinators analysed for virus (honey bees N=1297, bumblebees N=1156, solitary bees N=1125, hoverflies N=156); up to 10 per species per netwo"
ecol-letters-ecology-letters-2026-proesmans-drivers-of-viral-prevalence-in-landscape-e2-80-90scale-pollinator-networks-across-europe,,Ecology Letters,proc_handling,Y,"Captured using standardised transects (500 m sampling within 1 m of observer); immediately placed on dry ice, then stored at −80°C; identification methods specified."
ecol-letters-ecology-letters-2026-proesmans-drivers-of-viral-prevalence-in-landscape-e2-80-90scale-pollinator-networks-across-europe,,Ecology Letters,proc_anaesthesia,NA,No invasive surgical procedures; insects were killed by freezing (dry ice then −80°C storage) for viral analysis; no anaesthesia/analgesia statement needed.
ecol-letters-ecology-letters-2026-proesmans-drivers-of-viral-prevalence-in-landscape-e2-80-90scale-pollinator-networks-across-europe,,Ecology Letters,proc_biosecurity,N,No mention of escape prevention measures or disposal protocols for potentially contaminated material; all sampled insects were wild-collected.
ecol-letters-ecology-letters-2026-proesmans-drivers-of-viral-prevalence-in-landscape-e2-80-90scale-pollinator-networks-across-europe,,Ecology Letters,ethics_review,N,"No institutional ethics review, permit numbers, or conservation status statement mentioned; no explicit statement that none was required."
ecol-letters-ecology-letters-2026-proesmans-drivers-of-viral-prevalence-in-landscape-e2-80-90scale-pollinator-networks-across-europe,,Ecology Letters,ethics_endpoints,N,No humane endpoints predefined; no discussion of anticipated or observed non-target impacts from field sampling methods.
ecol-letters-ecology-letters-2026-proesmans-drivers-of-viral-prevalence-in-landscape-e2-80-90scale-pollinator-networks-across-europe,,Ecology Letters,ethics_statement,N,"No engagement with welfare considerations or the three Rs (Replacement, Reduction, Refinement) in study design; funding acknowledgments do not constitute welfare reasoning."
ecol-letters-ecology-letters-2026-proesmans-drivers-of-viral-prevalence-in-landscape-e2-80-90scale-pollinator-networks-across-europe,,Ecology Letters,nutrition_diet,N,"Insects collected from wild flowers; no captive feeding, diet composition, or fasting protocols mentioned."
ecol-letters-ecology-letters-2026-proesmans-drivers-of-viral-prevalence-in-landscape-e2-80-90scale-pollinator-networks-across-europe,,Ecology Letters,env_housing,N,No captive housing described; insects immediately frozen after collection. Study is field-based with no laboratory holding.
ecol-letters-ecology-letters-2026-proesmans-drivers-of-viral-prevalence-in-landscape-e2-80-90scale-pollinator-networks-across-europe,,Ecology Letters,env_acclimation,NA,No acclimation period applicable; insects were wild-collected and immediately processed.
ecol-letters-ecology-letters-2026-proesmans-drivers-of-viral-prevalence-in-landscape-e2-80-90scale-pollinator-networks-across-europe,,Ecology Letters,env_field,Y,"Field sites described: 48 landscapes across four European regions; habitat classification (intensive agricultural, mixed rural, urbanised) specified; transect methodology (1000 m per landscape, three "
ecol-letters-ecology-letters-2026-proesmans-drivers-of-viral-prevalence-in-landscape-e2-80-90scale-pollinator-networks-across-europe,,Ecology Letters,health_monitoring,N,"No welfare health checks, injury assessment, disease screening prior to viral analysis, or condition monitoring methods described."
ecol-letters-ecology-letters-2026-proesmans-drivers-of-viral-prevalence-in-landscape-e2-80-90scale-pollinator-networks-across-europe,,Ecology Letters,health_injury,N,"No mention of injuries, mortality, or unexpected deaths during collection or storage; no explicit statement that none occurred."
ecol-letters-ecology-letters-2026-proesmans-drivers-of-viral-prevalence-in-landscape-e2-80-90scale-pollinator-networks-across-europe,,Ecology Letters,fate_end,Y,"Specific killing method stated: insects placed on dry ice immediately after collection, then stored at −80°C; sacrificed for viral RNA extraction and analysis."
ecol-letters-ecology-letters-2026-proesmans-drivers-of-viral-prevalence-in-landscape-e2-80-90scale-pollinator-networks-across-europe,,Ecology Letters,behaviour_general,Y,Field sampling during flower visitation captured species-typical foraging behaviour; no captive enrichment or constraint discussion as insects were wild-collected.
ecol-letters-ecology-letters-2026-proesmans-drivers-of-viral-prevalence-in-landscape-e2-80-90scale-pollinator-networks-across-europe,,Ecology Letters,affect_indicators,N,No behavioural or physiological stress indicators monitored; no precautionary measures adopted for invertebrate affective capacity during handling or freezing.
ecol-letters-ecology-letters-2026-zalewska-niche-breadth-and-olfactory-context-shape-informed-passive-dispersal,,Ecology Letters,_eligibility,Y,Empirical study using live eriophyoid mites (Aceria tosichella) in laboratory dispersal experiments.
ecol-letters-ecology-letters-2026-zalewska-niche-breadth-and-olfactory-context-shape-informed-passive-dispersal,,Ecology Letters,subjects_taxon,Y,Aceria tosichella MT-1 genotype identified by DNA barcoding; adult females; life stage specified.
ecol-letters-ecology-letters-2026-zalewska-niche-breadth-and-olfactory-context-shape-informed-passive-dispersal,,Ecology Letters,subjects_source,Y,Baseline colony established Nov 2017 from 26 wild-collected populations across Poland; confirmed MT-1 via mtDNA COI.
ecol-letters-ecology-letters-2026-zalewska-niche-breadth-and-olfactory-context-shape-informed-passive-dispersal,,Ecology Letters,subjects_n,Y,1045 experimental trials total; ~300 individuals per lineage per transfer; 5 specialist and 6 generalist lineages; 10 females per trial.
ecol-letters-ecology-letters-2026-zalewska-niche-breadth-and-olfactory-context-shape-informed-passive-dispersal,,Ecology Letters,proc_handling,Y,Mites transferred every 3 weeks to fresh plants; 10 females acclimated 30 min before testing; placed in olfactometer arena on 1 cm² plant fragment.
ecol-letters-ecology-letters-2026-zalewska-niche-breadth-and-olfactory-context-shape-informed-passive-dispersal,,Ecology Letters,proc_anaesthesia,NA,No invasive procedures or killing methods described in methods section; dispersal measured by counting individuals remaining after wind exposure.
ecol-letters-ecology-letters-2026-zalewska-niche-breadth-and-olfactory-context-shape-informed-passive-dispersal,,Ecology Letters,proc_biosecurity,Y,Lineages maintained in separate isolators to prevent cross-contamination; plants grown under controlled conditions.
ecol-letters-ecology-letters-2026-zalewska-niche-breadth-and-olfactory-context-shape-informed-passive-dispersal,,Ecology Letters,ethics_review,N,"No mention of institutional ethics review, permits, or regulatory approval for invertebrate work."
ecol-letters-ecology-letters-2026-zalewska-niche-breadth-and-olfactory-context-shape-informed-passive-dispersal,,Ecology Letters,ethics_endpoints,N,No predefined humane endpoints mentioned; no discussion of welfare-relevant outcomes or non-target impacts.
ecol-letters-ecology-letters-2026-zalewska-niche-breadth-and-olfactory-context-shape-informed-passive-dispersal,,Ecology Letters,ethics_statement,N,"No statement engaging with welfare considerations, the three Rs, or how study design addressed animal welfare."
ecol-letters-ecology-letters-2026-zalewska-niche-breadth-and-olfactory-context-shape-informed-passive-dispersal,,Ecology Letters,nutrition_diet,Y,"Mites maintained on potted plants (wheat, barley, smooth brome, oats) according to evolutionary regime; transferred every 3 weeks to fresh plants."
ecol-letters-ecology-letters-2026-zalewska-niche-breadth-and-olfactory-context-shape-informed-passive-dispersal,,Ecology Letters,env_housing,Y,"Maintained under controlled conditions: 27°C, 16:8 h light:dark cycle, 60% RH in separate isolators; arena on agar blocks in olfactometer; no description of enclosure materials or dimensions."
ecol-letters-ecology-letters-2026-zalewska-niche-breadth-and-olfactory-context-shape-informed-passive-dispersal,,Ecology Letters,env_acclimation,Y,10 females acclimated for 30 min before testing in experimental arena.
ecol-letters-ecology-letters-2026-zalewska-niche-breadth-and-olfactory-context-shape-informed-passive-dispersal,,Ecology Letters,env_field,NA,Pure laboratory study; no field collection or captive field holding beyond initial baseline colony collection.
ecol-letters-ecology-letters-2026-zalewska-niche-breadth-and-olfactory-context-shape-informed-passive-dispersal,,Ecology Letters,health_monitoring,N,"No systematic health monitoring, disease screening, or welfare checks described; one specialist lineage failed but cause not detailed."
ecol-letters-ecology-letters-2026-zalewska-niche-breadth-and-olfactory-context-shape-informed-passive-dispersal,,Ecology Letters,health_injury,N,"No statement on injuries, unexpected deaths, or mortality during experiments; silence on welfare outcomes."
ecol-letters-ecology-letters-2026-zalewska-niche-breadth-and-olfactory-context-shape-informed-passive-dispersal,,Ecology Letters,fate_end,N,No explicit killing method or endpoint procedures described; mites presumably killed after dispersal testing but method not stated.
ecol-letters-ecology-letters-2026-zalewska-niche-breadth-and-olfactory-context-shape-informed-passive-dispersal,,Ecology Letters,behaviour_general,Y,Dispersal behaviour measured via wind-exposed arena; target cues (kairomones) provided; refugia and enrichment not mentioned; disturbance measured via wind exposure protocol.
ecol-letters-ecology-letters-2026-zalewska-niche-breadth-and-olfactory-context-shape-informed-passive-dispersal,,Ecology Letters,affect_indicators,N,"No assessment of stress, pain, or distress indicators; no discussion of affective capacity or precautionary measures for invertebrate welfare."
10-1111-eth-13573,10.1111/eth.13573,Ethology,_eligibility,Y,Empirical study using live female and male Miomantis caffra (springbok mantis) insects in laboratory behavioral trials.
10-1111-eth-13573,10.1111/eth.13573,Ethology,subjects_taxon,Y,"Miomantis caffra, F2 females and males, adult stage specified, sex clearly identified."
10-1111-eth-13573,10.1111/eth.13573,Ethology,subjects_source,Y,"Lab colony from oothecae collected in Auckland parks and private gardens, New Zealand; F2 individuals; founding stock from introduced population."
10-1111-eth-13573,10.1111/eth.13573,Ethology,subjects_n,Y,138 females from 87 oothecae for main study; 11 males in pilot study; no attrition reported between collection and analysis.
10-1111-eth-13573,10.1111/eth.13573,Ethology,proc_handling,Y,Capture and rearing conditions described; handling during trials involved placement under petri dish for ~10s restraint; tweezers used for predator simulation.
10-1111-eth-13573,10.1111/eth.13573,Ethology,proc_anaesthesia,NA,"No invasive procedures, surgery, or anaesthesia-requiring manipulations performed; behavioral observation only."
10-1111-eth-13573,10.1111/eth.13573,Ethology,proc_biosecurity,Y,Species is non-native invasive in New Zealand; authors acknowledge this context but no explicit escape prevention or disposal measures stated; study design involved contained behavioral trials.
10-1111-eth-13573,10.1111/eth.13573,Ethology,ethics_review,N,"No mention of institutional ethics review, permits, or approval; no explicit statement about ethical requirements."
10-1111-eth-13573,10.1111/eth.13573,Ethology,ethics_endpoints,N,No predefined humane endpoints mentioned; no statement about expected distress or harm; no stopping criteria for trials described.
10-1111-eth-13573,10.1111/eth.13573,Ethology,ethics_statement,N,Ethics statement section states 'The authors have nothing to report.' No discussion of welfare considerations or the three Rs in relation to study design.
10-1111-eth-13573,10.1111/eth.13573,Ethology,nutrition_diet,Y,"Diet detailed: fruit flies, green bottle flies, blowflies; feeding frequency twice weekly; water provided at feeding time."
10-1111-eth-13573,10.1111/eth.13573,Ethology,env_housing,Y,"Upturned plastic cups (50mL for early instars, 400mL for later); abraded surfaces; mesh ceiling; cotton wool; 24°C, 60% humidity; substrate and enrichment (perching materials) described."
10-1111-eth-13573,10.1111/eth.13573,Ethology,env_acclimation,N,No mention of acclimation period before behavioral trials; trials conducted at rearing temperature/humidity but no pre-trial habituation described.
10-1111-eth-13573,10.1111/eth.13573,Ethology,env_field,NA,Pure laboratory study; no field component.
10-1111-eth-13573,10.1111/eth.13573,Ethology,health_monitoring,N,"No health checks, disease screening, injury assessment, or welfare monitoring protocols described."
10-1111-eth-13573,10.1111/eth.13573,Ethology,health_injury,N,"No mention of injuries, unexpected deaths, or their absence during the trials; silence on welfare outcomes."
10-1111-eth-13573,10.1111/eth.13573,Ethology,fate_end,N,"No mention of how animals were killed, euthanized, or housed after experiments; end-of-study fate not specified."
10-1111-eth-13573,10.1111/eth.13573,Ethology,behaviour_general,Y,"Housing included perching structures; species-typical behaviors (fleeing, freezing, striking, displaying) were observed and documented; no enrichment beyond basic materials mentioned."
10-1111-eth-13573,10.1111/eth.13573,Ethology,affect_indicators,Y,"Behavioral indicators of distress/threat response recorded: fleeing, freezing, striking, deimatic displays, swaying; no physiological stress markers assessed."
ethology-ethology-2025-flaskamp-sex-e2-80-90specific-control-and-incomplete-matings-sperm-removal-behavior-in-a-bush-cricket-species,,Ethology,_eligibility,Y,"Empirical study using live bush crickets (Metaplastes ornatus, Orthoptera) in behavioral and morphological experiments."
ethology-ethology-2025-flaskamp-sex-e2-80-90specific-control-and-incomplete-matings-sperm-removal-behavior-in-a-bush-cricket-species,,Ethology,subjects_taxon,Y,"Metaplastes ornatus, subadults (2023) and adults (2024), sexed (males and females), no specific life stage designation beyond adult/subadult."
ethology-ethology-2025-flaskamp-sex-e2-80-90specific-control-and-incomplete-matings-sperm-removal-behavior-in-a-bush-cricket-species,,Ethology,subjects_source,Y,"Wild-collected from Greece around Paleokastro in 2023 and 2024 with GPS coordinates and dates provided (20 May–6 June 2023, 16 June–5 July 2024)."
ethology-ethology-2025-flaskamp-sex-e2-80-90specific-control-and-incomplete-matings-sperm-removal-behavior-in-a-bush-cricket-species,,Ethology,subjects_n,Y,"2023: 20 males, 20 females subadults; 2024: 147 females, 146 males collected, 112 males and 113 females used in experiments; 97 of 292 individuals died during the experiment; 16.2% parasitized."
ethology-ethology-2025-flaskamp-sex-e2-80-90specific-control-and-incomplete-matings-sperm-removal-behavior-in-a-bush-cricket-species,,Ethology,proc_handling,Y,"Captured in field (method not detailed), weighed on arrival, housed individually, daily health/food checks. Mating trials in arena: females introduced first, males after 5 min."
ethology-ethology-2025-flaskamp-sex-e2-80-90specific-control-and-incomplete-matings-sperm-removal-behavior-in-a-bush-cricket-species,,Ethology,proc_anaesthesia,NA,"No invasive surgical procedures performed; mating behavior observed non-invasively, though genital damage can occur during natural SRB."
ethology-ethology-2025-flaskamp-sex-e2-80-90specific-control-and-incomplete-matings-sperm-removal-behavior-in-a-bush-cricket-species,,Ethology,proc_biosecurity,N,"No mention of escape prevention or containment protocols for captive-held animals; species is native to region, but no explicit biosecurity statement."
ethology-ethology-2025-flaskamp-sex-e2-80-90specific-control-and-incomplete-matings-sperm-removal-behavior-in-a-bush-cricket-species,,Ethology,ethics_review,Y,Ethics statement mentions animals handled in accordance with ASAB guidelines for treatment of animals in behavioral research.
ethology-ethology-2025-flaskamp-sex-e2-80-90specific-control-and-incomplete-matings-sperm-removal-behavior-in-a-bush-cricket-species,,Ethology,ethics_endpoints,N,No predefined humane endpoints stated; no mention of anticipated non-target impacts or field-work injury mitigation.
ethology-ethology-2025-flaskamp-sex-e2-80-90specific-control-and-incomplete-matings-sperm-removal-behavior-in-a-bush-cricket-species,,Ethology,ethics_statement,N,"ASAB compliance mentioned in ethics statement, but no engagement with the three Rs (Replacement, Reduction, Refinement) or welfare reasoning in study design."
ethology-ethology-2025-flaskamp-sex-e2-80-90specific-control-and-incomplete-matings-sperm-removal-behavior-in-a-bush-cricket-species,,Ethology,nutrition_diet,Y,Housed in cups with leaves from Hungarian oak (Quercus pannonica) sealed with moist cotton wool; water provision in test tube; feeding/water checked daily. No pre- or post-experimental fasting mention
ethology-ethology-2025-flaskamp-sex-e2-80-90specific-control-and-incomplete-matings-sperm-removal-behavior-in-a-bush-cricket-species,,Ethology,env_housing,Y,"Cylindrical cups 8 cm width × 13 cm height, individual housing by sex in large trays, Hungarian oak leaves, moist cotton wool, sand substrate for females; no temperature, humidity, or photoperiod stat"
ethology-ethology-2025-flaskamp-sex-e2-80-90specific-control-and-incomplete-matings-sperm-removal-behavior-in-a-bush-cricket-species,,Ethology,env_acclimation,Y,Animals acclimated for 2 days before mating trials.
ethology-ethology-2025-flaskamp-sex-e2-80-90specific-control-and-incomplete-matings-sperm-removal-behavior-in-a-bush-cricket-species,,Ethology,env_field,Y,"Field collection sites around Paleokastro, Greece: three sites ~300 m along roads with GPS coordinates provided; no trap design or checking frequency; animals collected by hand (implied)."
ethology-ethology-2025-flaskamp-sex-e2-80-90specific-control-and-incomplete-matings-sperm-removal-behavior-in-a-bush-cricket-species,,Ethology,health_monitoring,Y,"Daily checks of food, water, and health; unhealthy or parasitized animals excluded; 16.2% visible parasitic infections observed (47 individuals with ectoparasites or endoparasites); 97 of 292 individu"
ethology-ethology-2025-flaskamp-sex-e2-80-90specific-control-and-incomplete-matings-sperm-removal-behavior-in-a-bush-cricket-species,,Ethology,health_injury,Y,"97 deaths during 2024 experiment documented; 47 individuals (16.2%) visibly infected with parasites (26 horsehair worms, 23 mites); broken spurs detected in 5 of 19 male subgenital plates (26.3%); gen"
ethology-ethology-2025-flaskamp-sex-e2-80-90specific-control-and-incomplete-matings-sperm-removal-behavior-in-a-bush-cricket-species,,Ethology,fate_end,Y,"Animals released at collection locations after trials; no mention of killing or euthanasia method, indicating live release was the endpoint."
ethology-ethology-2025-flaskamp-sex-e2-80-90specific-control-and-incomplete-matings-sperm-removal-behavior-in-a-bush-cricket-species,,Ethology,behaviour_general,Y,Mating arena provided with oak leaf and twig (enrichment); natural mating behavior allowed and recorded; female-mounting behavior described; genital cleaning behavior observed during SRB breaks.
ethology-ethology-2025-flaskamp-sex-e2-80-90specific-control-and-incomplete-matings-sperm-removal-behavior-in-a-bush-cricket-species,,Ethology,affect_indicators,Y,Study explicitly addresses female resistance and behavioral interruption of matings as indicators of female control or distress; incomplete matings associated with fewer breaks and shorter SRB duratio
10-1111-eth-70042,10.1111/eth.70042,Ethology,_eligibility,Y,Empirical study using live adult spiders (Pisaura mirabilis) in behavioral experiments with controlled housing and playback treatments.
10-1111-eth-70042,10.1111/eth.70042,Ethology,subjects_taxon,Y,"Pisaura mirabilis (Clerck, 1757); adults; females used; life stage confirmed by epigyne inspection."
10-1111-eth-70042,10.1111/eth.70042,Ethology,subjects_source,Y,"Juvenile spiders wild-collected in Greifswald, Germany in spring 2022; reared to adulthood in lab."
10-1111-eth-70042,10.1111/eth.70042,Ethology,subjects_n,Y,N = 52 adult females tested; each tested in three treatments over 3 consecutive days; no attrition reported.
10-1111-eth-70042,10.1111/eth.70042,Ethology,proc_handling,Y,Spiders housed individually in round plastic containers with netting tops; grouped in trays; handling during feeding and experiments described.
10-1111-eth-70042,10.1111/eth.70042,Ethology,proc_anaesthesia,NA,No invasive surgical or painful procedures performed; behavioral observations and playback only.
10-1111-eth-70042,10.1111/eth.70042,Ethology,proc_biosecurity,N,"No mention of escape prevention measures, containment protocols, or disposal of contaminated material despite captive housing."
10-1111-eth-70042,10.1111/eth.70042,Ethology,ethics_review,Y,Ethics statement: 'Ethics approval was not required for the study.' Explicit statement that none was required.
10-1111-eth-70042,10.1111/eth.70042,Ethology,ethics_endpoints,N,No predefined humane endpoints or discussion of welfare-relevant stopping criteria mentioned.
10-1111-eth-70042,10.1111/eth.70042,Ethology,ethics_statement,N,"No discussion of welfare considerations or the three Rs (Replacement, Reduction, Refinement) in study design."
10-1111-eth-70042,10.1111/eth.70042,Ethology,nutrition_diet,Y,Fed twice weekly with Lucilia caesar (greenbottle flies); unfed for ~12 days before trials to ensure prey-capture motivation.
10-1111-eth-70042,10.1111/eth.70042,Ethology,env_housing,Y,"Containers: 9-cm height, 5-cm diameter plastic with fine-meshed netting and foam lid; plastic plants; grouped in trays with tap water; sprayed every 1–2 days; water replaced weekly; 21°C; L12:D12 phot"
10-1111-eth-70042,10.1111/eth.70042,Ethology,env_acclimation,Y,1 min acclimation period in arena under plastic vial before release; pre-experimental housing conditions described.
10-1111-eth-70042,10.1111/eth.70042,Ethology,env_field,NA,Purely laboratory behavioral study; no field trapping or field site conditions applicable.
10-1111-eth-70042,10.1111/eth.70042,Ethology,health_monitoring,N,"No methods described for assessing physical condition, disease screening, or welfare checks during housing or experiments."
10-1111-eth-70042,10.1111/eth.70042,Ethology,health_injury,N,"No mention of injuries, unexpected deaths, or welfare incidents during housing or testing; silence on mortality."
10-1111-eth-70042,10.1111/eth.70042,Ethology,fate_end,N,No explicit statement of the method of killing; text states 'spiders and prey were weighed and placed back in their respective containers' but no endpoint method named.
10-1111-eth-70042,10.1111/eth.70042,Ethology,behaviour_general,Y,Plastic plants provided for natural resting position; arena with nylon substrate; behavioral observations recorded; refugia and species-typical behavior considered.
10-1111-eth-70042,10.1111/eth.70042,Ethology,affect_indicators,Y,"Behavioral responses monitored (orientation, locomotion, attack latency) as indicators of predatory state and responsiveness to vibrations; precautionary multimodal design acknowledging uncertainty ab"
ethology-ethology-2025-kryger-plastic-behavioral-responses-to-ambient-relative-humidity-influence-aggregation-in-a-large,,Ethology,_eligibility,Y,Empirical study using live adult Madagascar hissing cockroaches (Gromphadorhina portentosa) in controlled laboratory conditions.
ethology-ethology-2025-kryger-plastic-behavioral-responses-to-ambient-relative-humidity-influence-aggregation-in-a-large,,Ethology,subjects_taxon,Y,"Gromphadorhina portentosa, adult, mixed-sex groups specified."
ethology-ethology-2025-kryger-plastic-behavioral-responses-to-ambient-relative-humidity-influence-aggregation-in-a-large,,Ethology,subjects_source,Y,"Lab colony maintained at Binghamton University; originally sourced from commercial supplier Trex Ranch, Las Vegas, NV."
ethology-ethology-2025-kryger-plastic-behavioral-responses-to-ambient-relative-humidity-influence-aggregation-in-a-large,,Ethology,subjects_n,Y,32 adults allocated to 8 groups of 4 individuals; 4 weeks total with 16 replicates per treatment; no attrition reported.
ethology-ethology-2025-kryger-plastic-behavioral-responses-to-ambient-relative-humidity-influence-aggregation-in-a-large,,Ethology,proc_handling,Y,Groups placed in tanks; sex recorded from above using secondary characteristics to minimize disturbance.
ethology-ethology-2025-kryger-plastic-behavioral-responses-to-ambient-relative-humidity-influence-aggregation-in-a-large,,Ethology,proc_anaesthesia,NA,No invasive procedures or surgical manipulations performed; only behavioral observation.
ethology-ethology-2025-kryger-plastic-behavioral-responses-to-ambient-relative-humidity-influence-aggregation-in-a-large,,Ethology,proc_biosecurity,Y,Escape prevention: upper 5 cm of tanks coated with petroleum jelly to prevent cockroach escape.
ethology-ethology-2025-kryger-plastic-behavioral-responses-to-ambient-relative-humidity-influence-aggregation-in-a-large,,Ethology,ethics_review,Y,"Acknowledgments state: 'in accordance with the legal requirements of the United States, the institutional guidelines of Binghamton University, State University of New York, and the US National Researc"
ethology-ethology-2025-kryger-plastic-behavioral-responses-to-ambient-relative-humidity-influence-aggregation-in-a-large,,Ethology,ethics_endpoints,N,No predefined humane endpoints or harm thresholds mentioned in methods.
ethology-ethology-2025-kryger-plastic-behavioral-responses-to-ambient-relative-humidity-influence-aggregation-in-a-large,,Ethology,ethics_statement,N,Ethics statement section lists regulatory compliance but does not engage with welfare reasoning or the three Rs.
ethology-ethology-2025-kryger-plastic-behavioral-responses-to-ambient-relative-humidity-influence-aggregation-in-a-large,,Ethology,nutrition_diet,Y,"Ad libitum access to pulverized dog chow (Purina One), fresh produce weekly; 5 mL water daily in petri dishes with cotton; water and chow replaced daily during experimental period."
ethology-ethology-2025-kryger-plastic-behavioral-responses-to-ambient-relative-humidity-influence-aggregation-in-a-large,,Ethology,env_housing,Y,"Tanks 50.8×25.4×30.5 cm with coconut fiber substrate, aquarium rocks, mesh layer; cover objects (cut cups); 12:12 light cycle; humidity manipulated (75–90% or 50–65% RH); temperature recorded."
ethology-ethology-2025-kryger-plastic-behavioral-responses-to-ambient-relative-humidity-influence-aggregation-in-a-large,,Ethology,env_acclimation,Y,"Prior to each data collection period, cockroaches exposed to conditions for 72 h before measurements began."
ethology-ethology-2025-kryger-plastic-behavioral-responses-to-ambient-relative-humidity-influence-aggregation-in-a-large,,Ethology,env_field,NA,Pure laboratory study; no field work conducted.
ethology-ethology-2025-kryger-plastic-behavioral-responses-to-ambient-relative-humidity-influence-aggregation-in-a-large,,Ethology,health_monitoring,N,"No mention of health checks, injury monitoring, disease screening, or welfare assessment during the study."
ethology-ethology-2025-kryger-plastic-behavioral-responses-to-ambient-relative-humidity-influence-aggregation-in-a-large,,Ethology,health_injury,N,"No statement on injuries, deaths, or health events; silence on these matters."
ethology-ethology-2025-kryger-plastic-behavioral-responses-to-ambient-relative-humidity-influence-aggregation-in-a-large,,Ethology,fate_end,N,No mention of what happened to cockroaches at end of study; killing method not specified.
ethology-ethology-2025-kryger-plastic-behavioral-responses-to-ambient-relative-humidity-influence-aggregation-in-a-large,,Ethology,behaviour_general,Y,Natural cover objects (cut cups) and refugia provided; aggregation behavior measured as species-typical; disturbance minimized by recording from above.
ethology-ethology-2025-kryger-plastic-behavioral-responses-to-ambient-relative-humidity-influence-aggregation-in-a-large,,Ethology,affect_indicators,N,"No discussion of stress indicators, pain, or distress assessments; no precautionary measures regarding affective capacity mentioned."
ethology-ethology-2026-bowers-the-effect-of-heterospecific-song-and-anthropogenic-sound-on-the-development-of-life-history,,Ethology,_eligibility,Y,Empirical study using live field crickets (Gryllus pennsylvanicus) reared through developmental stages under experimental conditions.
ethology-ethology-2026-bowers-the-effect-of-heterospecific-song-and-anthropogenic-sound-on-the-development-of-life-history,,Ethology,subjects_taxon,Y,Gryllus pennsylvanicus (Fall field cricket); 2nd-3rd instar nymphs used; both males and females studied.
ethology-ethology-2026-bowers-the-effect-of-heterospecific-song-and-anthropogenic-sound-on-the-development-of-life-history,,Ethology,subjects_source,Y,Wild-collected: ~50 males and 50 females from sites in suburban central Ohio in 2021; eggs then lab-reared.
ethology-ethology-2026-bowers-the-effect-of-heterospecific-song-and-anthropogenic-sound-on-the-development-of-life-history,,Ethology,subjects_n,Y,"305 nymphs per treatment box (4 treatments); 50 randomly selected per treatment after 14 days; n=6 removed (died before eclosion, injured, or escaped); exact sample sizes per stage in Table S1."
ethology-ethology-2026-bowers-the-effect-of-heterospecific-song-and-anthropogenic-sound-on-the-development-of-life-history,,Ethology,proc_handling,Y,Field-caught crickets housed in incubators; nymphs randomly assigned to treatment boxes; later transferred to individual containers; rotated weekly between chambers.
ethology-ethology-2026-bowers-the-effect-of-heterospecific-song-and-anthropogenic-sound-on-the-development-of-life-history,,Ethology,proc_anaesthesia,NA,No invasive surgical procedures; only non-invasive acoustic exposures and weekly measurements.
ethology-ethology-2026-bowers-the-effect-of-heterospecific-song-and-anthropogenic-sound-on-the-development-of-life-history,,Ethology,proc_biosecurity,N,"No mention of escape prevention measures, containment protocols, or disposal of contaminated material."
ethology-ethology-2026-bowers-the-effect-of-heterospecific-song-and-anthropogenic-sound-on-the-development-of-life-history,,Ethology,ethics_review,N,"No institutional ethics review, permit number, or statement about ethics approval mentioned."
ethology-ethology-2026-bowers-the-effect-of-heterospecific-song-and-anthropogenic-sound-on-the-development-of-life-history,,Ethology,ethics_endpoints,N,No predefined humane endpoints reported; no discussion of criteria for humane killing or endpoint determination.
ethology-ethology-2026-bowers-the-effect-of-heterospecific-song-and-anthropogenic-sound-on-the-development-of-life-history,,Ethology,ethics_statement,N,"No discussion of welfare considerations or three Rs (Replacement, Reduction, Refinement) as they informed study design."
ethology-ethology-2026-bowers-the-effect-of-heterospecific-song-and-anthropogenic-sound-on-the-development-of-life-history,,Ethology,nutrition_diet,Y,"Field-caught crickets: ground alfalfa, dog food, oats ad libitum; experimental nymphs: pulverized alfalfa and water ad libitum."
ethology-ethology-2026-bowers-the-effect-of-heterospecific-song-and-anthropogenic-sound-on-the-development-of-life-history,,Ethology,env_housing,Y,"Soundproof chamber (58.42 × 50.64 × 38.1 cm); egg carton shelter; 26°C, 12L:12D cycle; later individual containers with water, ground alfalfa, egg carton; cleaned twice weekly."
ethology-ethology-2026-bowers-the-effect-of-heterospecific-song-and-anthropogenic-sound-on-the-development-of-life-history,,Ethology,env_acclimation,Y,Nymphs placed in sound chambers for 14 days before being transferred to individual housing and experimental measurements.
ethology-ethology-2026-bowers-the-effect-of-heterospecific-song-and-anthropogenic-sound-on-the-development-of-life-history,,Ethology,env_field,N,Pure laboratory study; no field holding or captive work described.
ethology-ethology-2026-bowers-the-effect-of-heterospecific-song-and-anthropogenic-sound-on-the-development-of-life-history,,Ethology,health_monitoring,Y,Daily checks for adult eclosion and death; weekly imaging for body size measurements; condition assessed via pronotum width.
ethology-ethology-2026-bowers-the-effect-of-heterospecific-song-and-anthropogenic-sound-on-the-development-of-life-history,,Ethology,health_injury,Y,"Individuals that died before eclosion, were injured, or escaped were removed from study (n=6, Table S1); two additional individuals escaped or died of injury after adult eclosion."
ethology-ethology-2026-bowers-the-effect-of-heterospecific-song-and-anthropogenic-sound-on-the-development-of-life-history,,Ethology,fate_end,N,"End-of-life method not specified; states individuals were 'checked daily for adult eclosion and death' and 'remained in sound chamber until natural death,' but no explicit killing method described."
ethology-ethology-2026-bowers-the-effect-of-heterospecific-song-and-anthropogenic-sound-on-the-development-of-life-history,,Ethology,behaviour_general,Y,Egg carton shelter provided throughout; acoustic environment manipulated via speaker playback; weekly rotation to eliminate position/chamber effects.
ethology-ethology-2026-bowers-the-effect-of-heterospecific-song-and-anthropogenic-sound-on-the-development-of-life-history,,Ethology,affect_indicators,N,"No behavioral or physiological indicators of stress, pain, or distress measured; no precautionary measures for uncertain affective capacity discussed."
ethology-ethology-2026-caro-colour-polymorphism-in-coconut-crabs-is-under-relaxed-selection-from-conspecifics,,Ethology,_eligibility,Y,Empirical field study using live coconut crabs (Birgus latro) in behavioral experiments.
ethology-ethology-2026-caro-colour-polymorphism-in-coconut-crabs-is-under-relaxed-selection-from-conspecifics,,Ethology,subjects_taxon,Y,Birgus latro (coconut crab); life stage inferred as mostly males at this time of year; identified by carapace patterning.
ethology-ethology-2026-caro-colour-polymorphism-in-coconut-crabs-is-under-relaxed-selection-from-conspecifics,,Ethology,subjects_source,Y,"Wild-collected from Chumbe Island, Zanzibar (−6.28025E, 39.1767S); estimated population ~215 individuals."
ethology-ethology-2026-caro-colour-polymorphism-in-coconut-crabs-is-under-relaxed-selection-from-conspecifics,,Ethology,subjects_n,Y,"N=24 different crabs in treatment (i), N=20 in treatment (ii), N=21 in treatment (iii); 26 dyadic interactions observed over 8 nights."
ethology-ethology-2026-caro-colour-polymorphism-in-coconut-crabs-is-under-relaxed-selection-from-conspecifics,,Ethology,proc_handling,Y,Crabs observed in wild without handling; approached very slowly; photographed in situ for individual recognition; no capture or restraint.
ethology-ethology-2026-caro-colour-polymorphism-in-coconut-crabs-is-under-relaxed-selection-from-conspecifics,,Ethology,proc_anaesthesia,NA,No invasive procedures performed; crabs observed in natural feeding behavior with no surgery or injections.
ethology-ethology-2026-caro-colour-polymorphism-in-coconut-crabs-is-under-relaxed-selection-from-conspecifics,,Ethology,proc_biosecurity,NA,Field study with no captive holding; crabs observed only in situ at bait sites; no non-native risk mentioned.
ethology-ethology-2026-caro-colour-polymorphism-in-coconut-crabs-is-under-relaxed-selection-from-conspecifics,,Ethology,ethics_review,Y,Work conducted under University of Bristol ethical approval #UIN-25-015; permit from Government of Tanzania and Chumbe Island Coral Park.
ethology-ethology-2026-caro-colour-polymorphism-in-coconut-crabs-is-under-relaxed-selection-from-conspecifics,,Ethology,ethics_endpoints,N,No predefined humane endpoints or anticipated non-target impacts discussed; field observations only.
ethology-ethology-2026-caro-colour-polymorphism-in-coconut-crabs-is-under-relaxed-selection-from-conspecifics,,Ethology,ethics_statement,N,No explicit engagement with welfare considerations or the three Rs; permit mentioned but no welfare reasoning for study design.
ethology-ethology-2026-caro-colour-polymorphism-in-coconut-crabs-is-under-relaxed-selection-from-conspecifics,,Ethology,nutrition_diet,Y,"Bait composition specified: freshly shredded coconut described as 'pungent, highly attractive'; no feeding frequency or fasting protocols for the animals."
ethology-ethology-2026-caro-colour-polymorphism-in-coconut-crabs-is-under-relaxed-selection-from-conspecifics,,Ethology,env_housing,NA,Pure field study; no captive housing of crabs; bait sites set up in natural habitat only.
ethology-ethology-2026-caro-colour-polymorphism-in-coconut-crabs-is-under-relaxed-selection-from-conspecifics,,Ethology,env_acclimation,NA,No acclimation period applicable; crabs observed in natural habitat without prior captive housing.
ethology-ethology-2026-caro-colour-polymorphism-in-coconut-crabs-is-under-relaxed-selection-from-conspecifics,,Ethology,env_field,Y,"Field site: Chumbe Island, Zanzibar; study period 27 July–3 August 2025 (8 nights); bait sites separated 15–30 m; observer checked ~every 20 min; LED worklight used."
ethology-ethology-2026-caro-colour-polymorphism-in-coconut-crabs-is-under-relaxed-selection-from-conspecifics,,Ethology,health_monitoring,N,"No health monitoring, disease screening, or welfare checks described; crabs only observed during feeding behavior at bait sites."
ethology-ethology-2026-caro-colour-polymorphism-in-coconut-crabs-is-under-relaxed-selection-from-conspecifics,,Ethology,health_injury,N,"No mention of injuries, deaths, or welfare incidents; silence on physical condition of crabs during study."
ethology-ethology-2026-caro-colour-polymorphism-in-coconut-crabs-is-under-relaxed-selection-from-conspecifics,,Ethology,fate_end,NA,No animals killed by researchers; crabs observed in natural setting and released; no specimens retained.
ethology-ethology-2026-caro-colour-polymorphism-in-coconut-crabs-is-under-relaxed-selection-from-conspecifics,,Ethology,behaviour_general,Y,"Natural behavior documented: feeding, contests, movement patterns; no artificial constraints mentioned; crabs free to move away from bait sites."
ethology-ethology-2026-caro-colour-polymorphism-in-coconut-crabs-is-under-relaxed-selection-from-conspecifics,,Ethology,affect_indicators,N,"No assessment of stress, pain, or distress indicators; no precautionary measures for affective capacity discussed."
10-1111-eth-70064,10.1111/eth.70064,Ethology,_eligibility,Y,"Empirical study using live arachnids (spiders, Dolomedes minor) in laboratory mating experiments."
10-1111-eth-70064,10.1111/eth.70064,Ethology,subjects_taxon,Y,"Dolomedes minor L. Koch, 1876; juvenile and penultimate individuals reared to adulthood; sex identified."
10-1111-eth-70064,10.1111/eth.70064,Ethology,subjects_source,Y,"Wild-collected from Kirikiriroa Hamilton, Aotearoa New Zealand (University of Waikato, Hammond Park, Braithwaite Park); collection September 2020–April 2021."
10-1111-eth-70064,10.1111/eth.70064,Ethology,subjects_n,Y,N = 15 unmated females; some males reused in mated trials due to spider availability; 30 total mating trials analyzed; 5 excluded from structure analysis.
10-1111-eth-70064,10.1111/eth.70064,Ethology,proc_handling,Y,Field collection at night using head torch; transport to lab; spiders individually reared in containers; no marking or tagging described.
10-1111-eth-70064,10.1111/eth.70064,Ethology,proc_anaesthesia,N,No invasive procedures performed; no anaesthesia mentioned. Freezing mentioned only at end-of-study euthanasia.
10-1111-eth-70064,10.1111/eth.70064,Ethology,proc_biosecurity,N,No mention of escape prevention or disposal of contaminated material; species is endemic New Zealand so non-native risk unclear but not addressed.
10-1111-eth-70064,10.1111/eth.70064,Ethology,ethics_review,Y,Explicitly states spiders do not require institutional ethics approval in New Zealand; collection permitted by Hamilton City Council.
10-1111-eth-70064,10.1111/eth.70064,Ethology,ethics_endpoints,Y,"Predefined endpoint: trials ended on copulation, cannibalism, or 4-hour maximum; 4 postcopulatory cannibalism cases and 1 precopulatory cannibalism observed."
10-1111-eth-70064,10.1111/eth.70064,Ethology,ethics_statement,Y,Followed ASAB/ABS guidelines; housed under low-disturbance conditions; water always available; cardboard shelter provided; blinding to reduce bias; release at collection sites at end.
10-1111-eth-70064,10.1111/eth.70064,Ethology,nutrition_diet,Y,Fed live crickets twice per week during rearing; females fed day before experiments to control hunger-related aggressiveness.
10-1111-eth-70064,10.1111/eth.70064,Ethology,env_housing,Y,"Rearing: 150×95×60 mm plastic containers with wet cotton pad and egg carton shelter; mating trials: 265×235×125 mm containers with mesh roof/wall, water-soaked cotton pad."
10-1111-eth-70064,10.1111/eth.70064,Ethology,env_acclimation,Y,Females introduced evening before experiment and left overnight to deposit silk/pheromones and acclimate before male introduction.
10-1111-eth-70064,10.1111/eth.70064,Ethology,env_field,NA,Pure laboratory study; no field holding or trapping.
10-1111-eth-70064,10.1111/eth.70064,Ethology,health_monitoring,N,"No health checks, disease screening, or condition assessment described; containers cleaned to prevent mould but no formal monitoring protocol stated."
10-1111-eth-70064,10.1111/eth.70064,Ethology,health_injury,Y,Cannibalism events quantified: 4 postcopulatory cases in unmated group; 1 precopulatory case in mated group; no other injuries mentioned.
10-1111-eth-70064,10.1111/eth.70064,Ethology,fate_end,Y,Some individuals euthanised by freezing for separate project; remainder released at original collection sites.
10-1111-eth-70064,10.1111/eth.70064,Ethology,behaviour_general,Y,Detailed ethogram provided (Table 1); containers included mesh for climbing; cotton pad for water access; cardboard shelter as refuge; male courtship behaviours and female positioning observed.
10-1111-eth-70064,10.1111/eth.70064,Ethology,affect_indicators,Y,"Female aggression documented (attacks, retreats, cannibalism); male retreat behaviour and hesitation measured (latency to court); sexual cannibalism risk explicitly discussed as welfare concern."
10-1111-eth-70083,10.1111/eth.70083,Ethology,_eligibility,Y,"Empirical study using live scorpions (Jaguajir rochae, arachnids) for behavioral and morphological experiments."
10-1111-eth-70083,10.1111/eth.70083,Ethology,subjects_taxon,Y,"Jaguajir rochae (Borelli, 1910); males and females identified; adults specified (60–72 mm)."
10-1111-eth-70083,10.1111/eth.70083,Ethology,subjects_source,Y,"Wild-collected from Sertânia, Pernambuco (8.063° S, 37.226° W) and São José dos Cordeiros, Paraíba (7.4701433° S, −36.900174° W)."
10-1111-eth-70083,10.1111/eth.70083,Ethology,subjects_n,Y,"Morphological analysis: 14 females, 10 males (deceased, fixed); behavioral trials: 19 specimens (11 males, 8 females); no attrition reported."
10-1111-eth-70083,10.1111/eth.70083,Ethology,proc_handling,Y,"Capture, transport, and sexing described. Handling during experiments: gentle dorsum touches with tweezers covered in filter paper; low/high mechanical stimulation detailed."
10-1111-eth-70083,10.1111/eth.70083,Ethology,proc_anaesthesia,NA,No invasive surgical procedures performed; only behavioral stimulation and non-lethal acoustic recording.
10-1111-eth-70083,10.1111/eth.70083,Ethology,proc_biosecurity,NA,Native Brazilian species; no captive colony maintenance or escape risk documented; study did not require biosecurity measures.
10-1111-eth-70083,10.1111/eth.70083,Ethology,ethics_review,Y,SISBIO permit: 24771-1 mentioned; study complied with national legislation.
10-1111-eth-70083,10.1111/eth.70083,Ethology,ethics_endpoints,N,No predefined humane endpoints described; non-target impacts not discussed.
10-1111-eth-70083,10.1111/eth.70083,Ethology,ethics_statement,Y,Ethics section states 'Ethical conduct and good animal welfare were guaranteed throughout the study by the provision of proper husbandry and the non-application of invasive techniques.'
10-1111-eth-70083,10.1111/eth.70083,Ethology,nutrition_diet,Y,Fed weekly with Nauphoeta cinerea cockroaches; water provision mentioned ('shelter and water').
10-1111-eth-70083,10.1111/eth.70083,Ethology,env_housing,Y,Cylindrical plastic containers (9.5 cm diameter × 7.5 cm depth for housing; 11.5 cm diameter × 7 cm height for experiments); shelter and water; natural photoperiod maintained.
10-1111-eth-70083,10.1111/eth.70083,Ethology,env_acclimation,Y,"Acclimation period prior to acoustic recordings: 'placed in cylindrical plastic containers...under minimal mechanical stimulation before the experiments, to ensure scorpions' acclimatation.'"
10-1111-eth-70083,10.1111/eth.70083,Ethology,env_field,Y,"Field sites described: Sertânia (Southern Sertaneja Depression) and São José dos Cordeiros (Northern Sertaneja Depression); semi-arid climate, temperature 23–27°C annual average, soil up to 60°C."
10-1111-eth-70083,10.1111/eth.70083,Ethology,health_monitoring,N,"No welfare checks, disease screening, or physical condition monitoring methods reported."
10-1111-eth-70083,10.1111/eth.70083,Ethology,health_injury,N,"No mention of injuries, unexpected deaths, or any health incidents during the study."
10-1111-eth-70083,10.1111/eth.70083,Ethology,fate_end,Y,"Deceased specimens from Sertânia 'were fixed in ethanol at 70%'; living specimens from mechano-chemical trials fate not explicitly stated, but no killing method named for these animals."
10-1111-eth-70083,10.1111/eth.70083,Ethology,behaviour_general,Y,Housing included shelter; natural photoperiod; species-typical nocturnal activity supported (experiments conducted 7–10 PM); stridulation and defensive behavior documented.
10-1111-eth-70083,10.1111/eth.70083,Ethology,affect_indicators,Y,Stridulation documented as defensive response to mechanical stress and chemical cues; behavioral reactivity (presence/absence of sound) recorded as indicator of stress response.
ethology-ethology-2026-melillo-when-similar-individuals-don-t-attract-absence-of-assortative-mating-by-coloration-in-a,,Ethology,_eligibility,Y,"Empirical study using live damselflies (Acanthagrion lancea, Odonata) for behavioral and physiological measurements in field and laboratory settings."
ethology-ethology-2026-melillo-when-similar-individuals-don-t-attract-absence-of-assortative-mating-by-coloration-in-a,,Ethology,subjects_taxon,Y,Acanthagrion lancea (Coenagrionidae); both sexes studied; life stage not explicitly stated but adults implied.
ethology-ethology-2026-melillo-when-similar-individuals-don-t-attract-absence-of-assortative-mating-by-coloration-in-a,,Ethology,subjects_source,Y,"Wild-collected from pond on Federal University of Viçosa campus, Florestal, Minas Gerais, Brazil (−19.882679, −44.418642); February–March 2023."
ethology-ethology-2026-melillo-when-similar-individuals-don-t-attract-absence-of-assortative-mating-by-coloration-in-a,,Ethology,subjects_n,Y,106 copulating pairs marked; 46 females and 49 males for UV spectrophotometry; 40 males and 38 females for fat extraction. No attrition reported; no justification provided for sample size.
ethology-ethology-2026-melillo-when-similar-individuals-don-t-attract-absence-of-assortative-mating-by-coloration-in-a,,Ethology,proc_handling,Y,Captured with dip net in field; marked with permanent black marker on left forewing; photographed before release. Transect-based collection over 15 consecutive days.
ethology-ethology-2026-melillo-when-similar-individuals-don-t-attract-absence-of-assortative-mating-by-coloration-in-a,,Ethology,proc_anaesthesia,NA,No invasive surgical procedures reported. Handling and marking only.
ethology-ethology-2026-melillo-when-similar-individuals-don-t-attract-absence-of-assortative-mating-by-coloration-in-a,,Ethology,proc_biosecurity,N,No mention of escape prevention measures or disposal protocols for non-native taxa or contaminated material.
ethology-ethology-2026-melillo-when-similar-individuals-don-t-attract-absence-of-assortative-mating-by-coloration-in-a,,Ethology,ethics_review,Y,States 'No ethical board approval or administrative authorization was required' but cites SISBIO license 20936 for animal sampling.
ethology-ethology-2026-melillo-when-similar-individuals-don-t-attract-absence-of-assortative-mating-by-coloration-in-a,,Ethology,ethics_endpoints,N,No predefined humane endpoints or discussion of anticipated/observed non-target impacts reported.
ethology-ethology-2026-melillo-when-similar-individuals-don-t-attract-absence-of-assortative-mating-by-coloration-in-a,,Ethology,ethics_statement,Y,Acknowledges ASAB/ABS Guidelines; states potentially stressful procedures minimized and restricted to shortest duration; cites STRANGE framework considerations.
ethology-ethology-2026-melillo-when-similar-individuals-don-t-attract-absence-of-assortative-mating-by-coloration-in-a,,Ethology,nutrition_diet,N,"No information on diet, feeding frequency, water provision, or fasting provided."
ethology-ethology-2026-melillo-when-similar-individuals-don-t-attract-absence-of-assortative-mating-by-coloration-in-a,,Ethology,env_housing,Y,Animals held in Styrofoam container with ice before transfer to freezer on day of collection. No detailed housing conditions for live holding period.
ethology-ethology-2026-melillo-when-similar-individuals-don-t-attract-absence-of-assortative-mating-by-coloration-in-a,,Ethology,env_acclimation,N,No acclimation period mentioned; animals captured and processed same day.
ethology-ethology-2026-melillo-when-similar-individuals-don-t-attract-absence-of-assortative-mating-by-coloration-in-a,,Ethology,env_field,Y,"Field site: pond ~13,000 m² on university campus, surrounded by grassy vegetation; humid subtropical/tropical savanna climate (Cwa/Aw); February–March 2023; 150 m transect along pond edges; activity p"
ethology-ethology-2026-melillo-when-similar-individuals-don-t-attract-absence-of-assortative-mating-by-coloration-in-a,,Ethology,health_monitoring,N,"No formal health monitoring, disease screening, or welfare checks reported. One entanglement incident noted in results but no systematic injury/mortality tracking."
ethology-ethology-2026-melillo-when-similar-individuals-don-t-attract-absence-of-assortative-mating-by-coloration-in-a,,Ethology,health_injury,Y,"One incident reported: two males and one female became entangled in attempted triple copulation, fell to ground, remained entangled ~5 min. No other injuries or unexpected deaths documented."
ethology-ethology-2026-melillo-when-similar-individuals-don-t-attract-absence-of-assortative-mating-by-coloration-in-a,,Ethology,fate_end,Y,"For spectrophotometry and fat extraction subsets: kept in Styrofoam container with ice, transferred to freezer same day. Freezing specified but time point and exact protocol for killing not explicitly"
ethology-ethology-2026-melillo-when-similar-individuals-don-t-attract-absence-of-assortative-mating-by-coloration-in-a,,Ethology,behaviour_general,Y,"Field observations of natural mating behavior, perching, flight, tandem formation, oviposition recorded. No enrichment or refugia mentioned for held animals."
ethology-ethology-2026-melillo-when-similar-individuals-don-t-attract-absence-of-assortative-mating-by-coloration-in-a,,Ethology,affect_indicators,N,"No discussion of stress, pain, or distress indicators; no precautionary measures for welfare assessment or affective capacity."
ethology-ethology-2026-t-c3-b3th-visual-cues-can-alter-the-behavioural-responses-of-dragonfly-larvae-to-chemical-alarm-cues,,Ethology,_eligibility,Y,Empirical study using live dragonfly larvae (Aeshna cyanea) in controlled behavioral experiments.
ethology-ethology-2026-t-c3-b3th-visual-cues-can-alter-the-behavioural-responses-of-dragonfly-larvae-to-chemical-alarm-cues,,Ethology,subjects_taxon,Y,"Aeshna cyanea (southern hawker), F3–F5 instars, identified by collection method and life stage specified."
ethology-ethology-2026-t-c3-b3th-visual-cues-can-alter-the-behavioural-responses-of-dragonfly-larvae-to-chemical-alarm-cues,,Ethology,subjects_source,Y,"Wild-collected from specific pond (47°32′54″ N, 18°56′7″ E) on 17th and 19th August 2020; 132 total animals used."
ethology-ethology-2026-t-c3-b3th-visual-cues-can-alter-the-behavioural-responses-of-dragonfly-larvae-to-chemical-alarm-cues,,Ethology,subjects_n,Y,"132 nymphs collected; 120 analyzed in 40 trials after exclusions (4 technical failures, 2 moulting events); attrition documented."
ethology-ethology-2026-t-c3-b3th-visual-cues-can-alter-the-behavioural-responses-of-dragonfly-larvae-to-chemical-alarm-cues,,Ethology,proc_handling,Y,Dip-netted capture method described; animals housed individually in 0.5 L cups; length measured with calipers post-trial.
ethology-ethology-2026-t-c3-b3th-visual-cues-can-alter-the-behavioural-responses-of-dragonfly-larvae-to-chemical-alarm-cues,,Ethology,proc_anaesthesia,Y,Four final-instar nymphs decapitated with scissors for cue preparation; procedure described as 'fast as possible to avoid unnecessary suffering'.
ethology-ethology-2026-t-c3-b3th-visual-cues-can-alter-the-behavioural-responses-of-dragonfly-larvae-to-chemical-alarm-cues,,Ethology,proc_biosecurity,NA,Native species from Hungarian pond; no non-native biosecurity concerns; lab containment in plastic cups adequate for native species.
ethology-ethology-2026-t-c3-b3th-visual-cues-can-alter-the-behavioural-responses-of-dragonfly-larvae-to-chemical-alarm-cues,,Ethology,ethics_review,Y,Explicitly states 'No permits or ethical approvals were necessary for conducting above experiment on southern hawker (A. cyanea) nymphs in Hungary' and conforms to Directive 2010/63/EU.
ethology-ethology-2026-t-c3-b3th-visual-cues-can-alter-the-behavioural-responses-of-dragonfly-larvae-to-chemical-alarm-cues,,Ethology,ethics_endpoints,N,No predefined humane endpoints mentioned; no discussion of anticipated or observed non-target impacts in controlled lab setting.
ethology-ethology-2026-t-c3-b3th-visual-cues-can-alter-the-behavioural-responses-of-dragonfly-larvae-to-chemical-alarm-cues,,Ethology,ethics_statement,Y,"Ethical note discusses conformity with guidelines and welfare reasoning (fast decapitation, humane care, release at capture site)."
ethology-ethology-2026-t-c3-b3th-visual-cues-can-alter-the-behavioural-responses-of-dragonfly-larvae-to-chemical-alarm-cues,,Ethology,nutrition_diet,Y,Animals unfed until after activity trials; then fed Tubifex ad libitum; pre-experimental fasting specified.
ethology-ethology-2026-t-c3-b3th-visual-cues-can-alter-the-behavioural-responses-of-dragonfly-larvae-to-chemical-alarm-cues,,Ethology,env_housing,Y,Housed individually in 0.5 L opaque plastic cups with ~0.3 L reconstituted soft water; plastic straw perch; 13.75:11.25 h light:dark cycle; 21.6±0.9°C ambient temperature; three-compartment arenas for
ethology-ethology-2026-t-c3-b3th-visual-cues-can-alter-the-behavioural-responses-of-dragonfly-larvae-to-chemical-alarm-cues,,Ethology,env_acclimation,Y,22-min acclimation in trial compartments before baseline measurement; captured animals held in housing overnight before trials.
ethology-ethology-2026-t-c3-b3th-visual-cues-can-alter-the-behavioural-responses-of-dragonfly-larvae-to-chemical-alarm-cues,,Ethology,env_field,NA,Pure lab study with controlled arenas; no field holding or deployment.
ethology-ethology-2026-t-c3-b3th-visual-cues-can-alter-the-behavioural-responses-of-dragonfly-larvae-to-chemical-alarm-cues,,Ethology,health_monitoring,Y,Survival of early-captured individuals monitored daily; physical condition assessed (length measurement); no disease screening reported but welfare checks conducted.
ethology-ethology-2026-t-c3-b3th-visual-cues-can-alter-the-behavioural-responses-of-dragonfly-larvae-to-chemical-alarm-cues,,Ethology,health_injury,N,No explicit statement about injuries or unexpected deaths during the experiment; only mentions exclusion of moulting individuals and tracking failures.
ethology-ethology-2026-t-c3-b3th-visual-cues-can-alter-the-behavioural-responses-of-dragonfly-larvae-to-chemical-alarm-cues,,Ethology,fate_end,Y,All animals released at site of capture on 20th August; no killing reported for experimental subjects (four individuals used for cue preparation were decapitated with scissors).
ethology-ethology-2026-t-c3-b3th-visual-cues-can-alter-the-behavioural-responses-of-dragonfly-larvae-to-chemical-alarm-cues,,Ethology,behaviour_general,Y,Setup allowed locomotor activity measurement; plastic straw provided as artificial perch for refuge; arena design minimized confounding visual influences on observer 2.
ethology-ethology-2026-t-c3-b3th-visual-cues-can-alter-the-behavioural-responses-of-dragonfly-larvae-to-chemical-alarm-cues,,Ethology,affect_indicators,Y,"Behavioral responses (locomotor activity, inter-individual distance) measured as stress/antipredator indicators; discussion of context-dependent cue integration addresses decision-making under uncerta"
10-1111-1365-2435-70207research,10.1111/1365-2435.70207RESEARCH,Functional Ecology,_eligibility,Y,Empirical study using live invertebrates (ladybird beetles and parasitoid wasps) in controlled laboratory experiments.
10-1111-1365-2435-70207research,10.1111/1365-2435.70207RESEARCH,Functional Ecology,subjects_taxon,Y,Harmonia axyridis (adult ladybirds) and Dinocampus coccinellae (female parasitoid wasps); sex and life stage specified.
10-1111-1365-2435-70207research,10.1111/1365-2435.70207RESEARCH,Functional Ecology,subjects_source,Y,H. axyridis wild-collected autumn 2022 in Prague; D. coccinellae obtained from overwintering ladybirds in spring 2023.
10-1111-1365-2435-70207research,10.1111/1365-2435.70207RESEARCH,Functional Ecology,subjects_n,Y,"Over 60 wasps acquired, 50 used; multiple ladybird cohorts produced from 10 parental pairs; detailed sample sizes in results tables."
10-1111-1365-2435-70207research,10.1111/1365-2435.70207RESEARCH,Functional Ecology,proc_handling,Y,"Ladybirds sorted by sex, housed individually in Petri dishes; wasps exposed to 3–5 different hosts per day; detailed housing and handling described."
10-1111-1365-2435-70207research,10.1111/1365-2435.70207RESEARCH,Functional Ecology,proc_anaesthesia,NA,No surgical or invasive procedures; parasitoid infection and exposure were non-invasive observational procedures.
10-1111-1365-2435-70207research,10.1111/1365-2435.70207RESEARCH,Functional Ecology,proc_biosecurity,N,No mention of escape prevention measures or disposal of contaminated material despite laboratory rearing of non-native species.
10-1111-1365-2435-70207research,10.1111/1365-2435.70207RESEARCH,Functional Ecology,ethics_review,Y,Explicit statement: 'No ethical approval was required to conduct this study.' and 'No licences and permits were needed.'
10-1111-1365-2435-70207research,10.1111/1365-2435.70207RESEARCH,Functional Ecology,ethics_endpoints,N,No predefined humane endpoints reported; no discussion of expected welfare impacts or mortality management protocols.
10-1111-1365-2435-70207research,10.1111/1365-2435.70207RESEARCH,Functional Ecology,ethics_statement,N,"No discussion of welfare considerations or the three Rs (Replacement, Reduction, Refinement) in study design."
10-1111-1365-2435-70207research,10.1111/1365-2435.70207RESEARCH,Functional Ecology,nutrition_diet,Y,Ladybirds fed Ephestia kuehniella eggs ad libitum; water ad libitum; wasps provided honey dissolved in water.
10-1111-1365-2435-70207research,10.1111/1365-2435.70207RESEARCH,Functional Ecology,env_housing,Y,"Ladybirds housed individually in Petri dishes; wasps kept separately; temperature regimes 18, 24, 30°C; 16L:8D photoperiod; cleaning at least weekly."
10-1111-1365-2435-70207research,10.1111/1365-2435.70207RESEARCH,Functional Ecology,env_acclimation,Y,Ladybirds reared at 24°C before experimental exposure; parental pairs reared under standard conditions; ~14 days old when exposed to parasitoids.
10-1111-1365-2435-70207research,10.1111/1365-2435.70207RESEARCH,Functional Ecology,env_field,NA,"Pure laboratory study; field collection only at initial acquisition stage, not relevant to main experimental design."
10-1111-1365-2435-70207research,10.1111/1365-2435.70207RESEARCH,Functional Ecology,health_monitoring,Y,Daily records of parasitoid emergence and ladybird survival; dissection of dead ladybirds to check for parasitoid developmental stages; condition monitored throughout.
10-1111-1365-2435-70207research,10.1111/1365-2435.70207RESEARCH,Functional Ecology,health_injury,Y,Deaths recorded daily; dissection revealed parasitoid developmental stages and causes; stage-specific mortality quantified; unexpected deaths documented.
10-1111-1365-2435-70207research,10.1111/1365-2435.70207RESEARCH,Functional Ecology,fate_end,Y,Dead ladybirds stored at −20°C and dissected; adult parasitoids emerged naturally or failed to emerge; no killing method explicitly named but natural death/failure documented.
10-1111-1365-2435-70207research,10.1111/1365-2435.70207RESEARCH,Functional Ecology,behaviour_general,Y,Recovery from paralysis recorded (movement and feeding); host behaviour manipulation by parasitoid virus documented; individual housing allowed observation of natural responses.
10-1111-1365-2435-70207research,10.1111/1365-2435.70207RESEARCH,Functional Ecology,affect_indicators,Y,Host recovery (resumption of feeding and movement) used as indicator; paralysis by viral infection documented; stress effects of temperature and parasitism on survival and longevity measured.
10-1111-1365-2435-70311research,10.1111/1365-2435.70311RESEARCH,Functional Ecology,_eligibility,Y,Empirical study using live sponges (invertebrates) collected and held for oxygen flux and fluorescence measurements.
10-1111-1365-2435-70311research,10.1111/1365-2435.70311RESEARCH,Functional Ecology,subjects_taxon,Y,24 sponge species identified by species name; life stage (adult/fragments); sex not applicable to sponges.
10-1111-1365-2435-70311research,10.1111/1365-2435.70311RESEARCH,Functional Ecology,subjects_source,Y,Wild-collected from Caribbean reefs at 5 named leeward sites in Curaçao; collection depth ~10 m; coordinates provided for each site.
10-1111-1365-2435-70311research,10.1111/1365-2435.70311RESEARCH,Functional Ecology,subjects_n,Y,Eight replicates per focal species (8 spp); 4 replicates for RLC measurements; 16 non-focal species with 4 replicates each; no attrition reported.
10-1111-1365-2435-70311research,10.1111/1365-2435.70311RESEARCH,Functional Ecology,proc_handling,Y,Collected whole individuals or fragments (20–150 cm²); mounted with zip-ties; transported to home reef; cut to cylinder cores (3.6 cm diameter) using pneumatic drill.
10-1111-1365-2435-70311research,10.1111/1365-2435.70311RESEARCH,Functional Ecology,proc_anaesthesia,N,"No anaesthesia, analgesia, or invasive surgical procedures described. Sponges were cut to cores and incubated ex situ but no statement justifying absence of anaesthesia."
10-1111-1365-2435-70311research,10.1111/1365-2435.70311RESEARCH,Functional Ecology,proc_biosecurity,NA,"Study conducted in native sponge habitat at a marine research station; no explicit non-native species risk or escape containment protocols described, and sponges remain in study region."
10-1111-1365-2435-70311research,10.1111/1365-2435.70311RESEARCH,Functional Ecology,ethics_review,Y,"Permit number 2012/48584 from Ministry of Health, Environment and Nature (Curaçao) cited."
10-1111-1365-2435-70311research,10.1111/1365-2435.70311RESEARCH,Functional Ecology,ethics_endpoints,N,No predefined humane endpoints or statement about non-target impacts reported. Field collection and incubation procedures described but no welfare endpoints stated.
10-1111-1365-2435-70311research,10.1111/1365-2435.70311RESEARCH,Functional Ecology,ethics_statement,N,Permit mentioned but no explicit discussion of welfare considerations or three Rs justification for study design.
10-1111-1365-2435-70311research,10.1111/1365-2435.70311RESEARCH,Functional Ecology,nutrition_diet,N,"No information on feeding, diet composition, or nutritional status of held sponges provided."
10-1111-1365-2435-70311research,10.1111/1365-2435.70311RESEARCH,Functional Ecology,env_housing,Y,Sponges maintained at 10 m depth at home reef for ≥2 weeks; incubation in seawater (ex situ oxygen flux measurements described); no other housing details provided.
10-1111-1365-2435-70311research,10.1111/1365-2435.70311RESEARCH,Functional Ecology,env_acclimation,Y,Sponges left to recover at 10 m depth for at least 2 weeks before experimental measurements.
10-1111-1365-2435-70311research,10.1111/1365-2435.70311RESEARCH,Functional Ecology,env_field,Y,"Shallow Caribbean reef at ~10 m depth, Curaçao; five named leeward sites with coordinates; in situ PAR measured; photoperiod and light profiles described."
10-1111-1365-2435-70311research,10.1111/1365-2435.70311RESEARCH,Functional Ecology,health_monitoring,N,"No health checks, disease screening, or physical condition monitoring of sponges reported beyond microscopy and pigment extraction post-incubation."
10-1111-1365-2435-70311research,10.1111/1365-2435.70311RESEARCH,Functional Ecology,health_injury,N,"No statement about injuries, mortality, or unexpected deaths during collection, recovery, or incubation period."
10-1111-1365-2435-70311research,10.1111/1365-2435.70311RESEARCH,Functional Ecology,fate_end,N,No explicit statement of how sponges were killed or disposed of at end of study. Sponges presumably euthanised but method not named.
10-1111-1365-2435-70311research,10.1111/1365-2435.70311RESEARCH,Functional Ecology,behaviour_general,N,"No description of sponge behaviour, refugia, enrichment, disturbance mitigation, or social grouping during recovery or incubation."
10-1111-1365-2435-70311research,10.1111/1365-2435.70311RESEARCH,Functional Ecology,affect_indicators,N,"No assessment of stress, pain, or distress indicators; no precautionary measures discussed for sponge sentience or affective capacity."
10-1111-1365-2435-70353research,10.1111/1365-2435.70353RESEARCH,Functional Ecology,_eligibility,Y,"Empirical study using live bees (Hymenoptera, Apidae) collected from field sites in pristine Amazonian forest and open habitats (canga)."
10-1111-1365-2435-70353research,10.1111/1365-2435.70353RESEARCH,Functional Ecology,subjects_taxon,Y,109 bee species identified to species level; 576 individuals across orders/families documented; Supporting Information S1 provides trait database.
10-1111-1365-2435-70353research,10.1111/1365-2435.70353RESEARCH,Functional Ecology,subjects_source,Y,"Wild-collected from Carajás National Forest (>400,000 ha), pristine open habitats (canga) and forest formations; 8 sites each; 2017-2019."
10-1111-1365-2435-70353research,10.1111/1365-2435.70353RESEARCH,Functional Ecology,subjects_n,Y,"576 individuals of 109 bee species collected; 71 forest (55 exclusive), 54 canga (38 exclusive); 16 shared species. No explicit sample size justification provided."
10-1111-1365-2435-70353research,10.1111/1365-2435.70353RESEARCH,Functional Ecology,proc_handling,Y,Bees collected along 1 km transects using entomological net or plastic tubes; 5 min observation per flower; specimens temporarily stored in alcohol then mounted.
10-1111-1365-2435-70353research,10.1111/1365-2435.70353RESEARCH,Functional Ecology,proc_anaesthesia,NA,No invasive procedures or anaesthesia needed; bees collected for identification and deposited as specimens.
10-1111-1365-2435-70353research,10.1111/1365-2435.70353RESEARCH,Functional Ecology,proc_biosecurity,N,No mention of escape prevention or disposal measures; all collected specimens were native Brazilian bees within protected area.
10-1111-1365-2435-70353research,10.1111/1365-2435.70353RESEARCH,Functional Ecology,ethics_review,Y,"Fieldwork licence from Instituto Chico Mendes de Conservação da Biodiversidade (ICMBio), SISBIO licence number 68977-2; study stated 'did not involve animal handling and no ethical approval was needed"
10-1111-1365-2435-70353research,10.1111/1365-2435.70353RESEARCH,Functional Ecology,ethics_endpoints,N,No predefined humane endpoints mentioned; no statement on non-target impacts or welfare endpoints defined.
10-1111-1365-2435-70353research,10.1111/1365-2435.70353RESEARCH,Functional Ecology,ethics_statement,N,"No discussion of welfare considerations, three Rs (Replacement, Reduction, Refinement), or how study design addressed animal welfare principles."
10-1111-1365-2435-70353research,10.1111/1365-2435.70353RESEARCH,Functional Ecology,nutrition_diet,N,"No information on diet, feeding, or fasting provided; bees collected from flowers in field."
10-1111-1365-2435-70353research,10.1111/1365-2435.70353RESEARCH,Functional Ecology,env_housing,N,No captive housing; wild-collected bees processed immediately; no holding or enclosure conditions described.
10-1111-1365-2435-70353research,10.1111/1365-2435.70353RESEARCH,Functional Ecology,env_acclimation,NA,Field study with no captive acclimation period; bees collected and preserved without holding.
10-1111-1365-2435-70353research,10.1111/1365-2435.70353RESEARCH,Functional Ecology,env_field,Y,"Carajás National Forest, eastern Amazon; pristine open (canga) and forest habitats; 8 sites each; transect sampling; 2017-2019; sampling conditions specified (26-38°C, no rain, 7:30-11:30 AM)."
10-1111-1365-2435-70353research,10.1111/1365-2435.70353RESEARCH,Functional Ecology,health_monitoring,N,"No mention of health checks, disease screening, injury assessment, or welfare monitoring during collection or processing."
10-1111-1365-2435-70353research,10.1111/1365-2435.70353RESEARCH,Functional Ecology,health_injury,N,"No statement on injuries, unexpected deaths, mortality, or condition of specimens during collection or processing."
10-1111-1365-2435-70353research,10.1111/1365-2435.70353RESEARCH,Functional Ecology,fate_end,Y,Specimens temporarily stored in alcohol and later mounted; all collected bees deposited in entomological collection of Emílio Goeldi Museum (MPEG) for curation.
10-1111-1365-2435-70353research,10.1111/1365-2435.70353RESEARCH,Functional Ecology,behaviour_general,Y,"Study assessed behavioural traits including nesting location/substrate/type, sociality (eusocial vs. solitary), buzz pollination ability, and tegument colour; field collection on flowering plants."
10-1111-1365-2435-70353research,10.1111/1365-2435.70353RESEARCH,Functional Ecology,affect_indicators,N,"No assessment of stress, pain, or distress indicators; no precautionary measures for affective capacity discussed despite collection by net capture."
10-1111-1365-2435-70316research,10.1111/1365-2435.70316RESEARCH,Functional Ecology,_eligibility,Y,"Empirical study using live invertebrates (parasitoid wasps Oomyzus spp., ladybird beetles Coccinella septempunctata, aphids) in laboratory experiments."
10-1111-1365-2435-70316research,10.1111/1365-2435.70316RESEARCH,Functional Ecology,subjects_taxon,Y,"Two parasitoid species (Oomyzus scaposus, O. spiraculus), host ladybird (Coccinella septempunctata third instar larvae), prey aphids (Megoura viciae). Life stages specified."
10-1111-1365-2435-70316research,10.1111/1365-2435.70316RESEARCH,Functional Ecology,subjects_source,Y,"Lab colony established from 30 field-collected adult ladybirds near Nanjing, east China. Parasitoids and aphids originally field-collected, refreshed yearly."
10-1111-1365-2435-70316research,10.1111/1365-2435.70316RESEARCH,Functional Ecology,subjects_n,Y,724 ladybird hosts parasitized by both species. Multiparasitism treatments replicated 30–50 times each. Single parasitism n=40. Attrition: approximately 68±2% produced parasitoid wasps.
10-1111-1365-2435-70316research,10.1111/1365-2435.70316RESEARCH,Functional Ecology,proc_handling,Y,"Larvae considered parasitized when ovipositor inserted ≥30 s. Parasitized larvae placed individually in Petri dishes (5 cm) or glass tubes. Female wasps 2–3 days old, mated."
10-1111-1365-2435-70316research,10.1111/1365-2435.70316RESEARCH,Functional Ecology,proc_anaesthesia,Y,"Wasps killed by freezing, then dried in oven at 60°C for 72 h. Killing method explicitly stated."
10-1111-1365-2435-70316research,10.1111/1365-2435.70316RESEARCH,Functional Ecology,proc_biosecurity,N,No mention of escape prevention measures or disposal of contaminated material.
10-1111-1365-2435-70316research,10.1111/1365-2435.70316RESEARCH,Functional Ecology,ethics_review,Y,Explicit statement: 'Our experiment did not require ethical approval.'
10-1111-1365-2435-70316research,10.1111/1365-2435.70316RESEARCH,Functional Ecology,ethics_endpoints,N,No predefined humane endpoints or statement about non-target impacts documented.
10-1111-1365-2435-70316research,10.1111/1365-2435.70316RESEARCH,Functional Ecology,ethics_statement,N,"No discussion of welfare considerations or the three Rs (Replacement, Reduction, Refinement) in study design."
10-1111-1365-2435-70316research,10.1111/1365-2435.70316RESEARCH,Functional Ecology,nutrition_diet,Y,Ladybirds maintained on bean (Vicia faba) infested with vetch aphids. Parasitized larvae provided with vetch aphids daily. Aphids replenished daily.
10-1111-1365-2435-70316research,10.1111/1365-2435.70316RESEARCH,Functional Ecology,env_housing,Y,"Ladybird colony in insect rearing cages (40×40×40 cm). Pupae in small glass tubes until emergence. Parasitized larvae in 5 cm Petri dishes or glass tubes. Climate room: 22±2°C, 50–70% humidity, 16L:8D"
10-1111-1365-2435-70316research,10.1111/1365-2435.70316RESEARCH,Functional Ecology,env_acclimation,N,No acclimation period described before experimental procedures.
10-1111-1365-2435-70316research,10.1111/1365-2435.70316RESEARCH,Functional Ecology,env_field,Y,"Field collection mentioned: vetch fields near Nanjing, east China; field-collected hosts from three locations around Nanjing (April–late May 2019). However, primary study is lab-based; field data prov"
10-1111-1365-2435-70316research,10.1111/1365-2435.70316RESEARCH,Functional Ecology,health_monitoring,Y,"Adult emergence recorded, brood sizes counted, sex ratios determined, biomass measured, development time recorded for each wasp. Fate of surviving hosts scored into three categories."
10-1111-1365-2435-70316research,10.1111/1365-2435.70316RESEARCH,Functional Ecology,health_injury,N,"No mention of injuries, unexpected deaths, or health complications during the study."
10-1111-1365-2435-70316research,10.1111/1365-2435.70316RESEARCH,Functional Ecology,fate_end,Y,Wasps killed by freezing and dried in oven at 60°C for 72 h. Host fate categorized by species emergence; at most 1–2 pupae developed into ladybirds per treatment (implied disposal).
10-1111-1365-2435-70316research,10.1111/1365-2435.70316RESEARCH,Functional Ecology,behaviour_general,Y,"Oviposition duration recorded and analysed. Larvae examined for motility, mandibles, caudal appendage, aggression (N=30 pairs in ringer solution for 30 min observation). Host-searching and parasitism "
10-1111-1365-2435-70316research,10.1111/1365-2435.70316RESEARCH,Functional Ecology,affect_indicators,N,"No discussion of stress, pain, or distress indicators; no precautionary measures for affective capacity addressed."
10-1111-1365-2435-70334research,10.1111/1365-2435.70334RESEARCH,Functional Ecology,_eligibility,Y,Empirical study using live beetles (Coleoptera) collected from cycad cones over 36 years; invertebrate focal organisms.
10-1111-1365-2435-70334research,10.1111/1365-2435.70334RESEARCH,Functional Ecology,subjects_taxon,Y,"39 putative pollinator taxa identified: 18 Porthetes species, 14 erotylid morpho-species, 7 Metacucujus species; identified using taxonomic keys and morphometric ratios."
10-1111-1365-2435-70334research,10.1111/1365-2435.70334RESEARCH,Functional Ecology,subjects_source,Y,"Specimens collected from 111 wild localities (1988-2025) in South Africa, eSwatini, Mozambique, Kenya, Tanzania, Uganda; also from botanic gardens and private collections; deposited in institutional c"
10-1111-1365-2435-70334research,10.1111/1365-2435.70334RESEARCH,Functional Ecology,subjects_n,Y,Records compiled from 36-year collection period across 28 Encephalartos species; sample sizes reported for host-specific associations; transient records excluded from core analyses.
10-1111-1365-2435-70334research,10.1111/1365-2435.70334RESEARCH,Functional Ecology,proc_handling,Y,"Specimens collected from male and female cones; recorded locality, date, and plant part; photographs and measurements taken using Leica microscope; morphometric ratios used for species delimitation."
10-1111-1365-2435-70334research,10.1111/1365-2435.70334RESEARCH,Functional Ecology,proc_anaesthesia,NA,No invasive procedures performed on live insects; study involved collection and taxonomic identification only.
10-1111-1365-2435-70334research,10.1111/1365-2435.70334RESEARCH,Functional Ecology,proc_biosecurity,NA,No captive holding reported; specimens collected from wild or existing botanical collections; no non-native escape risk mentioned.
10-1111-1365-2435-70334research,10.1111/1365-2435.70334RESEARCH,Functional Ecology,ethics_review,Y,Explicitly states 'Ethical approval was not required for this study' - specimens examined from existing collections and museums.
10-1111-1365-2435-70334research,10.1111/1365-2435.70334RESEARCH,Functional Ecology,ethics_endpoints,N,No humane endpoints discussed; no field welfare impacts described beyond observation of pollinator presence/absence.
10-1111-1365-2435-70334research,10.1111/1365-2435.70334RESEARCH,Functional Ecology,ethics_statement,N,"No discussion of welfare considerations or three Rs; ethical approval statement is procedural only, not welfare-focused reasoning."
10-1111-1365-2435-70334research,10.1111/1365-2435.70334RESEARCH,Functional Ecology,nutrition_diet,NA,No captive rearing or feeding of insects; specimens examined from field collections or museum/herbarium holdings.
10-1111-1365-2435-70334research,10.1111/1365-2435.70334RESEARCH,Functional Ecology,env_housing,NA,No captive housing; study based on field collections and museum specimens.
10-1111-1365-2435-70334research,10.1111/1365-2435.70334RESEARCH,Functional Ecology,env_acclimation,NA,No acclimation period applicable; specimens collected directly from field or examined from existing collections.
10-1111-1365-2435-70334research,10.1111/1365-2435.70334RESEARCH,Functional Ecology,env_field,Y,"Field sites described: 111 wild localities across southern and eastern Africa (South Africa, eSwatini, Mozambique, Kenya, Tanzania, Uganda); collection periods 1988-2025; multiple visits during coning"
10-1111-1365-2435-70334research,10.1111/1365-2435.70334RESEARCH,Functional Ecology,health_monitoring,N,"No health monitoring, disease screening, or welfare checks reported for collected specimens."
10-1111-1365-2435-70334research,10.1111/1365-2435.70334RESEARCH,Functional Ecology,health_injury,N,"No injuries, mortality, or disease outcomes reported; no explicit statement that none occurred."
10-1111-1365-2435-70334research,10.1111/1365-2435.70334RESEARCH,Functional Ecology,fate_end,N,No description of specimen preservation method or killing method; specimens stored in collections but no explicit preservation protocol stated.
10-1111-1365-2435-70334research,10.1111/1365-2435.70334RESEARCH,Functional Ecology,behaviour_general,Y,"Extensive discussion of pollinator behaviour: cone thermogenesis, volatile attraction, daily movement between male-female cones, timing of host visitation; analysis of transient vs. core host associat"
10-1111-1365-2435-70334research,10.1111/1365-2435.70334RESEARCH,Functional Ecology,affect_indicators,N,"No indicators of stress, pain, or distress monitored; no precautionary measures for uncertain affective capacity discussed."
10-1111-1365-2435-70259research,10.1111/1365-2435.70259RESEARCH,Functional Ecology,_eligibility,Y,Empirical study using live Bombus ignitus workers in semi-outdoor flight cage experiments.
10-1111-1365-2435-70259research,10.1111/1365-2435.70259RESEARCH,Functional Ecology,subjects_taxon,Y,"Bombus ignitus Smith, workers, species identified."
10-1111-1365-2435-70259research,10.1111/1365-2435.70259RESEARCH,Functional Ecology,subjects_source,Y,"Commercial colonies from Arysta LifeScience Corp. & Musashino Seed Co. Ltd., Japan; 62 workers from three colonies."
10-1111-1365-2435-70259research,10.1111/1365-2435.70259RESEARCH,Functional Ecology,subjects_n,Y,"62 workers total; control=23 bees, early-arrivals=39 bees; 7 bees did not shift from white patch."
10-1111-1365-2435-70259research,10.1111/1365-2435.70259RESEARCH,Functional Ecology,proc_handling,Y,Bees marked on thorax with numbered coloured tags; gate controlled access to cage; focal bee selected and allowed to forage.
10-1111-1365-2435-70259research,10.1111/1365-2435.70259RESEARCH,Functional Ecology,proc_anaesthesia,NA,No invasive procedures performed on live bees; dead bees used as mimics but not subjects of anaesthesia.
10-1111-1365-2435-70259research,10.1111/1365-2435.70259RESEARCH,Functional Ecology,proc_biosecurity,Y,Cage on concrete surface prevented access to external flowers; bees could not escape. Non-native species risk minimal (Japan setting).
10-1111-1365-2435-70259research,10.1111/1365-2435.70259RESEARCH,Functional Ecology,ethics_review,Y,Explicitly stated: 'This study did not require ethical approval.'
10-1111-1365-2435-70259research,10.1111/1365-2435.70259RESEARCH,Functional Ecology,ethics_endpoints,N,No predefined humane endpoints or mention of anticipated non-target impacts discussed.
10-1111-1365-2435-70259research,10.1111/1365-2435.70259RESEARCH,Functional Ecology,ethics_statement,N,"No discussion of welfare considerations or three Rs (Replacement, Reduction, Refinement) in study design."
10-1111-1365-2435-70259research,10.1111/1365-2435.70259RESEARCH,Functional Ecology,nutrition_diet,Y,Pollen supplied ad libitum daily; sucrose solution (30% or 10% w/w) dispensed by flower patches or directly into colony nectar pots.
10-1111-1365-2435-70259research,10.1111/1365-2435.70259RESEARCH,Functional Ecology,env_housing,Y,"Flight cage: 2700(L) × 1100(W) × 200(H) cm, steel/nylon mesh; nest box with gate; concrete floor; artificial flowers on green plastic boards."
10-1111-1365-2435-70259research,10.1111/1365-2435.70259RESEARCH,Functional Ecology,env_acclimation,Y,Training session on day 1 (3–4 h foraging from white flowers); test session conducted next day after bees began regular foraging.
10-1111-1365-2435-70259research,10.1111/1365-2435.70259RESEARCH,Functional Ecology,env_field,NA,Not a field study; all procedures in semi-outdoor flight cage on farm field premises.
10-1111-1365-2435-70259research,10.1111/1365-2435.70259RESEARCH,Functional Ecology,health_monitoring,N,"No health monitoring, physical condition assessment, disease screening, or welfare checks mentioned."
10-1111-1365-2435-70259research,10.1111/1365-2435.70259RESEARCH,Functional Ecology,health_injury,N,"No mention of injuries, unexpected deaths, or health incidents in live bees during experiments."
10-1111-1365-2435-70259research,10.1111/1365-2435.70259RESEARCH,Functional Ecology,fate_end,N,No statement of what happened to bees at end of study; no killing method specified or stated.
10-1111-1365-2435-70259research,10.1111/1365-2435.70259RESEARCH,Functional Ecology,behaviour_general,Y,Setup simulated field foraging scenario; artificial flowers provided foraging targets; bees allowed free movement within cage.
10-1111-1365-2435-70259research,10.1111/1365-2435.70259RESEARCH,Functional Ecology,affect_indicators,Y,"Foraging behaviour recorded and analysed (approaches, landings, patch choice) as indicators of preference and decision-making."
10-1111-1365-2435-70338research,10.1111/1365-2435.70338RESEARCH,Functional Ecology,_eligibility,Y,Empirical study using live Trirhabda virgata beetle larvae (insects) in field and laboratory experiments on plant-herbivore interactions.
10-1111-1365-2435-70338research,10.1111/1365-2435.70338RESEARCH,Functional Ecology,subjects_taxon,Y,"Trirhabda virgata J. L. LeConte, 1865 (Chrysomelidae); third instar larvae used; species identification with note on difficulty distinguishing T. virgata from T. borealis at larval stage."
10-1111-1365-2435-70338research,10.1111/1365-2435.70338RESEARCH,Functional Ecology,subjects_source,Y,"Field-collected from Whipple Farm (Cornell University), Ithaca, NY; collected from oldfield populations where beetles naturally occur."
10-1111-1365-2435-70338research,10.1111/1365-2435.70338RESEARCH,Functional Ecology,subjects_n,Y,Multiple experiments with varying sample sizes: 20 pairs of plants in choice experiments; 15 replicates per herbivory level in field arena; 12 focus ramets in transects; 40 plants in isolation experim
10-1111-1365-2435-70338research,10.1111/1365-2435.70338RESEARCH,Functional Ecology,proc_handling,Y,"Field collection described; transport and containment in sleeve bags; placement on plants for damage trials; larval release protocols specified (e.g., '10 new third-instar beetle larvae,' '5 cm from Y"
10-1111-1365-2435-70338research,10.1111/1365-2435.70338RESEARCH,Functional Ecology,proc_anaesthesia,NA,No invasive surgical procedures or killing methods described in methods; larvae were moved between plants and observed.
10-1111-1365-2435-70338research,10.1111/1365-2435.70338RESEARCH,Functional Ecology,proc_biosecurity,NA,Native species (Trirhabda virgata) studied in native habitat; no non-native taxa or captive colony escape risk relevant; statement that 'insects...were released back into their habitats of origin.'
10-1111-1365-2435-70338research,10.1111/1365-2435.70338RESEARCH,Functional Ecology,ethics_review,Y,"Explicit statement: 'no licences or permits were required' (field work on Cornell University property, outside protected habitats) and 'no ethics approval documentation was required' (insects used, re"
10-1111-1365-2435-70338research,10.1111/1365-2435.70338RESEARCH,Functional Ecology,ethics_endpoints,N,No predefined humane endpoints mentioned; no discussion of anticipated non-target impacts or humane endpoint criteria.
10-1111-1365-2435-70338research,10.1111/1365-2435.70338RESEARCH,Functional Ecology,ethics_statement,N,"No engagement with welfare considerations or the three Rs (Replacement, Reduction, Refinement); only a regulatory exemption statement."
10-1111-1365-2435-70338research,10.1111/1365-2435.70338RESEARCH,Functional Ecology,nutrition_diet,Y,Diet specified: 'excised leaves' from Solidago altissima plants provided; laboratory experiments used 'fully expanded leaves...fed to third instar beetle larvae in 10-cm-diameter Petri dishes.' Leaf p
10-1111-1365-2435-70338research,10.1111/1365-2435.70338RESEARCH,Functional Ecology,env_housing,Y,"Laboratory: 'Petri dishes...equipped with filter paper,' 'room temperature (22°C),' '16:8 h light:dark natural light cycle.' Field: plants in natural oldfield habitat; no artificial enclosures describ"
10-1111-1365-2435-70338research,10.1111/1365-2435.70338RESEARCH,Functional Ecology,env_acclimation,N,No acclimation period described; field-collected larvae used directly in experiments.
10-1111-1365-2435-70338research,10.1111/1365-2435.70338RESEARCH,Functional Ecology,env_field,Y,"Field site: Whipple Farm, Cornell University, Ithaca, NY (oldfield habitat); coordinates provided (N 42.489128, W −76.430043); habitat description: 'three neighbouring fields (sizes: 2 × 1 ha, 1 × 4 h"
10-1111-1365-2435-70338research,10.1111/1365-2435.70338RESEARCH,Functional Ecology,health_monitoring,Y,Larval mass measured before and after feeding (t₁ and t₂) to assess growth and performance; 'relative growth rate' calculated; larval positions monitored 'in 2-h intervals'; damage assessed using dama
10-1111-1365-2435-70338research,10.1111/1365-2435.70338RESEARCH,Functional Ecology,health_injury,N,"No statement about injuries, deaths, or health events; no mention of mortality rates or adverse effects observed during the study."
10-1111-1365-2435-70338research,10.1111/1365-2435.70338RESEARCH,Functional Ecology,fate_end,Y,Explicit statement: 'all were released back into their habitats of origin after the conclusion of experiments.' No killing method required as all larvae were released alive.
10-1111-1365-2435-70338research,10.1111/1365-2435.70338RESEARCH,Functional Ecology,behaviour_general,Y,Choice experiments allowed larvae to 'choose freely for 2 days' between damaged and undamaged leaves; larvae 'monitored for positions in 2-h intervals'; Y-tube olfactometer experiments measured larval
10-1111-1365-2435-70338research,10.1111/1365-2435.70338RESEARCH,Functional Ecology,affect_indicators,N,"No behavioral or physiological stress indicators measured; no discussion of pain, distress, or affective states; study focused on host plant choice and growth performance, not welfare indicators."
10-1111-1365-2435-70294research,10.1111/1365-2435.70294RESEARCH,Functional Ecology,_eligibility,Y,Empirical field study using live wild bees (Hymenoptera: Apoidea) collected and measured across two years in orchards.
10-1111-1365-2435-70294research,10.1111/1365-2435.70294RESEARCH,Functional Ecology,subjects_taxon,Y,"42 taxa identified to species or genus level; families Apidae, Andrenidae, Colletidae, Halictidae, Megachilidae; life stage not specified."
10-1111-1365-2435-70294research,10.1111/1365-2435.70294RESEARCH,Functional Ecology,subjects_source,Y,"Wild-collected from apple and sweet cherry orchards in O'Higgins and Maule regions, central Chile (34°–36° S), during crop blossom periods 2021–2022."
10-1111-1365-2435-70294research,10.1111/1365-2435.70294RESEARCH,Functional Ecology,subjects_n,Y,"12,361 individuals total across both years (8,150 in 2021; 4,211 in 2022); 54 orchards sampled; attrition noted (58% excluded from functional analysis due to identification difficulty)."
10-1111-1365-2435-70294research,10.1111/1365-2435.70294RESEARCH,Functional Ecology,proc_handling,Y,"Pan traps (8 cm diameter, white/yellow/blue, water+detergent) placed 1 m above ground, 10 days per orchard, three 20×20 m plots 50 m apart; bees stored in 70% ethanol in Falcon tubes."
10-1111-1365-2435-70294research,10.1111/1365-2435.70294RESEARCH,Functional Ecology,proc_anaesthesia,NA,No invasive procedures performed; bees passively captured in traps and killed by drowning in water/detergent solution during collection.
10-1111-1365-2435-70294research,10.1111/1365-2435.70294RESEARCH,Functional Ecology,proc_biosecurity,N,"No measures against escape mentioned. Study area includes non-native Bombus terrestris and B. ruderatus (naturalized, not managed); no disposal protocols reported."
10-1111-1365-2435-70294research,10.1111/1365-2435.70294RESEARCH,Functional Ecology,ethics_review,Y,Approved by bioethics committee of Pontificia Universidad Católica de Valparaíso (authorization BIOEPUCV-BA 331-2020); no capture permits required for insects in Chile.
10-1111-1365-2435-70294research,10.1111/1365-2435.70294RESEARCH,Functional Ecology,ethics_endpoints,N,No predefined humane endpoints described. No discussion of anticipated or observed non-target impacts.
10-1111-1365-2435-70294research,10.1111/1365-2435.70294RESEARCH,Functional Ecology,ethics_statement,N,"Bioethics approval mentioned but no welfare reasoning or discussion of replacement, reduction, or refinement principles provided."
10-1111-1365-2435-70294research,10.1111/1365-2435.70294RESEARCH,Functional Ecology,nutrition_diet,NA,Wild-caught insects; no feeding or husbandry applicable.
10-1111-1365-2435-70294research,10.1111/1365-2435.70294RESEARCH,Functional Ecology,env_housing,NA,Field study with no captive holding; bees captured in traps and preserved in ethanol.
10-1111-1365-2435-70294research,10.1111/1365-2435.70294RESEARCH,Functional Ecology,env_acclimation,NA,No acclimation period; wild-caught bees processed directly for analysis.
10-1111-1365-2435-70294research,10.1111/1365-2435.70294RESEARCH,Functional Ecology,env_field,Y,"Field site: Mediterranean orchards (apple and sweet cherry), O'Higgins/Maule regions, Chile; trap design (coloured pan traps); 10-day deployment per site; no injury mitigation described."
10-1111-1365-2435-70294research,10.1111/1365-2435.70294RESEARCH,Functional Ecology,health_monitoring,N,"No health checks, disease screening, or physical condition assessment methods reported during collection or storage."
10-1111-1365-2435-70294research,10.1111/1365-2435.70294RESEARCH,Functional Ecology,health_injury,N,"No mention of injuries, mortality during collection, or storage condition impacts. Silence on welfare outcomes during preservation."
10-1111-1365-2435-70294research,10.1111/1365-2435.70294RESEARCH,Functional Ecology,fate_end,Y,Bees killed by drowning in water+detergent in pan traps; stored in 70% ethanol in Falcon tubes; specimens from museum collections used for trait measurements; specimens preserved.
10-1111-1365-2435-70294research,10.1111/1365-2435.70294RESEARCH,Functional Ecology,behaviour_general,Y,Pan trap heights set at flower level (1 m); natural habitat heterogeneity measured (surrounding vegetation proportion); no enrichment or disturbance minimisation during captivity (no captivity).
10-1111-1365-2435-70294research,10.1111/1365-2435.70294RESEARCH,Functional Ecology,affect_indicators,N,No behavioural or physiological indicators of stress/pain assessed. No discussion of affective capacity or precautionary welfare measures.
10-1111-1365-2435-70347research,10.1111/1365-2435.70347RESEARCH,Functional Ecology,_eligibility,Y,Empirical study using live lepidopteran larvae and adult butterflies (Araschnia levana) reared under controlled conditions.
10-1111-1365-2435-70347research,10.1111/1365-2435.70347RESEARCH,Functional Ecology,subjects_taxon,Y,"Map butterfly (Araschnia levana L. 1758), larvae and adults; life stages specified."
10-1111-1365-2435-70347research,10.1111/1365-2435.70347RESEARCH,Functional Ecology,subjects_source,Y,"Gravid females (n=7) wild-collected from Ooijpolder, Nijmegen, Netherlands on 29 April 2024; eggs pooled from all females."
10-1111-1365-2435-70347research,10.1111/1365-2435.70347RESEARCH,Functional Ecology,subjects_n,Y,180 larvae divided across 6 treatment combinations (30 per combination); 88 adults tested for heat tolerance; attrition reported per treatment.
10-1111-1365-2435-70347research,10.1111/1365-2435.70347RESEARCH,Functional Ecology,proc_handling,Y,"Capture in field, transport to lab, kept in rearing cages (70×90×100 cm); larvae weighed every 3–4 days; containers moved daily within chambers to avoid spatial bias."
10-1111-1365-2435-70347research,10.1111/1365-2435.70347RESEARCH,Functional Ecology,proc_anaesthesia,NA,Heat tolerance testing involved controlled temperature exposure; no surgical/invasive procedures requiring anaesthesia reported.
10-1111-1365-2435-70347research,10.1111/1365-2435.70347RESEARCH,Functional Ecology,proc_biosecurity,NA,Native species in native region; no escape risk or contamination issues mentioned; not applicable.
10-1111-1365-2435-70347research,10.1111/1365-2435.70347RESEARCH,Functional Ecology,ethics_review,Y,"Explicitly stated: 'Under Dutch legislation (Experiments on Animals Act), ethical approval is not required for research involving insects. No institutional ethical review was therefore necessary.'"
10-1111-1365-2435-70347research,10.1111/1365-2435.70347RESEARCH,Functional Ecology,ethics_endpoints,N,No predefined humane endpoints or endpoint criteria explicitly stated; heat tolerance measured to knockdown but no discussion of stopping rules beyond observation.
10-1111-1365-2435-70347research,10.1111/1365-2435.70347RESEARCH,Functional Ecology,ethics_statement,Y,Section 2.6 states: 'All individuals were handled and maintained with due care to minimize stress and mortality.'
10-1111-1365-2435-70347research,10.1111/1365-2435.70347RESEARCH,Functional Ecology,nutrition_diet,Y,Larvae provided fresh cuttings of Urtica dioica from allocated fertilization treatment; adults provided freshly picked flowers and water; feeding frequency implicit (fresh cuttings daily).
10-1111-1365-2435-70347research,10.1111/1365-2435.70347RESEARCH,Functional Ecology,env_housing,Y,"Rearing cages 70×90×100 cm; larvae in plastic containers (16×14×9 cm, 15 individuals each); photoperiod L16D8; temperature regimes 21°C/12°C and 24°C/16°C; substrate and complexity not detailed."
10-1111-1365-2435-70347research,10.1111/1365-2435.70347RESEARCH,Functional Ecology,env_acclimation,Y,Larvae reared from hatching under two temperature treatments until pupation/emergence (~2 months); heat tolerance tested 1–2 days post-emergence after brief lab acclimation (~30 min at 21°C).
10-1111-1365-2435-70347research,10.1111/1365-2435.70347RESEARCH,Functional Ecology,env_field,NA,Pure lab/greenhouse study; no field holding or trapping applied.
10-1111-1365-2435-70347research,10.1111/1365-2435.70347RESEARCH,Functional Ecology,health_monitoring,Y,Survival recorded (proportion of larvae producing adults); development time and growth rate monitored via weekly weighing; no disease screening mentioned.
10-1111-1365-2435-70347research,10.1111/1365-2435.70347RESEARCH,Functional Ecology,health_injury,N,"No explicit statement on injuries, mortality during rearing, or causes of death; survival rates given as proportions only."
10-1111-1365-2435-70347research,10.1111/1365-2435.70347RESEARCH,Functional Ecology,fate_end,N,Adults stored in freezer (-20°C) after testing; dried in incubator at 70°C for 24 h; no explicit killing method named before freezing.
10-1111-1365-2435-70347research,10.1111/1365-2435.70347RESEARCH,Functional Ecology,behaviour_general,Y,Heat tolerance tests measure behavioural stress response (rapid movement cessation); larvae provided with fresh plant material; refugia/enrichment not explicitly described.
10-1111-1365-2435-70347research,10.1111/1365-2435.70347RESEARCH,Functional Ecology,affect_indicators,Y,Heat tolerance measured as time to behavioural stress endpoint (rapid movement cessation) and knockdown; wet paper provided to prevent desiccation confounding during heat tests.
10-1111-1365-2435-70359research,10.1111/1365-2435.70359RESEARCH,Functional Ecology,_eligibility,Y,"Empirical study using live invertebrates (ants, Hymenoptera) in laboratory conditions with physiological measurements and cold-tolerance assays."
10-1111-1365-2435-70359research,10.1111/1365-2435.70359RESEARCH,Functional Ecology,subjects_taxon,Y,"Five ant species identified: Lasius niger, L. flavus, Formica fusca, Myrmica rubra, Leptothorax acervorum. Workers used; life stage and sex clearly specified."
10-1111-1365-2435-70359research,10.1111/1365-2435.70359RESEARCH,Functional Ecology,subjects_source,Y,"Colonies wild-collected around Aarhus University Campus, Denmark (approx. 56.16°N, 10.20°E) in summer 2021. Lab-reared thereafter."
10-1111-1365-2435-70359research,10.1111/1365-2435.70359RESEARCH,Functional Ecology,subjects_n,Y,Sample sizes per assay reported: CT_min N=10–30 workers per species×condition; LTe50 N=10–20 workers per temperature; metabolomics 5–10 workers pooled per replicate. Attrition not explicitly stated.
10-1111-1365-2435-70359research,10.1111/1365-2435.70359RESEARCH,Functional Ecology,proc_handling,Y,"Colonies transported to lab, housed in plastic boxes with test tubes. Workers placed individually in vials for thermal assays; gentle vial shaking used during CT_min measurement. No marking or tagging"
10-1111-1365-2435-70359research,10.1111/1365-2435.70359RESEARCH,Functional Ecology,proc_anaesthesia,NA,No invasive surgical procedures performed. Cold-tolerance assays involved controlled cooling; no anaesthesia or analgesia required or applicable.
10-1111-1365-2435-70359research,10.1111/1365-2435.70359RESEARCH,Functional Ecology,proc_biosecurity,Y,Fluon®-coated plastic boxes used for housing. Non-native species concerns not raised; disposal methods not explicitly mentioned but captive holding measures described.
10-1111-1365-2435-70359research,10.1111/1365-2435.70359RESEARCH,Functional Ecology,ethics_review,Y,Explicit statement: 'This study did not require ethical approval.' No permission needed for fieldwork at Aarhus University Campus.
10-1111-1365-2435-70359research,10.1111/1365-2435.70359RESEARCH,Functional Ecology,ethics_endpoints,N,No predefined humane endpoints stated. Cold-tolerance assays measured mortality after 24-h exposure; recovery period mentioned but no discussion of endpoint criteria or anticipated non-target impacts.
10-1111-1365-2435-70359research,10.1111/1365-2435.70359RESEARCH,Functional Ecology,ethics_statement,N,"No discussion of welfare considerations or the three Rs (Replacement, Reduction, Refinement) in relation to study design. Ethics approval statement is not equivalent to welfare reasoning."
10-1111-1365-2435-70359research,10.1111/1365-2435.70359RESEARCH,Functional Ecology,nutrition_diet,Y,During developmental phase: 'fed honey water and sliced mealworms twice a week.' Water provision via water-filled section in test tubes with moist cotton plug.
10-1111-1365-2435-70359research,10.1111/1365-2435.70359RESEARCH,Functional Ecology,env_housing,Y,"Plastic boxes with Fluon®-coated sides, 16×150 mm test tubes for nesting, water-filled section with moist cotton plug. Developmental phase: 12:12 light:dark, 26°C. Dormancy: 12:12 light:dark, 8°C for "
10-1111-1365-2435-70359research,10.1111/1365-2435.70359RESEARCH,Functional Ecology,env_acclimation,Y,Colonies moved from 26°C to 8°C for 4 months during dormancy phase. Acclimated subset moved from 26°C directly to 8°C for 10 days. Duration and conditions clearly specified.
10-1111-1365-2435-70359research,10.1111/1365-2435.70359RESEARCH,Functional Ecology,env_field,NA,No captive field holding or pure field study design; colonies collected wild but experiments conducted in laboratory.
10-1111-1365-2435-70359research,10.1111/1365-2435.70359RESEARCH,Functional Ecology,health_monitoring,Y,"Brood production and growth 'followed qualitatively on a continuous basis.' Colony dormancy onset characterized by absence of foraging, queen egg-laying, and larval development status monitored. Vials"
10-1111-1365-2435-70359research,10.1111/1365-2435.70359RESEARCH,Functional Ecology,health_injury,Y,Mortality data explicitly collected and reported as part of LTe50 measurements (temperature causing 50% mortality). Vials discarded if 'any signs of mortality were observed (e.g. due to formic acid re
10-1111-1365-2435-70359research,10.1111/1365-2435.70359RESEARCH,Functional Ecology,fate_end,Y,End-of-life method for thermal assays: 'vials were returned to room temperature...survival was scored after a 24 h recovery period (ants that were still able to move were considered alive).' Cold-expo
10-1111-1365-2435-70359research,10.1111/1365-2435.70359RESEARCH,Functional Ecology,behaviour_general,Y,Nest structure provided (test tubes with water and cotton plug). Grouping during colonization preserved. No enrichment explicitly mentioned; setup constrains natural foraging and nesting behaviours vi
10-1111-1365-2435-70359research,10.1111/1365-2435.70359RESEARCH,Functional Ecology,affect_indicators,Y,"Chill-coma onset (CT_min, loss of movement) used as indicator of stress response. Mortality (LTe50) as indicator of severe cold stress. No discussion of affective capacity uncertainty or precautionary"
10-1007-s00359-025-01762-5research,10.1007/s00359-025-01762-5RESEARCH,Journal of Comparative Physiology A,_eligibility,Y,"Empirical study using live hawkmoths (Daphnis nerii) for behavioral, neuroanatomical, and electrophysiological experiments."
10-1007-s00359-025-01762-5research,10.1007/s00359-025-01762-5RESEARCH,Journal of Comparative Physiology A,subjects_taxon,Y,"Oleander hawkmoths, Daphnis nerii; life stages specified (larvae, newly emerged adults, 1-day, 2-3 day old moths)."
10-1007-s00359-025-01762-5research,10.1007/s00359-025-01762-5RESEARCH,Journal of Comparative Physiology A,subjects_source,Y,"Lab colony bred at NCBS greenhouse facility in Bangalore, India; larvae fed on Nerium oleander leaves."
10-1007-s00359-025-01762-5research,10.1007/s00359-025-01762-5RESEARCH,Journal of Comparative Physiology A,subjects_n,Y,"Sample sizes reported for each experiment (e.g., n=8 for behavioral, n=5 for ablation, n=9 thermal, n=32 moths for EMG with 192 trials, 110 analyzed)."
10-1007-s00359-025-01762-5research,10.1007/s00359-025-01762-5RESEARCH,Journal of Comparative Physiology A,proc_handling,Y,Tethering via magnets affixed with cyanoacrylate glue; descaling; immobilization with dental wax; electrode insertion procedures detailed.
10-1007-s00359-025-01762-5research,10.1007/s00359-025-01762-5RESEARCH,Journal of Comparative Physiology A,proc_anaesthesia,Y,Cold anaesthesia at -23°C for 5-8 min used for EMG and dye-fill experiments; no analgesic agent mentioned but cold anaesthesia stated before invasive procedures.
10-1007-s00359-025-01762-5research,10.1007/s00359-025-01762-5RESEARCH,Journal of Comparative Physiology A,proc_biosecurity,NA,Native Indian species held at institutional facility; no non-native biosecurity concerns identified.
10-1007-s00359-025-01762-5research,10.1007/s00359-025-01762-5RESEARCH,Journal of Comparative Physiology A,ethics_review,N,"No mention of institutional ethics review, permit numbers, or regulatory approval."
10-1007-s00359-025-01762-5research,10.1007/s00359-025-01762-5RESEARCH,Journal of Comparative Physiology A,ethics_endpoints,N,No predefined humane endpoints stated; no discussion of anticipated welfare impacts from procedures.
10-1007-s00359-025-01762-5research,10.1007/s00359-025-01762-5RESEARCH,Journal of Comparative Physiology A,ethics_statement,N,"No explicit discussion of welfare considerations or the three Rs (Replacement, Reduction, Refinement) as informing study design."
10-1007-s00359-025-01762-5research,10.1007/s00359-025-01762-5RESEARCH,Journal of Comparative Physiology A,nutrition_diet,Y,Larvae fed fresh Nerium oleander leaves; adults fed ~33% sugar solution ad libitum; moths fed sugar water during dye-fill period.
10-1007-s00359-025-01762-5research,10.1007/s00359-025-01762-5RESEARCH,Journal of Comparative Physiology A,env_housing,Y,"Greenhouse facility at NCBS with controlled temperature and humidity; larvae allowed to pupate in netted container with sawdust; moths held in chambers, adapted to dark 30 min before experiments."
10-1007-s00359-025-01762-5research,10.1007/s00359-025-01762-5RESEARCH,Journal of Comparative Physiology A,env_acclimation,Y,"Dorsal-tethered moths adapted to dark for ≥30 min; ventral-tethered moths recovered 30 min post-magnet affixing, then adapted 15 min to tether."
10-1007-s00359-025-01762-5research,10.1007/s00359-025-01762-5RESEARCH,Journal of Comparative Physiology A,env_field,NA,Pure laboratory study; no field component.
10-1007-s00359-025-01762-5research,10.1007/s00359-025-01762-5RESEARCH,Journal of Comparative Physiology A,health_monitoring,N,"No mention of health checks, disease screening, or welfare monitoring frequency."
10-1007-s00359-025-01762-5research,10.1007/s00359-025-01762-5RESEARCH,Journal of Comparative Physiology A,health_injury,N,"No statement regarding injuries, unexpected deaths, or adverse effects from procedures."
10-1007-s00359-025-01762-5research,10.1007/s00359-025-01762-5RESEARCH,Journal of Comparative Physiology A,fate_end,Y,Moths fixed in 4% paraformaldehyde for 12-14 h for dye-fill experiments; SEM specimens fixed in 4% PFA for 8 h. Fate of remaining moths not explicitly stated.
10-1007-s00359-025-01762-5research,10.1007/s00359-025-01762-5RESEARCH,Journal of Comparative Physiology A,behaviour_general,Y,Study examined flight-initiation behavior; moths allowed to move with affixed magnets before tethering; described normal pre-flight shivering and voluntary flight initiation.
10-1007-s00359-025-01762-5research,10.1007/s00359-025-01762-5RESEARCH,Journal of Comparative Physiology A,affect_indicators,N,"No discussion of behavioral or physiological stress indicators, pain responses, or precautionary measures for uncertain affective capacity."
10-1007-s00359-025-01769-yresearch,10.1007/s00359-025-01769-yRESEARCH,Journal of Comparative Physiology A,_eligibility,Y,"Empirical study using live insects (Manduca sexta hawkmoths) including morphological, electrophysiological, gene expression, and behavioral experiments."
10-1007-s00359-025-01769-yresearch,10.1007/s00359-025-01769-yRESEARCH,Journal of Comparative Physiology A,subjects_taxon,Y,Manduca sexta (tobacco hawkmoth); males and females; day 3 post-eclosion adults.
10-1007-s00359-025-01769-yresearch,10.1007/s00359-025-01769-yRESEARCH,Journal of Comparative Physiology A,subjects_source,Y,Lab colony reared on artificial diet; founding stock and maintenance conditions detailed.
10-1007-s00359-025-01769-yresearch,10.1007/s00359-025-01769-yRESEARCH,Journal of Comparative Physiology A,subjects_n,Y,"Sample sizes given for morphometry (n=10 females, 10 males), gene expression (3 pools per group), wind tunnel (n=19-20 per group), mating (n=30-35 pairs)."
10-1007-s00359-025-01769-yresearch,10.1007/s00359-025-01769-yRESEARCH,Journal of Comparative Physiology A,proc_handling,Y,Handling during day of eclosion for epiphysectomy; fluorescent powder application; transport to wind tunnel with acclimation chamber.
10-1007-s00359-025-01769-yresearch,10.1007/s00359-025-01769-yRESEARCH,Journal of Comparative Physiology A,proc_anaesthesia,N,"Epiphysectomy and tissue dissection described, but no explicit anaesthesia, analgesia, or justification for omission stated."
10-1007-s00359-025-01769-yresearch,10.1007/s00359-025-01769-yRESEARCH,Journal of Comparative Physiology A,proc_biosecurity,NA,Manduca sexta is native pest species; no non-native risk or escape concern indicated.
10-1007-s00359-025-01769-yresearch,10.1007/s00359-025-01769-yRESEARCH,Journal of Comparative Physiology A,ethics_review,N,"No mention of institutional ethics review, permit, or welfare regulations."
10-1007-s00359-025-01769-yresearch,10.1007/s00359-025-01769-yRESEARCH,Journal of Comparative Physiology A,ethics_endpoints,N,No predefined humane endpoints or statement on anticipated non-target impacts.
10-1007-s00359-025-01769-yresearch,10.1007/s00359-025-01769-yRESEARCH,Journal of Comparative Physiology A,ethics_statement,N,No engagement with welfare considerations or the three Rs in study design.
10-1007-s00359-025-01769-yresearch,10.1007/s00359-025-01769-yRESEARCH,Journal of Comparative Physiology A,nutrition_diet,Y,Larvae reared on artificial diet (Grosse-Wilde et al. 2011); adults held in brown paper bags with no explicit feeding but flowers/plants provided during wind tunnel.
10-1007-s00359-025-01769-yresearch,10.1007/s00359-025-01769-yRESEARCH,Journal of Comparative Physiology A,env_housing,Y,"Climate chambers with 14-h/10-h light cycle at 26°C (larvae); 16-h/8-h at 25°C day, 24°C night (pupae); individual brown paper bags (17×26 cm) for adults; relative humidity 60% (day) and 70% (night)."
10-1007-s00359-025-01769-yresearch,10.1007/s00359-025-01769-yRESEARCH,Journal of Comparative Physiology A,env_acclimation,Y,Wind tunnel acclimation: moths placed in mesh cylinder in acclimation chamber 'at least 1 h' prior to experiments.
10-1007-s00359-025-01769-yresearch,10.1007/s00359-025-01769-yRESEARCH,Journal of Comparative Physiology A,env_field,NA,Pure laboratory study; no field work.
10-1007-s00359-025-01769-yresearch,10.1007/s00359-025-01769-yRESEARCH,Journal of Comparative Physiology A,health_monitoring,N,"No health monitoring, disease screening, or welfare checks reported."
10-1007-s00359-025-01769-yresearch,10.1007/s00359-025-01769-yRESEARCH,Journal of Comparative Physiology A,health_injury,N,"No statement on injuries, unexpected deaths, or mortality following epiphysectomy or other procedures."
10-1007-s00359-025-01769-yresearch,10.1007/s00359-025-01769-yRESEARCH,Journal of Comparative Physiology A,fate_end,Y,Antennal grooming test: moths placed in freezer for 2 days post-powder application. Implicit killing by freezing but no explicit end-of-study fate for other cohorts.
10-1007-s00359-025-01769-yresearch,10.1007/s00359-025-01769-yRESEARCH,Journal of Comparative Physiology A,behaviour_general,Y,Wind tunnel design mimics flight and foraging/oviposition behaviors; individual housing in paper bags; flower and plant provided in wind tunnel experiments; 3-minute observation periods.
10-1007-s00359-025-01769-yresearch,10.1007/s00359-025-01769-yRESEARCH,Journal of Comparative Physiology A,affect_indicators,N,"No assessment of stress, pain, or distress indicators; no discussion of precautionary measures for affective capacity."
10-1007-s00359-025-01771-4research,10.1007/s00359-025-01771-4RESEARCH,Journal of Comparative Physiology A,_eligibility,Y,Empirical study using live Bicyclus anynana butterflies (invertebrates) for transcriptomic analysis of learning and gene expression.
10-1007-s00359-025-01771-4research,10.1007/s00359-025-01771-4RESEARCH,Journal of Comparative Physiology A,subjects_taxon,Y,"Bicyclus anynana, females Day 0, males Day 3; identified by species name and life stage/sex specified."
10-1007-s00359-025-01771-4research,10.1007/s00359-025-01771-4RESEARCH,Journal of Comparative Physiology A,subjects_source,Y,Lab colony established 2017 at University of Arkansas from ~1000 eggs from National University of Singapore colony (founding stock and source provided).
10-1007-s00359-025-01771-4research,10.1007/s00359-025-01771-4RESEARCH,Journal of Comparative Physiology A,subjects_n,Y,"n=10 per treatment (naïve, positive training, negative training); total N=30. Justification provided: based on known 70% learning rate and variance in preference learning system."
10-1007-s00359-025-01771-4research,10.1007/s00359-025-01771-4RESEARCH,Journal of Comparative Physiology A,proc_handling,Y,Females isolated in individual cages (32×32×32 cm) during 1-hour exposure assays; age and size-matched; males marked with UV paint and nail polish; separated by opaque barriers.
10-1007-s00359-025-01771-4research,10.1007/s00359-025-01771-4RESEARCH,Journal of Comparative Physiology A,proc_anaesthesia,Y,Females decapitated with RNA-free scissors immediately after 1-hour training period. Method explicitly stated and justified for RNA preservation.
10-1007-s00359-025-01771-4research,10.1007/s00359-025-01771-4RESEARCH,Journal of Comparative Physiology A,proc_biosecurity,NA,B. anynana is a lab-reared native species (sub-Saharan African); no escape risk or non-native containment issues mentioned; NA for this context.
10-1007-s00359-025-01771-4research,10.1007/s00359-025-01771-4RESEARCH,Journal of Comparative Physiology A,ethics_review,Y,Study conducted under USDA-APHIS approved permit #P526P-20–00417 for greenhouse rearing; permit number explicitly provided.
10-1007-s00359-025-01771-4research,10.1007/s00359-025-01771-4RESEARCH,Journal of Comparative Physiology A,ethics_endpoints,N,No predefined humane endpoints reported; no discussion of anticipated non-target impacts or welfare monitoring criteria.
10-1007-s00359-025-01771-4research,10.1007/s00359-025-01771-4RESEARCH,Journal of Comparative Physiology A,ethics_statement,N,"Bare mention of APHIS permit in methods; no discussion of welfare considerations, 3Rs, or how study design refined animal use."
10-1007-s00359-025-01771-4research,10.1007/s00359-025-01771-4RESEARCH,Journal of Comparative Physiology A,nutrition_diet,Y,Larvae fed maize plants (Zea mays) ad libitum; adults fed bananas. Food sources specified.
10-1007-s00359-025-01771-4research,10.1007/s00359-025-01771-4RESEARCH,Journal of Comparative Physiology A,env_housing,Y,"Greenhouse maintained 27°C, 60–80% RH, 13:11 h light:dark, natural + UV lighting; individual cages 32×32×32 cm; white opaque barriers between cages."
10-1007-s00359-025-01771-4research,10.1007/s00359-025-01771-4RESEARCH,Journal of Comparative Physiology A,env_acclimation,Y,"Males marked Day 2, placed in cages 24 h prior to assays for recovery from wing manipulation before exposure."
10-1007-s00359-025-01771-4research,10.1007/s00359-025-01771-4RESEARCH,Journal of Comparative Physiology A,env_field,NA,Pure laboratory study; no field component.
10-1007-s00359-025-01771-4research,10.1007/s00359-025-01771-4RESEARCH,Journal of Comparative Physiology A,health_monitoring,N,"No methods or criteria for assessing physical condition, disease screening, or welfare checks during holding reported."
10-1007-s00359-025-01771-4research,10.1007/s00359-025-01771-4RESEARCH,Journal of Comparative Physiology A,health_injury,N,"No matings occurred during assays (verified by fluorescent powder tracking); silence on other injuries, stress indicators, or unexpected mortality."
10-1007-s00359-025-01771-4research,10.1007/s00359-025-01771-4RESEARCH,Journal of Comparative Physiology A,fate_end,Y,"Females decapitated with RNA-free scissors, immediately flash frozen in liquid nitrogen, stored at −80°C for RNA extraction. Specific killing method named and justified."
10-1007-s00359-025-01771-4research,10.1007/s00359-025-01771-4RESEARCH,Journal of Comparative Physiology A,behaviour_general,Y,Training scenarios involved social interaction with males (exposure assays); isolation (naïve control); opaque barriers prevented visual disturbance between treatments.
10-1007-s00359-025-01771-4research,10.1007/s00359-025-01771-4RESEARCH,Journal of Comparative Physiology A,affect_indicators,N,No behavioral or physiological stress indicators measured; no precautionary measures for affective capacity discussed despite learning and preference assays.
10-1007-s00359-025-01775-0research,10.1007/s00359-025-01775-0RESEARCH,Journal of Comparative Physiology A,_eligibility,Y,Empirical study using live Madeira cockroaches (Rhyparobia maderae) for intracellular neurophysiological recordings.
10-1007-s00359-025-01775-0research,10.1007/s00359-025-01775-0RESEARCH,Journal of Comparative Physiology A,subjects_taxon,Y,"Rhyparobia maderae (Madeira cockroach); adults of both sexes, mainly females."
10-1007-s00359-025-01775-0research,10.1007/s00359-025-01775-0RESEARCH,Journal of Comparative Physiology A,subjects_source,Y,"Lab colony at Department of Biology, University of Marburg; reared under 12:12 h day/night rhythm."
10-1007-s00359-025-01775-0research,10.1007/s00359-025-01775-0RESEARCH,Journal of Comparative Physiology A,subjects_n,Y,"33 intracellular recordings from neurons; 8 from optic lobe, 25 from central complex."
10-1007-s00359-025-01775-0research,10.1007/s00359-025-01775-0RESEARCH,Journal of Comparative Physiology A,proc_handling,Y,Animals taken from colony at end of light phase; mounted with head fixed using dental wax to metal holder.
10-1007-s00359-025-01775-0research,10.1007/s00359-025-01775-0RESEARCH,Journal of Comparative Physiology A,proc_anaesthesia,Y,CO2 and iced water for ≥1 h OR cold anaesthesia overnight at 4°C before head fixation and dissection.
10-1007-s00359-025-01775-0research,10.1007/s00359-025-01775-0RESEARCH,Journal of Comparative Physiology A,proc_biosecurity,NA,No non-native escape risk; laboratory species in contained colony setting.
10-1007-s00359-025-01775-0research,10.1007/s00359-025-01775-0RESEARCH,Journal of Comparative Physiology A,ethics_review,Y,All procedures performed according to European Union Directive 2010/63/EU and German Animal Welfare Act.
10-1007-s00359-025-01775-0research,10.1007/s00359-025-01775-0RESEARCH,Journal of Comparative Physiology A,ethics_endpoints,N,No predefined humane endpoints or anticipated non-target impacts mentioned.
10-1007-s00359-025-01775-0research,10.1007/s00359-025-01775-0RESEARCH,Journal of Comparative Physiology A,ethics_statement,N,"No explicit discussion of welfare considerations or three Rs (Replacement, Reduction, Refinement) in study design."
10-1007-s00359-025-01775-0research,10.1007/s00359-025-01775-0RESEARCH,Journal of Comparative Physiology A,nutrition_diet,N,"No information on diet, feeding frequency, or water provision for housed animals."
10-1007-s00359-025-01775-0research,10.1007/s00359-025-01775-0RESEARCH,Journal of Comparative Physiology A,env_housing,Y,Cockroaches kept in boxes at ~25°C under 12:12 h day/night rhythm in crowded colonies.
10-1007-s00359-025-01775-0research,10.1007/s00359-025-01775-0RESEARCH,Journal of Comparative Physiology A,env_acclimation,N,No acclimation period mentioned before experimental procedures.
10-1007-s00359-025-01775-0research,10.1007/s00359-025-01775-0RESEARCH,Journal of Comparative Physiology A,env_field,NA,Pure laboratory study; no field work.
10-1007-s00359-025-01775-0research,10.1007/s00359-025-01775-0RESEARCH,Journal of Comparative Physiology A,health_monitoring,N,"No welfare checks, health assessments, or disease screening reported."
10-1007-s00359-025-01775-0research,10.1007/s00359-025-01775-0RESEARCH,Journal of Comparative Physiology A,health_injury,N,"No mention of injuries, mortality, or unexpected deaths during the procedure."
10-1007-s00359-025-01775-0research,10.1007/s00359-025-01775-0RESEARCH,Journal of Comparative Physiology A,fate_end,Y,"Brains fixed overnight at 4°C in 4% paraformaldehyde, glutaraldehyde, and picric acid solution for histology."
10-1007-s00359-025-01775-0research,10.1007/s00359-025-01775-0RESEARCH,Journal of Comparative Physiology A,behaviour_general,N,Animals immobilized during recording; no discussion of enrichment or species-typical behaviour support.
10-1007-s00359-025-01775-0research,10.1007/s00359-025-01775-0RESEARCH,Journal of Comparative Physiology A,affect_indicators,N,No behavioural or physiological indicators of stress/pain monitored during procedures.
10-1007-s00359-025-01786-xresearch,10.1007/s00359-025-01786-xRESEARCH,Journal of Comparative Physiology A,_eligibility,Y,"Empirical study using live invertebrates (Bogong moths, Agrotis infusa) for morphological, optical, and molecular characterization of visual system."
10-1007-s00359-025-01786-xresearch,10.1007/s00359-025-01786-xRESEARCH,Journal of Comparative Physiology A,subjects_taxon,Y,"Agrotis infusa (Bogong moth), both sexes, adults in aestivating state and during migration."
10-1007-s00359-025-01786-xresearch,10.1007/s00359-025-01786-xRESEARCH,Journal of Comparative Physiology A,subjects_source,Y,"Wild-collected from alpine caves in Kosciuszko National Park, NSW, Australia (2015-2025) and during migration using light traps; locations and dates specified."
10-1007-s00359-025-01786-xresearch,10.1007/s00359-025-01786-xRESEARCH,Journal of Comparative Physiology A,subjects_n,Y,"Multiple moths used across experiments: e.g., light microscopy/SEM/TEM (collected 2015-2016); µCT (collected March 2025); RNA-seq (20 migratory, 20 aestivating); no attrition data given but sample siz"
10-1007-s00359-025-01786-xresearch,10.1007/s00359-025-01786-xRESEARCH,Journal of Comparative Physiology A,proc_handling,Y,Captured in alpine caves or with light traps; transported in cooled/crowded plastic containers to Sweden; immobilized by cooling to 4°C; decapitated for dissection; heads fixed in place.
10-1007-s00359-025-01786-xresearch,10.1007/s00359-025-01786-xRESEARCH,Journal of Comparative Physiology A,proc_anaesthesia,Y,"Cooling to 4°C used for immobilization before dissection/decapitation. No formal anaesthetic agent stated, but cooling is standard for invertebrate euthanasia; explicitly noted as immobilization metho"
10-1007-s00359-025-01786-xresearch,10.1007/s00359-025-01786-xRESEARCH,Journal of Comparative Physiology A,proc_biosecurity,NA,Native Australian species; no non-native risk or escape containment measures relevant.
10-1007-s00359-025-01786-xresearch,10.1007/s00359-025-01786-xRESEARCH,Journal of Comparative Physiology A,ethics_review,N,"No institutional ethics review, permit numbers, or explicit statement regarding ethics review and whether it was required."
10-1007-s00359-025-01786-xresearch,10.1007/s00359-025-01786-xRESEARCH,Journal of Comparative Physiology A,ethics_endpoints,N,No predefined humane endpoints or discussion of anticipated non-target impacts mentioned.
10-1007-s00359-025-01786-xresearch,10.1007/s00359-025-01786-xRESEARCH,Journal of Comparative Physiology A,ethics_statement,N,"No welfare statement or discussion of the three Rs (Replacement, Reduction, Refinement) in relation to study design."
10-1007-s00359-025-01786-xresearch,10.1007/s00359-025-01786-xRESEARCH,Journal of Comparative Physiology A,nutrition_diet,Y,"In Sweden, moths maintained in aestivation with free access to food solution (2% sugar, 2% honey, 0.2% ascorbic acid in water)."
10-1007-s00359-025-01786-xresearch,10.1007/s00359-025-01786-xRESEARCH,Journal of Comparative Physiology A,env_housing,Y,"In Lund: temperature-controlled incubator (I-30VL, cave-like conditions: 16h dim light at 10°C, 8h dark at 6°C) for up to six months. In Australia: cooled plastic containers simulating cave temperatur"
10-1007-s00359-025-01786-xresearch,10.1007/s00359-025-01786-xRESEARCH,Journal of Comparative Physiology A,env_acclimation,Y,Migratory moths held in crowded conditions to induce aestivation; in Lund kept 1-4 weeks in artificial cave conditions before dissection; aestivating moths maintained 1-6 months in incubator.
10-1007-s00359-025-01786-xresearch,10.1007/s00359-025-01786-xRESEARCH,Journal of Comparative Physiology A,env_field,Y,"Field sites: alpine caves and migration routes in Kosciuszko National Park, NSW (elevation 1250-1489m); moths collected during summer and spring; no trap design or checking frequency details for field"
10-1007-s00359-025-01786-xresearch,10.1007/s00359-025-01786-xRESEARCH,Journal of Comparative Physiology A,health_monitoring,Y,"Only moths with 'intact eye glow' used for dissections, indicating visual inspection criterion; no systematic health checks or disease screening reported."
10-1007-s00359-025-01786-xresearch,10.1007/s00359-025-01786-xRESEARCH,Journal of Comparative Physiology A,health_injury,N,"No mention of injuries, unexpected deaths, or any health events during holding or transport; silence on these aspects."
10-1007-s00359-025-01786-xresearch,10.1007/s00359-025-01786-xRESEARCH,Journal of Comparative Physiology A,fate_end,Y,"Specific killing methods stated: immobilized by cooling to 4°C, then decapitated; heads fixed in paraformaldehyde and glutaraldehyde; brains/tissues processed for histology, electron microscopy, or RN"
10-1007-s00359-025-01786-xresearch,10.1007/s00359-025-01786-xRESEARCH,Journal of Comparative Physiology A,behaviour_general,Y,"Crowded holding conditions in plastic containers to simulate aestivation; no mention of refugia, enrichment, or disturbance minimization; social grouping (crowded) explicitly used as experimental mani"
10-1007-s00359-025-01786-xresearch,10.1007/s00359-025-01786-xRESEARCH,Journal of Comparative Physiology A,affect_indicators,N,"No discussion of behavioral or physiological stress indicators, pain responses, or precautionary measures regarding affective capacity in moths."
10-1007-s00359-025-01787-wresearch,10.1007/s00359-025-01787-wRESEARCH,Journal of Comparative Physiology A,_eligibility,Y,Empirical study using live lepidopteran insects (15 species) and a caddisfly (outgroup) for brain morphology analysis via immunohistochemistry and 3D reconstruction.
10-1007-s00359-025-01787-wresearch,10.1007/s00359-025-01787-wRESEARCH,Journal of Comparative Physiology A,subjects_taxon,Y,"All 15 lepidopteran species and 1 trichopteran species identified at species level with scientific names; life stages (pupae, larvae, adults) and sex (mostly males, one species unknown sex) reported i"
10-1007-s00359-025-01787-wresearch,10.1007/s00359-025-01787-wRESEARCH,Journal of Comparative Physiology A,subjects_source,Y,"Origin documented: wild-collected (with location and collection method); lab-reared (with founding stock sources); commercial suppliers named (Neil West, Carolina Biological, Costa Rica Entomological "
10-1007-s00359-025-01787-wresearch,10.1007/s00359-025-01787-wRESEARCH,Journal of Comparative Physiology A,subjects_n,Y,"Sample sizes: 2–3 brains per species (except A. infusa with 6 samples); total n varies by species. Mix of lab-reared and wild-caught noted; origin correlated with phylogeny, limiting statistical contr"
10-1007-s00359-025-01787-wresearch,10.1007/s00359-025-01787-wRESEARCH,Journal of Comparative Physiology A,proc_handling,Y,"Capture methods detailed: light traps (lepiLED traps), collection from aestivation caves, wild-caught during emergence. Transport and holding conditions described (incubators, aquaria)."
10-1007-s00359-025-01787-wresearch,10.1007/s00359-025-01787-wRESEARCH,Journal of Comparative Physiology A,proc_anaesthesia,Y,Cold anaesthesia explicitly stated: 'Cold anesthetised animals were killed by severing the head from the thorax.' Method of killing specified.
10-1007-s00359-025-01787-wresearch,10.1007/s00359-025-01787-wRESEARCH,Journal of Comparative Physiology A,proc_biosecurity,NA,All species are native to their collection regions or established lab colonies; no non-native species requiring containment protocols.
10-1007-s00359-025-01787-wresearch,10.1007/s00359-025-01787-wRESEARCH,Journal of Comparative Physiology A,ethics_review,Y,"Bogong moths collected under Scientific Licence (NSW National Parks and Wildlife Service, no. SL100806). Other wild collections noted 'No collection permits were needed' for some species."
10-1007-s00359-025-01787-wresearch,10.1007/s00359-025-01787-wRESEARCH,Journal of Comparative Physiology A,ethics_endpoints,N,"No predefined humane endpoints or welfare-focused procedures mentioned. Killing method described, but no discussion of anticipated non-target impacts or welfare endpoints for field work."
10-1007-s00359-025-01787-wresearch,10.1007/s00359-025-01787-wRESEARCH,Journal of Comparative Physiology A,ethics_statement,N,"No explicit discussion of welfare considerations or the three Rs (Replacement, Reduction, Refinement) in relation to study design."
10-1007-s00359-025-01787-wresearch,10.1007/s00359-025-01787-wRESEARCH,Journal of Comparative Physiology A,nutrition_diet,Y,Diet and feeding documented: M. sexta reared on artificial diet; Monarch butterflies fed 10% sugar solution; B. anynana and V. cardui reared on thistles; hawkmoths fed sugar solution or allowed natura
10-1007-s00359-025-01787-wresearch,10.1007/s00359-025-01787-wRESEARCH,Journal of Comparative Physiology A,env_housing,Y,"Housing detailed: incubators (temperature, humidity, photoperiod); plastic cups for pupae; aquaria for caddisfly pupae (14–16°C, 16:8 h light:dark). Lab-reared populations housed with specified condit"
10-1007-s00359-025-01787-wresearch,10.1007/s00359-025-01787-wRESEARCH,Journal of Comparative Physiology A,env_acclimation,Y,Acclimation described: D. elpenor and M. stellatarum allowed to fly at least once after eclosion before dissection; Monarch butterflies transferred to different incubator conditions after eclosion.
10-1007-s00359-025-01787-wresearch,10.1007/s00359-025-01787-wRESEARCH,Journal of Comparative Physiology A,env_field,Y,"Field collection sites described: Lund (Sweden) for light traps; birch forest 15 km east of Lund; Kosciuszko National Park caves (NSW, Australia); stream near Sjöbo (Sweden); blackcurrant plantation n"
10-1007-s00359-025-01787-wresearch,10.1007/s00359-025-01787-wRESEARCH,Journal of Comparative Physiology A,health_monitoring,Y,"M. sexta: 'Only moths with fully extended wings, intact proboscis and antennae, and an overall healthy appearance were used for dissection.' General quality check documented."
10-1007-s00359-025-01787-wresearch,10.1007/s00359-025-01787-wRESEARCH,Journal of Comparative Physiology A,health_injury,N,"No explicit statement about injuries, mortality, or disease screening observed during rearing or holding. Silence on these outcomes."
10-1007-s00359-025-01787-wresearch,10.1007/s00359-025-01787-wRESEARCH,Journal of Comparative Physiology A,fate_end,Y,Killing method explicitly named: 'Cold anesthetised animals were killed by severing the head from the thorax.' Brains fixed in ZnFA fixative; tissue ultimately embedded in Permount or methylsalicylate
10-1007-s00359-025-01787-wresearch,10.1007/s00359-025-01787-wRESEARCH,Journal of Comparative Physiology A,behaviour_general,Y,Species housed under conditions supporting natural behaviours: photoperiod control; appropriate temperatures; flight opportunities in some cases ('allowed to fly at least once after eclosion'). No enr
10-1007-s00359-025-01787-wresearch,10.1007/s00359-025-01787-wRESEARCH,Journal of Comparative Physiology A,affect_indicators,N,"No discussion of behavioural or physiological stress indicators, pain or distress markers, or precautionary measures for assessing invertebrate affective capacity."
10-1007-s00359-026-01796-3research,10.1007/s00359-026-01796-3RESEARCH,Journal of Comparative Physiology A,_eligibility,Y,Empirical study using live adult bushcrickets (Mecopoda elongata) for neurophysiological recordings.
10-1007-s00359-026-01796-3research,10.1007/s00359-026-01796-3RESEARCH,Journal of Comparative Physiology A,subjects_taxon,Y,"Species identified as Mecopoda elongata (Insecta, Orthoptera, Tettigoniidae); both males and females; adults used."
10-1007-s00359-026-01796-3research,10.1007/s00359-026-01796-3RESEARCH,Journal of Comparative Physiology A,subjects_source,N,"No information on origin (wild-collected, lab colony, or commercial source) of bushcrickets."
10-1007-s00359-026-01796-3research,10.1007/s00359-026-01796-3RESEARCH,Journal of Comparative Physiology A,subjects_n,Y,"16 animals for neuronal recording (10 female, 6 male); 12 additional animals (6 female, 6 male) for sound-level study."
10-1007-s00359-026-01796-3research,10.1007/s00359-026-01796-3RESEARCH,Journal of Comparative Physiology A,proc_handling,Y,"Animals briefly anesthetized with CO2 for surgery; wings, hind- and middle legs removed; immobilized in petri dish with Plasticine."
10-1007-s00359-026-01796-3research,10.1007/s00359-026-01796-3RESEARCH,Journal of Comparative Physiology A,proc_anaesthesia,Y,CO2 anaesthesia used for surgery; no analgesia mentioned but invasive procedure (leg removal) described with anaesthesia.
10-1007-s00359-026-01796-3research,10.1007/s00359-026-01796-3RESEARCH,Journal of Comparative Physiology A,proc_biosecurity,N,No mention of escape prevention or disposal of contaminated material; species is native/tropical but no biosecurity measures stated.
10-1007-s00359-026-01796-3research,10.1007/s00359-026-01796-3RESEARCH,Journal of Comparative Physiology A,ethics_review,Y,States 'All aspects of the research complied with protocols according to the legal requirements in Germany.'
10-1007-s00359-026-01796-3research,10.1007/s00359-026-01796-3RESEARCH,Journal of Comparative Physiology A,ethics_endpoints,N,No predefined humane endpoints or expected harm/mortality documented; no mention of anticipated impacts.
10-1007-s00359-026-01796-3research,10.1007/s00359-026-01796-3RESEARCH,Journal of Comparative Physiology A,ethics_statement,N,"No discussion of welfare considerations or the three Rs (Replacement, Reduction, Refinement) informing study design."
10-1007-s00359-026-01796-3research,10.1007/s00359-026-01796-3RESEARCH,Journal of Comparative Physiology A,nutrition_diet,N,"No information on diet, feeding, or water provision during the study."
10-1007-s00359-026-01796-3research,10.1007/s00359-026-01796-3RESEARCH,Journal of Comparative Physiology A,env_housing,Y,Animals held at constant 24°C ± 1°C and ~60% ± 5% humidity; kept under described conditions during experiments.
10-1007-s00359-026-01796-3research,10.1007/s00359-026-01796-3RESEARCH,Journal of Comparative Physiology A,env_acclimation,N,No mention of acclimation period before procedures.
10-1007-s00359-026-01796-3research,10.1007/s00359-026-01796-3RESEARCH,Journal of Comparative Physiology A,env_field,NA,Pure laboratory study; no field work or wild-caught animals used during experiments.
10-1007-s00359-026-01796-3research,10.1007/s00359-026-01796-3RESEARCH,Journal of Comparative Physiology A,health_monitoring,N,"No methods for assessing physical condition, disease screening, or welfare checks documented."
10-1007-s00359-026-01796-3research,10.1007/s00359-026-01796-3RESEARCH,Journal of Comparative Physiology A,health_injury,N,"No mention of injuries, mortality, or unexpected deaths; silence on these events."
10-1007-s00359-026-01796-3research,10.1007/s00359-026-01796-3RESEARCH,Journal of Comparative Physiology A,fate_end,N,No explicit statement of how animals were killed at end of study; one leg was severed during experiment but final fate not described.
10-1007-s00359-026-01796-3research,10.1007/s00359-026-01796-3RESEARCH,Journal of Comparative Physiology A,behaviour_general,N,"No mention of enrichment, refugia, disturbance minimization, or support for species-typical behaviour during housing."
10-1007-s00359-026-01796-3research,10.1007/s00359-026-01796-3RESEARCH,Journal of Comparative Physiology A,affect_indicators,N,"No assessment of stress, pain, or distress indicators; no precautionary measures mentioned for affective capacity."
10-1007-s00359-026-01799-0research,10.1007/s00359-026-01799-0RESEARCH,Journal of Comparative Physiology A,_eligibility,Y,Empirical study using live Drosophila melanogaster larvae and parasitic wasps (Leptopilina spp.) in controlled laboratory experiments.
10-1007-s00359-026-01799-0research,10.1007/s00359-026-01799-0RESEARCH,Journal of Comparative Physiology A,subjects_taxon,Y,D. melanogaster CantonS and GMRhid (blind) strains; Leptopilina boulardi and L. heterotoma wasps; larvae at L2 and L3 instar stages identified.
10-1007-s00359-026-01799-0research,10.1007/s00359-026-01799-0RESEARCH,Journal of Comparative Physiology A,subjects_source,Y,Flies from Caltech (Ed Lewis) and Bloomington Stock Center (#5771); wasps from U. Indiana (Drs. Tracey and Borjon); lab colony with founding sources stated.
10-1007-s00359-026-01799-0research,10.1007/s00359-026-01799-0RESEARCH,Journal of Comparative Physiology A,subjects_n,Y,Sample sizes reported: ~50 adult flies for egg production; ~100 L2 larvae per vial; 10 wasps (5M/5F) in infectivity assays; 4+ vials per measure stated; attrition not explicitly detailed.
10-1007-s00359-026-01799-0research,10.1007/s00359-026-01799-0RESEARCH,Journal of Comparative Physiology A,proc_handling,Y,Larvae and wasps maintained in standard vials and 25 mm vials; ~50 adult flies transferred to egg cups; wasps passaged between vials every ~3 weeks; CO2 knockout used for sorting.
10-1007-s00359-026-01799-0research,10.1007/s00359-026-01799-0RESEARCH,Journal of Comparative Physiology A,proc_anaesthesia,Y,CO2 anaesthesia stated for adult fly and wasp sorting ('knocked out with CO2'); no invasive procedures on larvae; anaesthesia appropriately applied where needed.
10-1007-s00359-026-01799-0research,10.1007/s00359-026-01799-0RESEARCH,Journal of Comparative Physiology A,proc_biosecurity,NA,"All organisms (D. melanogaster, Leptopilina spp.) are common lab species; no non-native risk mentioned; captive holding in standard vials poses minimal escape risk."
10-1007-s00359-026-01799-0research,10.1007/s00359-026-01799-0RESEARCH,Journal of Comparative Physiology A,ethics_review,N,"No institutional ethics review, permit numbers, or explicit statement that review was not required reported."
10-1007-s00359-026-01799-0research,10.1007/s00359-026-01799-0RESEARCH,Journal of Comparative Physiology A,ethics_endpoints,N,No predefined humane endpoints mentioned; no discussion of anticipated or observed non-target impacts; no mitigation of welfare concerns described.
10-1007-s00359-026-01799-0research,10.1007/s00359-026-01799-0RESEARCH,Journal of Comparative Physiology A,ethics_statement,N,"No statement engaging with welfare considerations or the three Rs (Replacement, Reduction, Refinement) in study design."
10-1007-s00359-026-01799-0research,10.1007/s00359-026-01799-0RESEARCH,Journal of Comparative Physiology A,nutrition_diet,Y,"Standard Caltech food vials specified (molasses, H2O, agar, corn meal, baker's yeast, Tegosept, propionic acid); Karo-syrup stated as wasp food; no fasting details provided."
10-1007-s00359-026-01799-0research,10.1007/s00359-026-01799-0RESEARCH,Journal of Comparative Physiology A,env_housing,Y,"Standard vials and 25 mm vials with Flug-style stoppers; 2D cluster assays with glass slides and artificial medium (1% agar, 2% starch, 2% yeast); temperature 24°C, 30% humidity; dark vs. light condit"
10-1007-s00359-026-01799-0research,10.1007/s00359-026-01799-0RESEARCH,Journal of Comparative Physiology A,env_acclimation,Y,L2 larvae allowed to form clusters 3 days after vial introduction; infected larvae measured at day 3 of L3 stage (maximal clustering achieved); implicit acclimation periods stated.
10-1007-s00359-026-01799-0research,10.1007/s00359-026-01799-0RESEARCH,Journal of Comparative Physiology A,env_field,NA,Pure laboratory study; no field work or field site conditions.
10-1007-s00359-026-01799-0research,10.1007/s00359-026-01799-0RESEARCH,Journal of Comparative Physiology A,health_monitoring,Y,Wasp mortality counted daily; wasp and larval health monitored through video recording and visual inspection; infection status confirmed by wasp emergence counts; no explicit disease screening.
10-1007-s00359-026-01799-0research,10.1007/s00359-026-01799-0RESEARCH,Journal of Comparative Physiology A,health_injury,Y,Wasp deaths extensively documented (dead wasps seen as layer of carcasses in food); infected larval mortality measured; pupal loss tracked; no injuries to larvae explicitly discussed but implicitly mo
10-1007-s00359-026-01799-0research,10.1007/s00359-026-01799-0RESEARCH,Journal of Comparative Physiology A,fate_end,N,No explicit statement of killing method for larvae or wasps at end of study; wasp emergence counted but larvae fate at study end not described; insufficient specificity on terminal procedures.
10-1007-s00359-026-01799-0research,10.1007/s00359-026-01799-0RESEARCH,Journal of Comparative Physiology A,behaviour_general,Y,"Clustering behavior, digging, synchronization, coordination measured; food substrate provided for natural foraging; dark conditions tested; vision-dependent behavior examined; social grouping manipula"
10-1007-s00359-026-01799-0research,10.1007/s00359-026-01799-0RESEARCH,Journal of Comparative Physiology A,affect_indicators,Y,"Behavioral changes in infected larvae tracked (disorganized clusters, reduced coordination, prolonged cluster residence); wasp evasive maneuvers and retreat movements observed; stress-like responses i"
10-1007-s00359-026-01815-3research,10.1007/s00359-026-01815-3RESEARCH,Journal of Comparative Physiology A,_eligibility,Y,"Empirical study using live adult and larval black soldier flies (Hermetia illucens, Diptera) for behavioral, morphological, and biomechanical experiments."
10-1007-s00359-026-01815-3research,10.1007/s00359-026-01815-3RESEARCH,Journal of Comparative Physiology A,subjects_taxon,Y,"Hermetia illucens (black soldier fly), Diptera: Stratiomyidae; adults and larvae used; sexes identified; life stages specified (pupae, newly emerged, 2-4 day old virgin adults)."
10-1007-s00359-026-01815-3research,10.1007/s00359-026-01815-3RESEARCH,Journal of Comparative Physiology A,subjects_source,Y,"BSF pupae obtained from BugsLife srl. (Via Cantone 5, 06031 Bevagna (PG), Italy); lab colony derived from commercial supplier with supplier name and address provided."
10-1007-s00359-026-01815-3research,10.1007/s00359-026-01815-3RESEARCH,Journal of Comparative Physiology A,subjects_n,Y,"Behavioral experiments: 9 video sequences analyzed (from 22 obtained); cryo-SEM: 3 males, 3 females; friction force: 10 males, 10 females for roughness (5 reps each); 10 males, 12 females for hydropho"
10-1007-s00359-026-01815-3research,10.1007/s00359-026-01815-3RESEARCH,Journal of Comparative Physiology A,proc_handling,Y,Insects introduced in cage using Falcon 15 ml tube; males marked with white acrylic pens on thorax for visualization; virgin insects sexed immediately after emergence and kept separate 2-4 days before
10-1007-s00359-026-01815-3research,10.1007/s00359-026-01815-3RESEARCH,Journal of Comparative Physiology A,proc_anaesthesia,Y,For centrifugal force experiments: 'Experimental insects were anaesthetized with carbon dioxide for 60 s and were rendered incapable of flight by carefully cutting their wings. Before starting experim
10-1007-s00359-026-01815-3research,10.1007/s00359-026-01815-3RESEARCH,Journal of Comparative Physiology A,proc_biosecurity,N,No mention of escape prevention measures or disposal protocols for captive-held non-native (or potentially invasive) insects.
10-1007-s00359-026-01815-3research,10.1007/s00359-026-01815-3RESEARCH,Journal of Comparative Physiology A,ethics_review,N,"No institutional ethics review, permit numbers, or explicit statement that none was required reported."
10-1007-s00359-026-01815-3research,10.1007/s00359-026-01815-3RESEARCH,Journal of Comparative Physiology A,ethics_endpoints,N,No predefined humane endpoints or discussion of anticipated non-target impacts; behavioral observations do not include documented injury or distress criteria.
10-1007-s00359-026-01815-3research,10.1007/s00359-026-01815-3RESEARCH,Journal of Comparative Physiology A,ethics_statement,N,"No discussion of welfare considerations or the three Rs (Replacement, Reduction, Refinement) relative to study design; no welfare reasoning provided."
10-1007-s00359-026-01815-3research,10.1007/s00359-026-01815-3RESEARCH,Journal of Comparative Physiology A,nutrition_diet,Y,"Adults provided water and crystallized sucrose; Vicia faba seedlings included to maintain humidity; larvae fed Gainesville diet (50% wheat bran, 30% alfalfa meal, 20% corn, diluted with water at 125 c"
10-1007-s00359-026-01815-3research,10.1007/s00359-026-01815-3RESEARCH,Journal of Comparative Physiology A,env_housing,Y,Rearing cage: 50×50×50 cm wooden structure with transparent Plexiglas lid; behavioral cage: 45.5×24.5×35.0 cm transparent Plexiglas with filter paper side; glass cylinder 9 cm diameter × 6 cm height. 
10-1007-s00359-026-01815-3research,10.1007/s00359-026-01815-3RESEARCH,Journal of Comparative Physiology A,env_acclimation,Y,Virgin insects kept in separate cages for 2-4 days prior to behavioral experiments; no formal acclimation period specified for rearing conditions before behavioral testing.
10-1007-s00359-026-01815-3research,10.1007/s00359-026-01815-3RESEARCH,Journal of Comparative Physiology A,env_field,NA,Pure laboratory study; no field collection or field-based procedures performed.
10-1007-s00359-026-01815-3research,10.1007/s00359-026-01815-3RESEARCH,Journal of Comparative Physiology A,health_monitoring,N,"No methods described for assessing physical condition, disease/parasite screening, or frequency of welfare checks during rearing or holding."
10-1007-s00359-026-01815-3research,10.1007/s00359-026-01815-3RESEARCH,Journal of Comparative Physiology A,health_injury,N,"No explicit statement on injuries, unexpected deaths, or morbidity during rearing or experimental procedures; silence on these outcomes."
10-1007-s00359-026-01815-3research,10.1007/s00359-026-01815-3RESEARCH,Journal of Comparative Physiology A,fate_end,N,No specific method of killing or final fate of insects stated; wing-cutting mentioned for force experiments but ultimate disposition of experimental insects not described.
10-1007-s00359-026-01815-3research,10.1007/s00359-026-01815-3RESEARCH,Journal of Comparative Physiology A,behaviour_general,Y,Setup described to support mating: BSF breeding lamp used to stimulate mating; internal cage walls lined with aluminum foil to increase light refraction; females and males mixed to observe natural beh
10-1007-s00359-026-01815-3research,10.1007/s00359-026-01815-3RESEARCH,Journal of Comparative Physiology A,affect_indicators,N,"No behavioral or physiological indicators of stress, pain, or distress documented; no precautionary measures adopted regarding affective capacity of flies during handling, anaesthesia, or wing-cutting"
10-1007-s00359-026-01832-2research,10.1007/s00359-026-01832-2RESEARCH,Journal of Comparative Physiology A,_eligibility,Y,Empirical study using live whip spiders (Phrynus marginemaculatus) for behavioral and immunohistochemical experiments involving pharmacological manipulation and learning tasks.
10-1007-s00359-026-01832-2research,10.1007/s00359-026-01832-2RESEARCH,Journal of Comparative Physiology A,subjects_taxon,Y,"Phrynus marginemaculatus (whip spider, Amblypygi, Arachnida); adult life stage; sex noted (e.g., 'seven females and three males')."
10-1007-s00359-026-01832-2research,10.1007/s00359-026-01832-2RESEARCH,Journal of Comparative Physiology A,subjects_source,Y,"Wild-collected from National Key Deer Refuge, Florida with U.S. Fish and Wildlife Service permit numbers; or purchased from arachnid collector Sam Floyd of Xeric Bayou."
10-1007-s00359-026-01832-2research,10.1007/s00359-026-01832-2RESEARCH,Journal of Comparative Physiology A,subjects_n,Y,"n=78 total; n=25 for immunohistochemistry; n=20 per serotonin experiment (10 control, 10 treated); n=20 per dopamine experiment. Attrition documented: 12 subjects failed participation protocol; 4 inje"
10-1007-s00359-026-01832-2research,10.1007/s00359-026-01832-2RESEARCH,Journal of Comparative Physiology A,proc_handling,Y,"Subjects housed individually in containers; transport and handling for behavioral trials described (moved with paintbrush, placed in start box); restraint method for injection documented (Parafilm pin"
10-1007-s00359-026-01832-2research,10.1007/s00359-026-01832-2RESEARCH,Journal of Comparative Physiology A,proc_anaesthesia,Y,"Immunohistochemistry: 'cold anesthetized' before CNS removal. Behavioral injections: restrained using Parafilm/Styrofoam; no explicit anesthesia stated for microinjection itself, but cold anaesthesia "
10-1007-s00359-026-01832-2research,10.1007/s00359-026-01832-2RESEARCH,Journal of Comparative Physiology A,proc_biosecurity,NA,Whip spiders are native to Florida (wild-collected from refuge); no non-native risk documented; lab housing contained in sealed containers.
10-1007-s00359-026-01832-2research,10.1007/s00359-026-01832-2RESEARCH,Journal of Comparative Physiology A,ethics_review,Y,Adhered to ASAB/ABS Guidelines; subjects collected with U.S. Fish and Wildlife Service permits (four permit numbers listed); no institutional ethics approval number explicitly stated but regulatory pe
10-1007-s00359-026-01832-2research,10.1007/s00359-026-01832-2RESEARCH,Journal of Comparative Physiology A,ethics_endpoints,N,No predefined humane endpoints or criteria for stopping experiments documented; no discussion of anticipated non-target impacts for wild collection or laboratory procedures.
10-1007-s00359-026-01832-2research,10.1007/s00359-026-01832-2RESEARCH,Journal of Comparative Physiology A,ethics_statement,Y,"Discussion of welfare: 'The physical damage produced by the microinjection procedure was temporary, as amblypygids molt regularly as adults to repair damage to their carapace.'"
10-1007-s00359-026-01832-2research,10.1007/s00359-026-01832-2RESEARCH,Journal of Comparative Physiology A,nutrition_diet,Y,Diet: 6–8 mm crickets fed once weekly; water/humidity: misted daily; ambient humidity 50–60%; no fasting period documented.
10-1007-s00359-026-01832-2research,10.1007/s00359-026-01832-2RESEARCH,Journal of Comparative Physiology A,env_housing,Y,"Individual plastic deli containers (17.1 cm diameter, 10.8 cm height) with coconut fiber substrate, Styrofoam shelter; temperature 26–28°C; 12:12 light:dark cycle (19:00–7:00 dark); behavioral arena d"
10-1007-s00359-026-01832-2research,10.1007/s00359-026-01832-2RESEARCH,Journal of Comparative Physiology A,env_acclimation,N,No acclimation period before experiments documented; subjects moved directly from housing to behavioral testing.
10-1007-s00359-026-01832-2research,10.1007/s00359-026-01832-2RESEARCH,Journal of Comparative Physiology A,env_field,NA,"Pure laboratory study; only field data is source location (National Key Deer Refuge, Florida) for wild-collected animals, not a field behavioral study."
10-1007-s00359-026-01832-2research,10.1007/s00359-026-01832-2RESEARCH,Journal of Comparative Physiology A,health_monitoring,Y,"Post-injection monitoring documented: 'Subjects were visually monitored for impaired righting behavior, prolonged immobility, impaired coordination, or inability to locomote normally within the arena "
10-1007-s00359-026-01832-2research,10.1007/s00359-026-01832-2RESEARCH,Journal of Comparative Physiology A,health_injury,Y,Injection fatalities documented: serotonin experiment 16.6% (4 of ~24 subjects); dopamine experiment 4.8% (1 of ~21 subjects); cause attributed to 'injection protocol.' No other injuries or unexpected
10-1007-s00359-026-01832-2research,10.1007/s00359-026-01832-2RESEARCH,Journal of Comparative Physiology A,fate_end,N,Immunohistochemistry cohort: fixed in 4% paraformaldehyde and processed for sectioning; behavioral cohort: no explicit statement of euthanasia method or final disposition at study end.
10-1007-s00359-026-01832-2research,10.1007/s00359-026-01832-2RESEARCH,Journal of Comparative Physiology A,behaviour_general,Y,Setup supports species-typical behavior: nocturnal testing during sleep cycle; dark shelters as refugia; light motivation to drive shelter-seeking; antenniform leg function preserved; no evidence of d
10-1007-s00359-026-01832-2research,10.1007/s00359-026-01832-2RESEARCH,Journal of Comparative Physiology A,affect_indicators,Y,Locomotor activity measured (side-switching) as proxy for gross impairment; antagonist concentrations chosen to avoid detectable locomotor side effects per pilot studies; no pain/distress indicators a
10-1242-jeb-250861researcharticle,10.1242/jeb.250861RESEARCHARTICLE,Journal of Experimental Biology,_eligibility,Y,Empirical study using live invertebrate insects (Ceratitis capitata and C. rosa fruit flies) throughout experimental procedures.
10-1242-jeb-250861researcharticle,10.1242/jeb.250861RESEARCHARTICLE,Journal of Experimental Biology,subjects_taxon,Y,Ceratitis capitata and C. rosa identified to species; F2 generation males and females; 5 days old at measurement.
10-1242-jeb-250861researcharticle,10.1242/jeb.250861RESEARCHARTICLE,Journal of Experimental Biology,subjects_source,Y,Wild-collected from infested fruit in Stellenbosch and Nelspruit areas of South Africa; used to establish laboratory cultures.
10-1242-jeb-250861researcharticle,10.1242/jeb.250861RESEARCHARTICLE,Journal of Experimental Biology,subjects_n,Y,Ten 5-day-old flies per sex per species per treatment per time point; three sampling intervals; total n=7 flies tested per channel; three individuals weighed separately.
10-1242-jeb-250861researcharticle,10.1242/jeb.250861RESEARCHARTICLE,Journal of Experimental Biology,proc_handling,Y,Flies reared under standard laboratory conditions; all food and water removed 2h prior to measurements; handled and weighed individually.
10-1242-jeb-250861researcharticle,10.1242/jeb.250861RESEARCHARTICLE,Journal of Experimental Biology,proc_anaesthesia,NA,No invasive surgical procedures performed; no anaesthesia required.
10-1242-jeb-250861researcharticle,10.1242/jeb.250861RESEARCHARTICLE,Journal of Experimental Biology,proc_biosecurity,Y,Laboratory-reared flies in controlled conditions; non-native species held in secure culture systems with controlled environmental conditions.
10-1242-jeb-250861researcharticle,10.1242/jeb.250861RESEARCHARTICLE,Journal of Experimental Biology,ethics_review,N,"No mention of institutional ethics review, permit numbers, or conservation status statement."
10-1242-jeb-250861researcharticle,10.1242/jeb.250861RESEARCHARTICLE,Journal of Experimental Biology,ethics_endpoints,Y,"Predefined sampling intervals at 100%, 90%, and post-90% survival timepoints; desiccation durations based on published survival estimates."
10-1242-jeb-250861researcharticle,10.1242/jeb.250861RESEARCHARTICLE,Journal of Experimental Biology,ethics_statement,N,No discussion of welfare considerations or the three Rs; no explicit statement engaging with welfare reasoning.
10-1242-jeb-250861researcharticle,10.1242/jeb.250861RESEARCHARTICLE,Journal of Experimental Biology,nutrition_diet,Y,"Larval diets enriched with 13C tracers (glucose, palmitic acid, leucine) at 2.0 g/l; all food/water removed 2h prior to measurements."
10-1242-jeb-250861researcharticle,10.1242/jeb.250861RESEARCHARTICLE,Journal of Experimental Biology,env_housing,Y,"Laboratory rearing under benign conditions (25°C, 76% RH); respirometry chambers (5 ml); desiccation chambers; temperature and humidity specified."
10-1242-jeb-250861researcharticle,10.1242/jeb.250861RESEARCHARTICLE,Journal of Experimental Biology,env_acclimation,Y,Flies reared to F2 generation and measured at 5 days old under standard benign laboratory conditions before experimental treatments.
10-1242-jeb-250861researcharticle,10.1242/jeb.250861RESEARCHARTICLE,Journal of Experimental Biology,env_field,NA,Pure laboratory study; no field component.
10-1242-jeb-250861researcharticle,10.1242/jeb.250861RESEARCHARTICLE,Journal of Experimental Biology,health_monitoring,Y,Flies weighed individually; body composition analyzed; survival times monitored (90% and 50% survival timepoints documented).
10-1242-jeb-250861researcharticle,10.1242/jeb.250861RESEARCHARTICLE,Journal of Experimental Biology,health_injury,N,"No statement regarding injuries, mortality, or health events during the study; silence on these outcomes."
10-1242-jeb-250861researcharticle,10.1242/jeb.250861RESEARCHARTICLE,Journal of Experimental Biology,fate_end,Y,Flies flash-frozen in liquid nitrogen and stored at −80°C for biochemical analysis after final respirometry.
10-1242-jeb-250861researcharticle,10.1242/jeb.250861RESEARCHARTICLE,Journal of Experimental Biology,behaviour_general,Y,Activity detector used to identify resting/active periods; natural light excluded to keep flies quiescent in chambers.
10-1242-jeb-250861researcharticle,10.1242/jeb.250861RESEARCHARTICLE,Journal of Experimental Biology,affect_indicators,N,"No discussion of behavioral or physiological indicators of stress, pain, or distress; no precautionary measures for affective capacity uncertainty mentioned."
10-1242-jeb-251126researcharticle,10.1242/jeb.251126RESEARCHARTICLE,Journal of Experimental Biology,_eligibility,Y,Empirical study using live Bombus impatiens bumblebees in behavioral experiments.
10-1242-jeb-251126researcharticle,10.1242/jeb.251126RESEARCHARTICLE,Journal of Experimental Biology,subjects_taxon,Y,Bombus impatiens Cresson 1863; life stage (workers) implicit from active foraging; sex not specified.
10-1242-jeb-251126researcharticle,10.1242/jeb.251126RESEARCHARTICLE,Journal of Experimental Biology,subjects_source,Y,Lab colonies from Koppert Biological Systems or BioBest between 2018 and 2023; commercial suppliers named.
10-1242-jeb-251126researcharticle,10.1242/jeb.251126RESEARCHARTICLE,Journal of Experimental Biology,subjects_n,Y,"13 colonies total; 318 bees tested in FMPER; 181 bees in wind tunnel; attrition documented (33 excluded for no-choice, 9 did not complete, 39 experimenter error, 7 wind tunnel experimenter error, 12 i"
10-1242-jeb-251126researcharticle,10.1242/jeb.251126RESEARCHARTICLE,Journal of Experimental Biology,proc_handling,Y,"Bees actively selected from colonies, placed in screen-backed vials; handling for FMPER and wind tunnel detailed; all tested bees tagged post-experiment to prevent re-testing."
10-1242-jeb-251126researcharticle,10.1242/jeb.251126RESEARCHARTICLE,Journal of Experimental Biology,proc_anaesthesia,NA,No invasive surgical procedures; only non-invasive behavioral testing and marking.
10-1242-jeb-251126researcharticle,10.1242/jeb.251126RESEARCHARTICLE,Journal of Experimental Biology,proc_biosecurity,N,No mention of measures against escape or disposal of contaminated material; Bombus impatiens is native to North America but study conducted in US institutions.
10-1242-jeb-251126researcharticle,10.1242/jeb.251126RESEARCHARTICLE,Journal of Experimental Biology,ethics_review,Y,"Explicitly states: 'Research on insects does not require approval by IACUC in the USA; thus, no formalized ethical approval is available for this study.'"
10-1242-jeb-251126researcharticle,10.1242/jeb.251126RESEARCHARTICLE,Journal of Experimental Biology,ethics_endpoints,N,No predefined humane endpoints mentioned; no anticipated or observed non-target impacts discussed.
10-1242-jeb-251126researcharticle,10.1242/jeb.251126RESEARCHARTICLE,Journal of Experimental Biology,ethics_statement,Y,States lab 'adheres to the 3Rs laid out by Crump et al. (2023)'; explains that marking and return to colony maintains colony workforce while preventing re-testing.
10-1242-jeb-251126researcharticle,10.1242/jeb.251126RESEARCHARTICLE,Journal of Experimental Biology,nutrition_diet,Y,Ad libitum pollen access throughout; FMPER colonies had ad libitum 30% sucrose; wind tunnel colonies restricted to 2–3 h daily feeding window; conditioning used 50% sucrose drops.
10-1242-jeb-251126researcharticle,10.1242/jeb.251126RESEARCHARTICLE,Journal of Experimental Biology,env_housing,Y,"Colonies maintained at 24–29°C via seedling heat map with thermostat; wind tunnel dimensions (1.7m × 0.5m × 0.47m) with white corrugated plastic walls, transparent Plexiglas ceiling, green tape cues; "
10-1242-jeb-251126researcharticle,10.1242/jeb.251126RESEARCHARTICLE,Journal of Experimental Biology,env_acclimation,Y,FMPER: bees acclimated 2 h in vials before testing; wind tunnel: bees heated 15–40 min on seedling heating mat (27–28°C) before launch.
10-1242-jeb-251126researcharticle,10.1242/jeb.251126RESEARCHARTICLE,Journal of Experimental Biology,env_field,NA,All procedures conducted in laboratory; no field work.
10-1242-jeb-251126researcharticle,10.1242/jeb.251126RESEARCHARTICLE,Journal of Experimental Biology,health_monitoring,N,"No mention of health monitoring, physical condition assessment, disease/parasite screening, or welfare checks during experiments."
10-1242-jeb-251126researcharticle,10.1242/jeb.251126RESEARCHARTICLE,Journal of Experimental Biology,health_injury,N,"No statement regarding injuries, mortality, or unexpected deaths during experiments; silence on these outcomes."
10-1242-jeb-251126researcharticle,10.1242/jeb.251126RESEARCHARTICLE,Journal of Experimental Biology,fate_end,Y,"States: 'When colonies approach the end of their lifecycle, or experiments are being shutdown, colonies are cold euthanized.'"
10-1242-jeb-251126researcharticle,10.1242/jeb.251126RESEARCHARTICLE,Journal of Experimental Biology,behaviour_general,Y,FMPER allows bees to walk back and forth in vials (limited motion); wind tunnel allows flight with serpentine maze panels; no refugia or enrichment explicitly described; experiments test foraging beha
10-1242-jeb-251126researcharticle,10.1242/jeb.251126RESEARCHARTICLE,Journal of Experimental Biology,affect_indicators,N,"No assessment of stress, pain, or distress indicators; no precautionary measures for affective capacity discussed."
10-1242-jeb-251708researcharticle,10.1242/jeb.251708RESEARCHARTICLE,Journal of Experimental Biology,_eligibility,Y,"Live cnidarian (box jellyfish, Tripedalia cystophora) used in controlled experimental behavioural and biomechanical study."
10-1242-jeb-251708researcharticle,10.1242/jeb.251708RESEARCHARTICLE,Journal of Experimental Biology,subjects_taxon,Y,"Adult Tripedalia cystophora Conant 1897, bell diameter 8–12 mm, identified to species and life stage."
10-1242-jeb-251708researcharticle,10.1242/jeb.251708RESEARCHARTICLE,Journal of Experimental Biology,subjects_source,Y,"Origin: lab colony at Kiel University, originating from La Parguera, Puerto Rico; transferred from polyp tanks, cultured in North Sea water."
10-1242-jeb-251708researcharticle,10.1242/jeb.251708RESEARCHARTICLE,Journal of Experimental Biology,subjects_n,Y,Total of 18 medusae used; 3 animals per trial across 6 recording trials; no attrition reported between collection and analysis.
10-1242-jeb-251708researcharticle,10.1242/jeb.251708RESEARCHARTICLE,Journal of Experimental Biology,proc_handling,Y,Animals transferred to experimental arena; allowed 10 min acclimation before trial; gentle water addition (via spoon) to prevent mixing during halocline formation.
10-1242-jeb-251708researcharticle,10.1242/jeb.251708RESEARCHARTICLE,Journal of Experimental Biology,proc_anaesthesia,NA,No invasive surgical procedures performed; animals observed freely swimming in arena.
10-1242-jeb-251708researcharticle,10.1242/jeb.251708RESEARCHARTICLE,Journal of Experimental Biology,proc_biosecurity,NA,Domestic lab species (Tripedalia cystophora from established Kiel University colony); no non-native taxa risk or escape concerns stated.
10-1242-jeb-251708researcharticle,10.1242/jeb.251708RESEARCHARTICLE,Journal of Experimental Biology,ethics_review,N,"No mention of institutional ethics review, permits, or explicit statement that none was required."
10-1242-jeb-251708researcharticle,10.1242/jeb.251708RESEARCHARTICLE,Journal of Experimental Biology,ethics_endpoints,N,No predefined humane endpoints or discussion of welfare-related endpoints stated; no mention of non-target impacts (not field study).
10-1242-jeb-251708researcharticle,10.1242/jeb.251708RESEARCHARTICLE,Journal of Experimental Biology,ethics_statement,N,"No statement engaging with welfare considerations or the three Rs (Replacement, Reduction, Refinement) in study design justification."
10-1242-jeb-251708researcharticle,10.1242/jeb.251708RESEARCHARTICLE,Journal of Experimental Biology,nutrition_diet,Y,Juveniles fed AquaBiotic orange+-enriched Artemia sp.; feeding frequency during experiment not stated but animals reached adult size within ~2 months in culture.
10-1242-jeb-251708researcharticle,10.1242/jeb.251708RESEARCHARTICLE,Journal of Experimental Biology,env_housing,Y,"Rectangular experimental arena 24×24×30 cm; filled with North Sea water (35 PSU, 28°C); black foil covering three sides; black gravel substrate; 75W heating element; LED light above; 20.5 cm initial d"
10-1242-jeb-251708researcharticle,10.1242/jeb.251708RESEARCHARTICLE,Journal of Experimental Biology,env_acclimation,Y,"10 min acclimation period in experimental arena before baseline recording; pre-acclimation in home tanks at 28.0–28.5°C, 35 PSU, 12 h:12 h light:dark cycle."
10-1242-jeb-251708researcharticle,10.1242/jeb.251708RESEARCHARTICLE,Journal of Experimental Biology,env_field,NA,Purely laboratory study; no field collection or holding; field observations mentioned only as motivation for experimental design.
10-1242-jeb-251708researcharticle,10.1242/jeb.251708RESEARCHARTICLE,Journal of Experimental Biology,health_monitoring,N,"No methods or criteria for assessing physical condition, disease screening, or welfare checks reported."
10-1242-jeb-251708researcharticle,10.1242/jeb.251708RESEARCHARTICLE,Journal of Experimental Biology,health_injury,N,"No statement on injuries, mortality, or unexpected deaths during the experimental period."
10-1242-jeb-251708researcharticle,10.1242/jeb.251708RESEARCHARTICLE,Journal of Experimental Biology,fate_end,N,No statement on what happened to animals at end of study; no method of killing or disposal mentioned.
10-1242-jeb-251708researcharticle,10.1242/jeb.251708RESEARCHARTICLE,Journal of Experimental Biology,behaviour_general,Y,Setup supports species-typical behaviour: animals allowed to swim freely in arena; surface-seeking behaviour observed; light stimulus from above to elicit natural preference; minimal disturbance durin
10-1242-jeb-251708researcharticle,10.1242/jeb.251708RESEARCHARTICLE,Journal of Experimental Biology,affect_indicators,Y,"Behavioural tracking used to monitor surface-seeking behaviour, contact frequency with barrier, vertical distribution, swimming speed; assessment of whether animals actively avoided halocline or were "
10-1242-jeb-251716researcharticle,10.1242/jeb.251716RESEARCHARTICLE,Journal of Experimental Biology,_eligibility,Y,Empirical study using live bumblebees (Bombus terrestris) in behavioral experiments.
10-1242-jeb-251716researcharticle,10.1242/jeb.251716RESEARCHARTICLE,Journal of Experimental Biology,subjects_taxon,Y,"Bombus terrestris (Linnaeus 1758), commercial colonies, life stage (foragers) specified."
10-1242-jeb-251716researcharticle,10.1242/jeb.251716RESEARCHARTICLE,Journal of Experimental Biology,subjects_source,Y,"Four commercially raised colonies from Agralan, The Old Brickyard, Wiltshire, UK."
10-1242-jeb-251716researcharticle,10.1242/jeb.251716RESEARCHARTICLE,Journal of Experimental Biology,subjects_n,Y,"n=40 bees total (n=20 control, n=20 shaken); 3 bees excluded during testing; sample size justified by study design."
10-1242-jeb-251716researcharticle,10.1242/jeb.251716RESEARCHARTICLE,Journal of Experimental Biology,proc_handling,Y,"Bees marked with paint marker, captured at maze entrance using cup, transported to apparatus, handled gently during tagging cage procedure."
10-1242-jeb-251716researcharticle,10.1242/jeb.251716RESEARCHARTICLE,Journal of Experimental Biology,proc_anaesthesia,NA,"No invasive procedures or surgery performed; behavioral testing only, no anaesthesia needed."
10-1242-jeb-251716researcharticle,10.1242/jeb.251716RESEARCHARTICLE,Journal of Experimental Biology,proc_biosecurity,NA,Bombus terrestris is native to UK; no non-native species risk; study in contained laboratory setting.
10-1242-jeb-251716researcharticle,10.1242/jeb.251716RESEARCHARTICLE,Journal of Experimental Biology,ethics_review,Y,Project approved by Newcastle University ethics board (reference 8666/2020); experimental design incorporated 3Rs principles despite invertebrates not covered by UK ASPA 1986.
10-1242-jeb-251716researcharticle,10.1242/jeb.251716RESEARCHARTICLE,Journal of Experimental Biology,ethics_endpoints,N,No predefined humane endpoints or welfare criteria specified; no mention of anticipated impacts or injuries.
10-1242-jeb-251716researcharticle,10.1242/jeb.251716RESEARCHARTICLE,Journal of Experimental Biology,ethics_statement,Y,"Explicitly states experimental design incorporated 3Rs principles; housing, maintenance and procedures kept non-invasive and close to natural living conditions."
10-1242-jeb-251716researcharticle,10.1242/jeb.251716RESEARCHARTICLE,Journal of Experimental Biology,nutrition_diet,Y,"Fed ~3g commercial pollen daily (Koppert B.V.), sucrose solution 20% w/w ad libitum; food deprivation prior to training/testing; sugar reward 50% w/w, water provided during trials."
10-1242-jeb-251716researcharticle,10.1242/jeb.251716RESEARCHARTICLE,Journal of Experimental Biology,env_housing,Y,"Bipartite plastic nest-boxes 28.0×16.0×12.0cm; connected to Y-maze via transparent acrylic tunnel; maintained at 23±2°C with LED illumination (1100 lx in arms, 1020 lx at entrance); Y-maze arms 20×20×"
10-1242-jeb-251716researcharticle,10.1242/jeb.251716RESEARCHARTICLE,Journal of Experimental Biology,env_acclimation,N,No specific acclimation period mentioned; bees foraging on feeder before marking and recruitment to training.
10-1242-jeb-251716researcharticle,10.1242/jeb.251716RESEARCHARTICLE,Journal of Experimental Biology,env_field,NA,Pure laboratory study; no field work conducted.
10-1242-jeb-251716researcharticle,10.1242/jeb.251716RESEARCHARTICLE,Journal of Experimental Biology,health_monitoring,N,"No health monitoring, disease screening, or welfare checks reported; no mention of physical condition assessment or health status during experiments."
10-1242-jeb-251716researcharticle,10.1242/jeb.251716RESEARCHARTICLE,Journal of Experimental Biology,health_injury,N,No statement regarding injuries or unexpected deaths; silence on welfare events during experiment or shaking procedure.
10-1242-jeb-251716researcharticle,10.1242/jeb.251716RESEARCHARTICLE,Journal of Experimental Biology,fate_end,Y,"After testing completion, bee was frozen and stored in 70% ethanol at −20°C; also used for morphometric measurements post-freezing."
10-1242-jeb-251716researcharticle,10.1242/jeb.251716RESEARCHARTICLE,Journal of Experimental Biology,behaviour_general,Y,Y-maze allows natural foraging choice behavior; bees could freely adjust flight paths and switch between arms; refresher trials with rewards maintained motivation; gentle handling in tagging cage with
10-1242-jeb-251716researcharticle,10.1242/jeb.251716RESEARCHARTICLE,Journal of Experimental Biology,affect_indicators,Y,Shaking treatment designed to induce negative affective state resembling predator attack; decision latency and choice accuracy measured as indicators; precautionary foam-lined cage used despite assume
10-1242-jeb-251928researcharticle,10.1242/jeb.251928RESEARCHARTICLE,Journal of Experimental Biology,_eligibility,Y,Empirical study using live adult male crickets (Gryllus bimaculatus) in behavioral conditioning experiments.
10-1242-jeb-251928researcharticle,10.1242/jeb.251928RESEARCHARTICLE,Journal of Experimental Biology,subjects_taxon,Y,"Adult male crickets Gryllus bimaculatus De Geer 1773, 1 week after imaginal moult; sex and life stage specified."
10-1242-jeb-251928researcharticle,10.1242/jeb.251928RESEARCHARTICLE,Journal of Experimental Biology,subjects_source,Y,Lab colony: 'All the crickets were raised in the laboratory and grouped in large home cages based on their age.'
10-1242-jeb-251928researcharticle,10.1242/jeb.251928RESEARCHARTICLE,Journal of Experimental Biology,subjects_n,Y,"Sample sizes provided per experiment: Exp1A n=34, 1B n=25, 2A n=32, 2B n=32, 3 n=87 total (39 and 45 per group). No attrition reported."
10-1242-jeb-251928researcharticle,10.1242/jeb.251928RESEARCHARTICLE,Journal of Experimental Biology,proc_handling,Y,Handling and acclimation described: 'placed on conditioning experimental setting for 30 mins so they could acclimate to the experimental context.'
10-1242-jeb-251928researcharticle,10.1242/jeb.251928RESEARCHARTICLE,Journal of Experimental Biology,proc_anaesthesia,NA,No invasive procedures performed; conditioning and testing were non-invasive behavioral measurements.
10-1242-jeb-251928researcharticle,10.1242/jeb.251928RESEARCHARTICLE,Journal of Experimental Biology,proc_biosecurity,NA,Species is native lab-reared invertebrate with no non-native risk or captive escape concern stated.
10-1242-jeb-251928researcharticle,10.1242/jeb.251928RESEARCHARTICLE,Journal of Experimental Biology,ethics_review,N,"No mention of institutional ethics review, permits, or regulatory approval for the study."
10-1242-jeb-251928researcharticle,10.1242/jeb.251928RESEARCHARTICLE,Journal of Experimental Biology,ethics_endpoints,N,No predefined humane endpoints or discussion of potential adverse outcomes during behavioral conditioning.
10-1242-jeb-251928researcharticle,10.1242/jeb.251928RESEARCHARTICLE,Journal of Experimental Biology,ethics_statement,N,No statement engaging with animal welfare considerations or the three Rs in study design.
10-1242-jeb-251928researcharticle,10.1242/jeb.251928RESEARCHARTICLE,Journal of Experimental Biology,nutrition_diet,Y,Water deprivation specified: 'animals were placed individually in beakers and deprived of drinking water for 4 days to enhance their motivation.'
10-1242-jeb-251928researcharticle,10.1242/jeb.251928RESEARCHARTICLE,Journal of Experimental Biology,env_housing,Y,Housing in 'large home cages based on their age' before experiments; conditioning setup in beakers with ventilation described.
10-1242-jeb-251928researcharticle,10.1242/jeb.251928RESEARCHARTICLE,Journal of Experimental Biology,env_acclimation,Y,30 min acclimation period prior to training: 'crickets were placed on the conditioning experimental setting for 30 mins.'
10-1242-jeb-251928researcharticle,10.1242/jeb.251928RESEARCHARTICLE,Journal of Experimental Biology,env_field,NA,Pure laboratory study; no field work conducted.
10-1242-jeb-251928researcharticle,10.1242/jeb.251928RESEARCHARTICLE,Journal of Experimental Biology,health_monitoring,N,"No health monitoring, disease screening, welfare checks, or physical condition assessment reported."
10-1242-jeb-251928researcharticle,10.1242/jeb.251928RESEARCHARTICLE,Journal of Experimental Biology,health_injury,N,"No statement regarding injuries, mortality, or unexpected deaths during experiments."
10-1242-jeb-251928researcharticle,10.1242/jeb.251928RESEARCHARTICLE,Journal of Experimental Biology,fate_end,N,No information on endpoint or fate of animals at conclusion of study; no method of killing specified.
10-1242-jeb-251928researcharticle,10.1242/jeb.251928RESEARCHARTICLE,Journal of Experimental Biology,behaviour_general,Y,Species-typical behavior (maxillary palpi extension response) measured; context variation (light/dark) used; no enrichment details.
10-1242-jeb-251928researcharticle,10.1242/jeb.251928RESEARCHARTICLE,Journal of Experimental Biology,affect_indicators,N,No behavioral or physiological stress indicators measured; no precautionary welfare measures for uncertainty about affect discussed.
10-1242-jeb-252004researcharticle,10.1242/jeb.252004RESEARCHARTICLE,Journal of Experimental Biology,_eligibility,Y,Empirical study using live honey bees (Apis mellifera) in laboratory caging and behavioral experiments.
10-1242-jeb-252004researcharticle,10.1242/jeb.252004RESEARCHARTICLE,Journal of Experimental Biology,subjects_taxon,Y,"Apis mellifera Linnaeus 1758; worker bees; life stage (adult, 14 days old at testing); sex not explicitly stated but implied female (workers)."
10-1242-jeb-252004researcharticle,10.1242/jeb.252004RESEARCHARTICLE,Journal of Experimental Biology,subjects_source,Y,Lab colonies: 13 colonies purchased as nucs from Orange County Beekeeping Supplies; queens from same breeder; colonies in place ≥1 year before experiment.
10-1242-jeb-252004researcharticle,10.1242/jeb.252004RESEARCHARTICLE,Journal of Experimental Biology,subjects_n,Y,1569 bees total used; 369 randomly selected for learning trials (343 completed); remainder monitored for survival; sample sizes per treatment detailed in Table S2.
10-1242-jeb-252004researcharticle,10.1242/jeb.252004RESEARCHARTICLE,Journal of Experimental Biology,proc_handling,Y,"Captured by smoking colonies, brood frames removed, larvae near emergence selected, incubated 24h at 30°C/50% RH, brushed into containers, placed in plastic cages (11×9×11cm, 25 bees/cage). No marking"
10-1242-jeb-252004researcharticle,10.1242/jeb.252004RESEARCHARTICLE,Journal of Experimental Biology,proc_anaesthesia,Y,Cold anaesthesia: bees placed in plastic vials on crushed ice until minimal movement (~2–3 min) before harnessing. Post-trial euthanasia by freezing at −4°C. No analgesia mentioned for cold procedure;
10-1242-jeb-252004researcharticle,10.1242/jeb.252004RESEARCHARTICLE,Journal of Experimental Biology,proc_biosecurity,NA,Colonies native to USA; no non-native taxa; escape during maintenance was rare and censored; no specific disposal measures described as needed.
10-1242-jeb-252004researcharticle,10.1242/jeb.252004RESEARCHARTICLE,Journal of Experimental Biology,ethics_review,N,"No institutional ethics review, permit numbers, or explicit statement that none was required reported."
10-1242-jeb-252004researcharticle,10.1242/jeb.252004RESEARCHARTICLE,Journal of Experimental Biology,ethics_endpoints,N,No predefined humane endpoints mentioned. Mortality monitored but no statement of humane protocols for distressed animals.
10-1242-jeb-252004researcharticle,10.1242/jeb.252004RESEARCHARTICLE,Journal of Experimental Biology,ethics_statement,N,"No discussion of welfare considerations or the three Rs (Replacement, Reduction, Refinement) in study design."
10-1242-jeb-252004researcharticle,10.1242/jeb.252004RESEARCHARTICLE,Journal of Experimental Biology,nutrition_diet,Y,"Two diets: balanced (1:1 omega-6:3 ratio) and unbalanced (5:1 ratio); 39% soy flour, 57% honey, variable corn/flax oil. Ad libitum access for 14 days, then switched to sucrose ± TMX. Composition and s"
10-1242-jeb-252004researcharticle,10.1242/jeb.252004RESEARCHARTICLE,Journal of Experimental Biology,env_housing,Y,"Clear plastic cages 11×9×11 cm; 25 bees per cage; 30°C and 50% RH during incubation; maintained at unspecified ambient lab temperature thereafter; sucrose syringes, pollen diet tubes, paper towel subs"
10-1242-jeb-252004researcharticle,10.1242/jeb.252004RESEARCHARTICLE,Journal of Experimental Biology,env_acclimation,Y,Bees incubated 24h at 30°C/50% RH after emergence before placement in cages; 14 days on diet before pesticide/control introduction.
10-1242-jeb-252004researcharticle,10.1242/jeb.252004RESEARCHARTICLE,Journal of Experimental Biology,env_field,NA,Pure laboratory study with caged bees; no field work component.
10-1242-jeb-252004researcharticle,10.1242/jeb.252004RESEARCHARTICLE,Journal of Experimental Biology,health_monitoring,Y,Dead bees counted and removed at twice-weekly maintenance checks. Sucrose responsiveness tested before PER trials (proboscis extension reflex to sucrose on antennae).
10-1242-jeb-252004researcharticle,10.1242/jeb.252004RESEARCHARTICLE,Journal of Experimental Biology,health_injury,N,No explicit reporting of injuries or unexpected mortality causes; only total mortality counts by date provided. No statement of absence of injuries.
10-1242-jeb-252004researcharticle,10.1242/jeb.252004RESEARCHARTICLE,Journal of Experimental Biology,fate_end,Y,Bees tested for learning were euthanized by freezing at −4°C after PER trials. Untested bees allowed to live in cages with continued monitoring until all dead; final fate of these bees not explicitly 
10-1242-jeb-252004researcharticle,10.1242/jeb.252004RESEARCHARTICLE,Journal of Experimental Biology,behaviour_general,Y,Setup supported olfactory learning (classical conditioning with proboscis extension); no refugia or enrichment beyond caging. Bees allowed ad libitum feeding on diet and sucrose. Disturbance during tw
10-1242-jeb-252004researcharticle,10.1242/jeb.252004RESEARCHARTICLE,Journal of Experimental Biology,affect_indicators,Y,Proboscis extension response (PER) used as indicator of learning/memory and responsiveness; mortality as welfare outcome. Pesticide dose (10 nmol/L) chosen as field-realistic; no additional stress ind
10-1242-jeb-252021researcharticle,10.1242/jeb.252021RESEARCHARTICLE,Journal of Experimental Biology,_eligibility,Y,Empirical study using live invertebrates (Apis dorsata honeybees) in behavioral experiments.
10-1242-jeb-252021researcharticle,10.1242/jeb.252021RESEARCHARTICLE,Journal of Experimental Biology,subjects_taxon,Y,"Apis dorsata Fabricius 1793, wild foragers, life stage identified (foragers)."
10-1242-jeb-252021researcharticle,10.1242/jeb.252021RESEARCHARTICLE,Journal of Experimental Biology,subjects_source,Y,"Wild colonies nesting on roof overhangs and window ledges of IISER TVM building, specific location given."
10-1242-jeb-252021researcharticle,10.1242/jeb.252021RESEARCHARTICLE,Journal of Experimental Biology,subjects_n,Y,"Sample sizes 19-22 per experiment, justified as common in similar studies; attrition not detailed."
10-1242-jeb-252021researcharticle,10.1242/jeb.252021RESEARCHARTICLE,Journal of Experimental Biology,proc_handling,Y,"Capture via black feeder, transport to arena, individual marking with acrylic paint colors, handling during feeding and tests described."
10-1242-jeb-252021researcharticle,10.1242/jeb.252021RESEARCHARTICLE,Journal of Experimental Biology,proc_anaesthesia,Y,"Euthanasia method explicitly stated: 'bees were euthanised after they completed tests, by capturing them in a collection vial containing 90% ethanol.'"
10-1242-jeb-252021researcharticle,10.1242/jeb.252021RESEARCHARTICLE,Journal of Experimental Biology,proc_biosecurity,NA,"Native species, no escape risk or non-native contamination concerns applicable."
10-1242-jeb-252021researcharticle,10.1242/jeb.252021RESEARCHARTICLE,Journal of Experimental Biology,ethics_review,N,"No mention of institutional ethics review, permit numbers, or regulatory approval."
10-1242-jeb-252021researcharticle,10.1242/jeb.252021RESEARCHARTICLE,Journal of Experimental Biology,ethics_endpoints,N,No predefined humane endpoints or anticipated non-target impacts discussed.
10-1242-jeb-252021researcharticle,10.1242/jeb.252021RESEARCHARTICLE,Journal of Experimental Biology,ethics_statement,N,No discussion of welfare considerations or the three Rs in study design.
10-1242-jeb-252021researcharticle,10.1242/jeb.252021RESEARCHARTICLE,Journal of Experimental Biology,nutrition_diet,Y,"Sugar solution (sucrose) at varying concentrations (10%, 30%) provided; volumes (30μl training, 5μl testing) and feeding ad libitum described."
10-1242-jeb-252021researcharticle,10.1242/jeb.252021RESEARCHARTICLE,Journal of Experimental Biology,env_housing,Y,"Experimental arena: aluminum cage 1m×1m×0.75m with nylon mesh, clear acrylic discs for stimuli, Plexiglas tunnel with shutters."
10-1242-jeb-252021researcharticle,10.1242/jeb.252021RESEARCHARTICLE,Journal of Experimental Biology,env_acclimation,Y,"Pre-training phase described: bees recruited to feeders, marked, then allowed to enter arena for three consecutive foraging bouts before experiments."
10-1242-jeb-252021researcharticle,10.1242/jeb.252021RESEARCHARTICLE,Journal of Experimental Biology,env_field,Y,"Field site: roof terraces of IISER TVM, Thiruvananthapuram (08°40′55.5398″ N, 077°08′08.4215″ W); floral community surveyed within 2km radius."
10-1242-jeb-252021researcharticle,10.1242/jeb.252021RESEARCHARTICLE,Journal of Experimental Biology,health_monitoring,N,"No health monitoring, disease screening, or welfare checks described during experiments."
10-1242-jeb-252021researcharticle,10.1242/jeb.252021RESEARCHARTICLE,Journal of Experimental Biology,health_injury,N,"No mention of injuries, unexpected deaths, or explicit statement that none occurred."
10-1242-jeb-252021researcharticle,10.1242/jeb.252021RESEARCHARTICLE,Journal of Experimental Biology,fate_end,Y,Explicit killing method: 'captured in a collection vial containing 90% ethanol' after test completion.
10-1242-jeb-252021researcharticle,10.1242/jeb.252021RESEARCHARTICLE,Journal of Experimental Biology,behaviour_general,Y,Arena setup supports foraging behavior; stimulus arrays positioned to encourage exploration; frequent position changes to avoid positional bias; single bees to avoid social learning.
10-1242-jeb-252021researcharticle,10.1242/jeb.252021RESEARCHARTICLE,Journal of Experimental Biology,affect_indicators,N,"No behavioral or physiological indicators of stress, pain, or distress measured or discussed."
10-1242-jeb-252116researcharticle,10.1242/jeb.252116RESEARCHARTICLE,Journal of Experimental Biology,_eligibility,Y,Empirical study using live marine annelid worms (Platynereis dumerilii) in experimental and observational conditions.
10-1242-jeb-252116researcharticle,10.1242/jeb.252116RESEARCHARTICLE,Journal of Experimental Biology,subjects_taxon,Y,"Platynereis dumerilii (Nereididae, annelid); life stages specified (juveniles, adults by segment number)."
10-1242-jeb-252116researcharticle,10.1242/jeb.252116RESEARCHARTICLE,Journal of Experimental Biology,subjects_source,Y,"Field-collected from Hinkley Point, Bristol, 4 November 2009; laboratory culture from Prof. G. Jékely; F1 offspring used."
10-1242-jeb-252116researcharticle,10.1242/jeb.252116RESEARCHARTICLE,Journal of Experimental Biology,subjects_n,Y,"Sample sizes specified per experiment (N=50 individual, N=50 communal, N=175–450 in other experiments); attrition documented (e.g., 9/50 died individually, 23/50 communally)."
10-1242-jeb-252116researcharticle,10.1242/jeb.252116RESEARCHARTICLE,Journal of Experimental Biology,proc_handling,Y,Worms collected from field or laboratory cultures; transported to University of Hull; housed in tanks; measured by counting segments; handling consistent across conditions.
10-1242-jeb-252116researcharticle,10.1242/jeb.252116RESEARCHARTICLE,Journal of Experimental Biology,proc_anaesthesia,NA,No invasive surgical procedures or lethal sampling described; worms measured non-invasively by segment counting throughout study.
10-1242-jeb-252116researcharticle,10.1242/jeb.252116RESEARCHARTICLE,Journal of Experimental Biology,proc_biosecurity,Y,"Filters (0.2–0.22 μm, 250 μm gauze) used to contain worms in tanks; native UK species so non-native risk minimal."
10-1242-jeb-252116researcharticle,10.1242/jeb.252116RESEARCHARTICLE,Journal of Experimental Biology,ethics_review,Y,Approval granted by Ethics Committee of University of Hull (No. UO20).
10-1242-jeb-252116researcharticle,10.1242/jeb.252116RESEARCHARTICLE,Journal of Experimental Biology,ethics_endpoints,N,No explicit predefined humane endpoints or welfare criteria mentioned; no discussion of euthanasia or end-of-study procedures.
10-1242-jeb-252116researcharticle,10.1242/jeb.252116RESEARCHARTICLE,Journal of Experimental Biology,ethics_statement,N,"No engagement with welfare considerations or the three Rs (Replacement, Reduction, Refinement); ethics approval noted but welfare reasoning not discussed."
10-1242-jeb-252116researcharticle,10.1242/jeb.252116RESEARCHARTICLE,Journal of Experimental Biology,nutrition_diet,Y,Fed ad libitum twice weekly with Tetraselmis marina phytoplankton (juveniles) and defrosted spinach (larger worms); excess food removed twice weekly.
10-1242-jeb-252116researcharticle,10.1242/jeb.252116RESEARCHARTICLE,Journal of Experimental Biology,env_housing,Y,20 cm square tanks (1.6 L) or cylindrical containers (36 mL); 18°C; filtered natural seawater (salinity 35±0.5); 16 h light:8 h dark; aerated; lunar cycle mimicked; water changed weekly or every 2 wee
10-1242-jeb-252116researcharticle,10.1242/jeb.252116RESEARCHARTICLE,Journal of Experimental Biology,env_acclimation,N,No acclimation period specified; worms from laboratory culture used directly or shortly after field collection (F1 generation).
10-1242-jeb-252116researcharticle,10.1242/jeb.252116RESEARCHARTICLE,Journal of Experimental Biology,env_field,Y,"Field collection site: Hinkley Point, near Bristol, 4 November 2009; confirmed by molecular phylogenetics; otherwise laboratory-based."
10-1242-jeb-252116researcharticle,10.1242/jeb.252116RESEARCHARTICLE,Journal of Experimental Biology,health_monitoring,Y,"Mortality recorded (9/50 individual, 23/50 communal at 6 weeks); segment number changes observed and documented; no disease screening mentioned."
10-1242-jeb-252116researcharticle,10.1242/jeb.252116RESEARCHARTICLE,Journal of Experimental Biology,health_injury,Y,Mortality documented by condition and timepoint; segment loss in 5/50 individually reared worms attributed to autotomy (handling stress); 23/50 communal worms died/eaten over 6 weeks.
10-1242-jeb-252116researcharticle,10.1242/jeb.252116RESEARCHARTICLE,Journal of Experimental Biology,fate_end,N,No explicit method of killing or specimen disposal described; fate of worms at end of experiments not stated.
10-1242-jeb-252116researcharticle,10.1242/jeb.252116RESEARCHARTICLE,Journal of Experimental Biology,behaviour_general,Y,Tank design allowed water exchange between groups (gauze separation) or isolation; density (25 worms per 25-cm² tank or 1 per 36 mL individual container); natural mucous-tube behavior not explicitly s
10-1242-jeb-252116researcharticle,10.1242/jeb.252116RESEARCHARTICLE,Journal of Experimental Biology,affect_indicators,N,"No behavioral or physiological indicators of stress or distress monitored; growth suppression is outcome variable, not welfare assessment."
10-1242-jeb-252279researcharticle,10.1242/jeb.252279RESEARCHARTICLE,Journal of Experimental Biology,_eligibility,Y,Empirical study using live terrestrial isopods (invertebrates) for heat and desiccation tolerance experiments.
10-1242-jeb-252279researcharticle,10.1242/jeb.252279RESEARCHARTICLE,Journal of Experimental Biology,subjects_taxon,Y,"Five Oniscidea species named: Armadillidium nasatum, Cylisticus convexus, Oniscus asellus, Philoscia muscorum, Porcellio scaber. Life stage (adults 8–12 months; juveniles 4–6 months) and sex documente"
10-1242-jeb-252279researcharticle,10.1242/jeb.252279RESEARCHARTICLE,Journal of Experimental Biology,subjects_source,Y,"Four species from lab-reared Wolbachia-free lineages (maintained 20°C, dates 2003–2008); P. muscorum field-collected 10/10/2023, acclimated 4 months. All harvest sites and dates provided in Table 1."
10-1242-jeb-252279researcharticle,10.1242/jeb.252279RESEARCHARTICLE,Journal of Experimental Biology,subjects_n,Y,"960 individuals tested for heat tolerance, 450 for desiccation tolerance across five species. 15 individuals per group per temperature. No attrition data reported; justification based on TDT methodolo"
10-1242-jeb-252279researcharticle,10.1242/jeb.252279RESEARCHARTICLE,Journal of Experimental Biology,proc_handling,Y,"Animals weighed (Sartorius scale ±0.01g), randomly assigned to treatments. Intermolt phase verified. Sexing via copulatory apparatus under binocular loupe. Individual placement in 5 cm diameter boxes "
10-1242-jeb-252279researcharticle,10.1242/jeb.252279RESEARCHARTICLE,Journal of Experimental Biology,proc_anaesthesia,NA,No invasive procedures or anesthesia required; observations of heat coma and survival monitoring via gentle brush stimulus only.
10-1242-jeb-252279researcharticle,10.1242/jeb.252279RESEARCHARTICLE,Journal of Experimental Biology,proc_biosecurity,N,"No mention of escape prevention measures, containment protocols, or disposal of contaminated material despite captive holding of live animals."
10-1242-jeb-252279researcharticle,10.1242/jeb.252279RESEARCHARTICLE,Journal of Experimental Biology,ethics_review,Y,"Explicitly stated: 'No specific ethical approval was required for this work; however, all organisms were handled as humanely as possible during the experimental procedures.'"
10-1242-jeb-252279researcharticle,10.1242/jeb.252279RESEARCHARTICLE,Journal of Experimental Biology,ethics_endpoints,Y,Predefined endpoint: heat coma determined by loss of response to brush stimulus; monitoring capped at 15 min intervals. No non-target impacts mentioned (lab study).
10-1242-jeb-252279researcharticle,10.1242/jeb.252279RESEARCHARTICLE,Journal of Experimental Biology,ethics_statement,N,"Statement about humane handling present but no discussion of welfare considerations, the 3Rs (Replacement, Reduction, Refinement), or how study design reduced animal use."
10-1242-jeb-252279researcharticle,10.1242/jeb.252279RESEARCHARTICLE,Journal of Experimental Biology,nutrition_diet,Y,Lab-reared animals fed dried lime-tree leaves ad libitum. No mention of fasting before experiments.
10-1242-jeb-252279researcharticle,10.1242/jeb.252279RESEARCHARTICLE,Journal of Experimental Biology,env_housing,Y,Lab-reared lineages maintained at 20°C under natural light:dark cycle. For experiments: 5 cm diameter round boxes in water-filled tank (heat tolerance) or climatic chamber (desiccation). Humidity cont
10-1242-jeb-252279researcharticle,10.1242/jeb.252279RESEARCHARTICLE,Journal of Experimental Biology,env_acclimation,Y,Lab-reared animals maintained at constant 20°C throughout. P. muscorum field-collected individuals acclimated minimum 4 months at 20°C before tolerance experiments.
10-1242-jeb-252279researcharticle,10.1242/jeb.252279RESEARCHARTICLE,Journal of Experimental Biology,env_field,NA,Pure laboratory study; field-collected P. muscorum subsequently reared indoors.
10-1242-jeb-252279researcharticle,10.1242/jeb.252279RESEARCHARTICLE,Journal of Experimental Biology,health_monitoring,Y,"All individuals in intermolt phase to avoid molting variation; females not gravid. Body mass standardized and checked between groups (Kruskal–Wallis tests, all P>0.05)."
10-1242-jeb-252279researcharticle,10.1242/jeb.252279RESEARCHARTICLE,Journal of Experimental Biology,health_injury,N,"No explicit statement about injuries, unexpected deaths during acclimation, or monitoring of welfare during holding periods. Mortality only documented during experimental exposure."
10-1242-jeb-252279researcharticle,10.1242/jeb.252279RESEARCHARTICLE,Journal of Experimental Biology,fate_end,N,No mention of how animals were killed after experiments or what happened to survivors. No specific killing method named.
10-1242-jeb-252279researcharticle,10.1242/jeb.252279RESEARCHARTICLE,Journal of Experimental Biology,behaviour_general,Y,Volvation (rolling into ball) noted as behavioral mechanism in some species; observed during assays but not formally quantified. Aggregation behavior mentioned in introduction but not experimentally c
10-1242-jeb-252279researcharticle,10.1242/jeb.252279RESEARCHARTICLE,Journal of Experimental Biology,affect_indicators,Y,Heat coma used as endpoint (loss of response to brush stimulus). Survival curves tracked as indicator of stress response. Sex and age differences in stress tolerance documented.
10-1242-jeb-252460researcharticle,10.1242/jeb.252460RESEARCHARTICLE,Journal of Experimental Biology,_eligibility,Y,"Empirical study using live Aedes aegypti mosquitoes in laboratory experiments examining thermal plasticity, photoperiod effects, and gene expression."
10-1242-jeb-252460researcharticle,10.1242/jeb.252460RESEARCHARTICLE,Journal of Experimental Biology,subjects_taxon,Y,"Aedes aegypti Linnaeus 1762, female mosquitoes, identified by genital lobe assessment under dissection microscope."
10-1242-jeb-252460researcharticle,10.1242/jeb.252460RESEARCHARTICLE,Journal of Experimental Biology,subjects_source,Y,"Laboratory colony from University of Florida, originating from wild population collected in Lee County, FL in 2017 with periodic refreshment of wild material."
10-1242-jeb-252460researcharticle,10.1242/jeb.252460RESEARCHARTICLE,Journal of Experimental Biology,subjects_n,Y,"Sample sizes specified: n=10-15 for CCO assays, n=7-10 per cage for cold stress, n=3-4 per timepoint for circadian profiling, n=15-25 for blood feeding."
10-1242-jeb-252460researcharticle,10.1242/jeb.252460RESEARCHARTICLE,Journal of Experimental Biology,proc_handling,Y,Female pupae identified and collected by assessing genital lobe under dissection microscope; randomly assigned to treatment groups; aspirated into vials for assays.
10-1242-jeb-252460researcharticle,10.1242/jeb.252460RESEARCHARTICLE,Journal of Experimental Biology,proc_anaesthesia,NA,No invasive surgical procedures performed; cold exposure and behavioral assays do not require anaesthesia/analgesia.
10-1242-jeb-252460researcharticle,10.1242/jeb.252460RESEARCHARTICLE,Journal of Experimental Biology,proc_biosecurity,Y,"Laboratory-reared mosquitoes in contained incubators; no mention of escape risk or disposal details, but captive holding in contained system implied."
10-1242-jeb-252460researcharticle,10.1242/jeb.252460RESEARCHARTICLE,Journal of Experimental Biology,ethics_review,N,"No institutional ethics review, permit numbers, conservation status statement, or explicit statement that none was required reported."
10-1242-jeb-252460researcharticle,10.1242/jeb.252460RESEARCHARTICLE,Journal of Experimental Biology,ethics_endpoints,N,No predefined humane endpoints mentioned; no discussion of anticipated non-target impacts.
10-1242-jeb-252460researcharticle,10.1242/jeb.252460RESEARCHARTICLE,Journal of Experimental Biology,ethics_statement,N,"No engagement with welfare considerations or three Rs (Replacement, Reduction, Refinement) in study design."
10-1242-jeb-252460researcharticle,10.1242/jeb.252460RESEARCHARTICLE,Journal of Experimental Biology,nutrition_diet,Y,Larvae fed Brewer's yeast (0.05g) and Tetra TetraMin Tropical Flakes (0.25g) in 700ml dechlorinated water; adults given unlimited 10% sucrose solution and dechlorinated water; bovine blood provided fo
10-1242-jeb-252460researcharticle,10.1242/jeb.252460RESEARCHARTICLE,Journal of Experimental Biology,env_housing,Y,Rearing bins 31cm×18cm×11.5cm at 1 litre volume; maintained at 28°C; two photoperiod conditions (12:12 SD and 20:4 LD); acclimation at 15°C or 25°C for 5 days.
10-1242-jeb-252460researcharticle,10.1242/jeb.252460RESEARCHARTICLE,Journal of Experimental Biology,env_acclimation,Y,Five-day acclimation period at 15°C (cold) or 25°C (warm) with respective light cycles after adult emergence at 2 days post-emergence.
10-1242-jeb-252460researcharticle,10.1242/jeb.252460RESEARCHARTICLE,Journal of Experimental Biology,env_field,NA,Pure laboratory study with no field component.
10-1242-jeb-252460researcharticle,10.1242/jeb.252460RESEARCHARTICLE,Journal of Experimental Biology,health_monitoring,N,"No methods for assessing physical condition, disease screening, or routine welfare checks reported; only survival recorded post-cold exposure."
10-1242-jeb-252460researcharticle,10.1242/jeb.252460RESEARCHARTICLE,Journal of Experimental Biology,health_injury,Y,Unexpected deaths tracked: survival declined between 24-48h post-cold exposure in most groups; mosquitoes excluded if vial leakage observed; latent chilling injury discussed.
10-1242-jeb-252460researcharticle,10.1242/jeb.252460RESEARCHARTICLE,Journal of Experimental Biology,fate_end,N,No explicit method of killing specified; mosquitoes frozen at -20°C for blood-feeding inspection but no statement of how they were killed at study end.
10-1242-jeb-252460researcharticle,10.1242/jeb.252460RESEARCHARTICLE,Journal of Experimental Biology,behaviour_general,Y,Blood-feeding behavior assays conducted; cold-acclimated mosquitoes showed reduced blood-feeding at 15°C with recovery upon rewarming; reproductive dormancy traits explored.
10-1242-jeb-252460researcharticle,10.1242/jeb.252460RESEARCHARTICLE,Journal of Experimental Biology,affect_indicators,Y,Chill coma onset (CCO) temperature measured as indicator of cold stress; blood-feeding behavior assessed as dormancy indicator; behavioral suppression at low temperatures documented.
10-1016-j-jip-2026-108546,10.1016/j.jip.2026.108546,Journal of Invertebrate Pathology,_eligibility,Y,"Empirical study using live invertebrate crustaceans (whiteleg shrimp, Penaeus vannamei) in two experimental infection challenges."
10-1016-j-jip-2026-108546,10.1016/j.jip.2026.108546,Journal of Invertebrate Pathology,subjects_taxon,Y,"Penaeus vannamei (whiteleg shrimp), juvenile stage, 3.44 ± 1.21 g mean weight specified."
10-1016-j-jip-2026-108546,10.1016/j.jip.2026.108546,Journal of Invertebrate Pathology,subjects_source,Y,"Lab colony from shrimp farm in Geoje, South Korea; WSSV-free status confirmed by real-time PCR screening of 9 specimens."
10-1016-j-jip-2026-108546,10.1016/j.jip.2026.108546,Journal of Invertebrate Pathology,subjects_n,Y,Exp. 1: 85 shrimp (17 timepoints × 5 shrimp); Exp. 2: 60 shrimp (2 tanks × 30); in vivo titration: 100 shrimp across 5 doses. No attrition data between collection and analysis reported.
10-1016-j-jip-2026-108546,10.1016/j.jip.2026.108546,Journal of Invertebrate Pathology,proc_handling,Y,"Shrimp transported from farm to lab, acclimated 2 weeks in 250-L tank, then individually housed in 2-L or 10-L tanks throughout experiments."
10-1016-j-jip-2026-108546,10.1016/j.jip.2026.108546,Journal of Invertebrate Pathology,proc_anaesthesia,N,No anaesthesia or analgesia mentioned for intramuscular injection or tissue sampling procedures; no explicit justification for omission provided.
10-1016-j-jip-2026-108546,10.1016/j.jip.2026.108546,Journal of Invertebrate Pathology,proc_biosecurity,Y,Individual housing to minimize cannibalism and secondary transmission; viral suspensions prepared using filtered seawater; disposal of contaminated material implicit in water exchange protocols.
10-1016-j-jip-2026-108546,10.1016/j.jip.2026.108546,Journal of Invertebrate Pathology,ethics_review,Y,Explicitly stated as 'exempt from ethical evaluation in Korea' because scope of Animal Ethics Committee approval limited to vertebrates; invertebrates do not require ethical approval.
10-1016-j-jip-2026-108546,10.1016/j.jip.2026.108546,Journal of Invertebrate Pathology,ethics_endpoints,Y,"Humane endpoints defined: mortality, anorexia, and moribundity monitored every 8 h; specific time-to-death recorded; protocol designed to minimize secondary mortality via individual housing."
10-1016-j-jip-2026-108546,10.1016/j.jip.2026.108546,Journal of Invertebrate Pathology,ethics_statement,N,"No statement engaging with welfare considerations or the three Rs (Replacement, Reduction, Refinement); exemption notice is regulatory not welfare-focused."
10-1016-j-jip-2026-108546,10.1016/j.jip.2026.108546,Journal of Invertebrate Pathology,nutrition_diet,Y,"Commercial diet (Dong-A, Korea) at 5% body weight twice daily (09:00, 18:00) during acclimation; same fed at 2% body weight every 8 h during experiments; anorexia defined as <2% consumption."
10-1016-j-jip-2026-108546,10.1016/j.jip.2026.108546,Journal of Invertebrate Pathology,env_housing,Y,"Acclimation: 250-L tank, 100% water exchange every 2 days; Exp. 1: individual 2-L tanks; Exp. 2: initial 60-L tanks then individual 10-L tanks with 8-L seawater. Temperature 25±0.5°C, salinity 32.5±1."
10-1016-j-jip-2026-108546,10.1016/j.jip.2026.108546,Journal of Invertebrate Pathology,env_acclimation,Y,Acclimation period 2 weeks in 250-L tank before Exp. 1; 1 week individual housing before intramuscular injection; immersion-challenged shrimp rinsed 3× and housed immediately.
10-1016-j-jip-2026-108546,10.1016/j.jip.2026.108546,Journal of Invertebrate Pathology,env_field,NA,Pure laboratory study; no field work or wild-collected organisms beyond initial farm source.
10-1016-j-jip-2026-108546,10.1016/j.jip.2026.108546,Journal of Invertebrate Pathology,health_monitoring,Y,"Health status (anorexia, moribundity, mortality) monitored every 8 h; water-quality parameters recorded after each exchange during acclimation; WSSV infection confirmed by real-time PCR in dead shrimp"
10-1016-j-jip-2026-108546,10.1016/j.jip.2026.108546,Journal of Invertebrate Pathology,health_injury,Y,"Mortality timing and counts reported in detail for each experiment (Tables 1, 2, 3, Figs. 3, 5, 6); WSSV confirmed as cause via PCR; no unexplained mortality during acclimation."
10-1016-j-jip-2026-108546,10.1016/j.jip.2026.108546,Journal of Invertebrate Pathology,fate_end,N,No explicit method of killing stated. Dead shrimp collected for PCR analysis but killing method (if any) before sampling not specified; surviving shrimp in Exp. 2 fate unmentioned.
10-1016-j-jip-2026-108546,10.1016/j.jip.2026.108546,Journal of Invertebrate Pathology,behaviour_general,Y,Individual housing to minimize cannibalism; anorexia monitored as behavioral indicator; no enrichment or refugia provided; no explicit statement on disturbance minimization.
10-1016-j-jip-2026-108546,10.1016/j.jip.2026.108546,Journal of Invertebrate Pathology,affect_indicators,Y,"Anorexia, moribundity, and mortality tracked as infection-associated changes reflecting disease progression; viral shedding rates quantified; Spearman correlations established between viral load and b"
10-1016-j-jip-2026-108548,10.1016/j.jip.2026.108548,Journal of Invertebrate Pathology,_eligibility,Y,Empirical study using live invertebrates (Beauveria bassiana fungal isolates cultured and tested; Sympiezomias citri weevil adults used in virulence bioassays).
10-1016-j-jip-2026-108548,10.1016/j.jip.2026.108548,Journal of Invertebrate Pathology,subjects_taxon,Y,"Sympiezomias citri (Coleoptera: Curculionidae), adults; B. bassiana isolates from 51 strains identified to species level."
10-1016-j-jip-2026-108548,10.1016/j.jip.2026.108548,Journal of Invertebrate Pathology,subjects_source,Y,"GCW adults collected from damaged tea plants in local plantations; B. bassiana isolates from field-mycosed cadavers (Sites A, B, C; August 2012)."
10-1016-j-jip-2026-108548,10.1016/j.jip.2026.108548,Journal of Invertebrate Pathology,subjects_n,Y,"51 B. bassiana isolates; 40 cadavers (Site A), 5 cadavers (Site B), 6 cadavers (Site C); 12 weevils per isolate in bioassays (5 replicates)."
10-1016-j-jip-2026-108548,10.1016/j.jip.2026.108548,Journal of Invertebrate Pathology,proc_handling,Y,"Collected weevils maintained in mesh bags with fresh tea leaves for 2 d recovery; selected similarly-sized, active, uninjured individuals."
10-1016-j-jip-2026-108548,10.1016/j.jip.2026.108548,Journal of Invertebrate Pathology,proc_anaesthesia,NA,No invasive surgical procedures performed on weevils; immersion in conidial suspension is not an invasive procedure requiring anaesthesia.
10-1016-j-jip-2026-108548,10.1016/j.jip.2026.108548,Journal of Invertebrate Pathology,proc_biosecurity,Y,Fungal isolates stored at -80°C and 4°C in sterile containers; cadavers placed in sterile tubes; sterilization by autoclaving at 121°C for 20 min.
10-1016-j-jip-2026-108548,10.1016/j.jip.2026.108548,Journal of Invertebrate Pathology,ethics_review,N,"No institutional ethics review, permit numbers, or conservation status statement mentioned."
10-1016-j-jip-2026-108548,10.1016/j.jip.2026.108548,Journal of Invertebrate Pathology,ethics_endpoints,N,No predefined humane endpoints specified; no discussion of anticipated non-target impacts despite field collection component.
10-1016-j-jip-2026-108548,10.1016/j.jip.2026.108548,Journal of Invertebrate Pathology,ethics_statement,N,"No explicit engagement with welfare considerations or the three Rs (Replacement, Reduction, Refinement) in study design."
10-1016-j-jip-2026-108548,10.1016/j.jip.2026.108548,Journal of Invertebrate Pathology,nutrition_diet,Y,"Weevils supplied with fresh tea leaves in conical flasks; fungal isolates cultured on SDAY medium and other substrates (rice, oat, potato, etc.)."
10-1016-j-jip-2026-108548,10.1016/j.jip.2026.108548,Journal of Invertebrate Pathology,env_housing,Y,Conical flasks (1000 mL) with gauze covering for ventilation; maintained at 26°C and 85% relative humidity; 16:8h light:dark photoperiod.
10-1016-j-jip-2026-108548,10.1016/j.jip.2026.108548,Journal of Invertebrate Pathology,env_acclimation,Y,Collected weevils maintained in mesh bags with fresh tea leaves for 2 d in laboratory to allow recovery and acclimation before experiments.
10-1016-j-jip-2026-108548,10.1016/j.jip.2026.108548,Journal of Invertebrate Pathology,env_field,Y,"Tea plantation sites described (Site A 1667.5 m², Site C 5328 m², both ~1 km apart); August 2012; systematic sampling along plantation diagonal."
10-1016-j-jip-2026-108548,10.1016/j.jip.2026.108548,Journal of Invertebrate Pathology,health_monitoring,Y,Weevils selected for vigour and absence of injury; mortality assessed daily for 8 d; dead weevils confirmed for fungal phenotype; conidial viability tested (≥90%).
10-1016-j-jip-2026-108548,10.1016/j.jip.2026.108548,Journal of Invertebrate Pathology,health_injury,Y,Dead weevils removed and incubated on wet filter paper to confirm fungal infection; mycosis rates and mortality quantified; control groups demonstrated baseline mortality.
10-1016-j-jip-2026-108548,10.1016/j.jip.2026.108548,Journal of Invertebrate Pathology,fate_end,N,No explicit statement of the method used to kill weevils at end of study; mortality was assessed daily but final disposition not specified.
10-1016-j-jip-2026-108548,10.1016/j.jip.2026.108548,Journal of Invertebrate Pathology,behaviour_general,Y,Weevils maintained in conical flasks with fresh tea leaves (species-typical food); gauze covering prevented escape; maintained in dark or 16:8h photoperiod.
10-1016-j-jip-2026-108548,10.1016/j.jip.2026.108548,Journal of Invertebrate Pathology,affect_indicators,Y,Weevils selected for activity and lack of injury before experiments; vigour monitored; mycosis (fungal infection signs) and mortality tracked as welfare/pathology indicators.
10-1016-j-jip-2026-108549,10.1016/j.jip.2026.108549,Journal of Invertebrate Pathology,_eligibility,Y,Empirical study using live honeybee larvae (Apis cerana cerana) subjected to experimental infection and tissue sampling.
10-1016-j-jip-2026-108549,10.1016/j.jip.2026.108549,Journal of Invertebrate Pathology,subjects_taxon,Y,"Apis cerana cerana (eastern honeybee), worker larvae, 2-6 days old; identification by species and life stage provided."
10-1016-j-jip-2026-108549,10.1016/j.jip.2026.108549,Journal of Invertebrate Pathology,subjects_source,Y,Lab colony: 'Select honeybee colonies that have not been infected by A. apis (confirmed by PCR)'; larvae extracted from combs.
10-1016-j-jip-2026-108549,10.1016/j.jip.2026.108549,Journal of Invertebrate Pathology,subjects_n,Y,"Six experimental groups (AcCK1-3, AcT1-3) with three biological replicates per group; midguts of three larvae pooled per replicate."
10-1016-j-jip-2026-108549,10.1016/j.jip.2026.108549,Journal of Invertebrate Pathology,proc_handling,Y,"2-day-old larvae grafted into 48-well plates; maintained at 35°C, 90% humidity; dissected at 1-3 days post-infection using sterile instruments."
10-1016-j-jip-2026-108549,10.1016/j.jip.2026.108549,Journal of Invertebrate Pathology,proc_anaesthesia,N,No anaesthesia or analgesia mentioned for dissection of larval intestines; no explicit justification provided.
10-1016-j-jip-2026-108549,10.1016/j.jip.2026.108549,Journal of Invertebrate Pathology,proc_biosecurity,Y,Larvae reared in 48-well plates; fungal spores (A. apis) used experimentally; no explicit escape measures or disposal protocols stated but captive system implies containment.
10-1016-j-jip-2026-108549,10.1016/j.jip.2026.108549,Journal of Invertebrate Pathology,ethics_review,N,"No institutional ethics review, permit numbers, or explicit statement that review was not required."
10-1016-j-jip-2026-108549,10.1016/j.jip.2026.108549,Journal of Invertebrate Pathology,ethics_endpoints,N,No predefined humane endpoints or discussion of anticipated non-target impacts mentioned.
10-1016-j-jip-2026-108549,10.1016/j.jip.2026.108549,Journal of Invertebrate Pathology,ethics_statement,N,"No statement engaging with welfare considerations or the three Rs (Replacement, Reduction, Refinement)."
10-1016-j-jip-2026-108549,10.1016/j.jip.2026.108549,Journal of Invertebrate Pathology,nutrition_diet,Y,"Diet composition: 63% royal jelly, 30% sterile water, 6% honey, 1% yeast extract; 50 μL provided; refreshed every 12 h."
10-1016-j-jip-2026-108549,10.1016/j.jip.2026.108549,Journal of Invertebrate Pathology,env_housing,Y,"48-well plates; maintained at 35°C, 90% relative humidity; diet refreshed every 12 h; larvae reared through 6 days of age."
10-1016-j-jip-2026-108549,10.1016/j.jip.2026.108549,Journal of Invertebrate Pathology,env_acclimation,NA,Larvae were 2 days old when grafted into plates; no explicit acclimation period described before experimental procedures.
10-1016-j-jip-2026-108549,10.1016/j.jip.2026.108549,Journal of Invertebrate Pathology,env_field,NA,Pure laboratory study; no field work conducted.
10-1016-j-jip-2026-108549,10.1016/j.jip.2026.108549,Journal of Invertebrate Pathology,health_monitoring,N,"No methods or criteria for assessing physical condition, disease screening, or welfare checks reported."
10-1016-j-jip-2026-108549,10.1016/j.jip.2026.108549,Journal of Invertebrate Pathology,health_injury,N,"No mention of injuries, unexpected deaths, or explicit statement that none occurred during rearing or dissection."
10-1016-j-jip-2026-108549,10.1016/j.jip.2026.108549,Journal of Invertebrate Pathology,fate_end,N,Larvae dissected for tissue collection; no specific killing method named. Downstream processing (tissue freezing at -80°C) implied but method not explicitly stated.
10-1016-j-jip-2026-108549,10.1016/j.jip.2026.108549,Journal of Invertebrate Pathology,behaviour_general,N,"No mention of enrichment, refugia, species-typical behaviour support, or disturbance minimisation measures."
10-1016-j-jip-2026-108549,10.1016/j.jip.2026.108549,Journal of Invertebrate Pathology,affect_indicators,N,No assessment of behavioural or physiological stress indicators; no precautionary measures for affective capacity mentioned.
10-1016-j-jip-2026-108553,10.1016/j.jip.2026.108553,Journal of Invertebrate Pathology,_eligibility,Y,Empirical study using live Helicoverpa armigera (cotton bollworm) larvae for immunological and microbiological experiments.
10-1016-j-jip-2026-108553,10.1016/j.jip.2026.108553,Journal of Invertebrate Pathology,subjects_taxon,Y,"Helicoverpa armigera, fifth-instar larvae specified; life stage clearly stated."
10-1016-j-jip-2026-108553,10.1016/j.jip.2026.108553,Journal of Invertebrate Pathology,subjects_source,Y,"Wild-collected: eggs and larvae from infested lettuce fields near Tehran, Iran; then reared in greenhouse."
10-1016-j-jip-2026-108553,10.1016/j.jip.2026.108553,Journal of Invertebrate Pathology,subjects_n,Y,n=30 fifth-instar larvae per treatment and control group; daily survival tracked until all died.
10-1016-j-jip-2026-108553,10.1016/j.jip.2026.108553,Journal of Invertebrate Pathology,proc_handling,Y,Larvae transferred to sterile containers; Hamilton syringe injection into body cavity; no marking/tagging mentioned but collection and transport described.
10-1016-j-jip-2026-108553,10.1016/j.jip.2026.108553,Journal of Invertebrate Pathology,proc_anaesthesia,N,"Intrahaemocoelic injection performed; no mention of anaesthesia, analgesia, or justification for their omission."
10-1016-j-jip-2026-108553,10.1016/j.jip.2026.108553,Journal of Invertebrate Pathology,proc_biosecurity,Y,Containers and food sterilized with 70% ethanol twice daily to prevent environmental microbial contamination.
10-1016-j-jip-2026-108553,10.1016/j.jip.2026.108553,Journal of Invertebrate Pathology,ethics_review,N,"No institutional ethics review, permit numbers, or explicit statement about ethics approval mentioned."
10-1016-j-jip-2026-108553,10.1016/j.jip.2026.108553,Journal of Invertebrate Pathology,ethics_endpoints,N,No predefined humane endpoints stated; survival tracked until all larvae died but no endpoint criteria specified.
10-1016-j-jip-2026-108553,10.1016/j.jip.2026.108553,Journal of Invertebrate Pathology,ethics_statement,N,No discussion of welfare considerations or the three Rs; funding acknowledgment only.
10-1016-j-jip-2026-108553,10.1016/j.jip.2026.108553,Journal of Invertebrate Pathology,nutrition_diet,Y,"Fed lettuce; antibiotic-treated lettuce cocktail (tetracycline, ceftriaxone, gentamicin, rifampicin; 100 μg/mL) for two weeks; fed for duration of rearing."
10-1016-j-jip-2026-108553,10.1016/j.jip.2026.108553,Journal of Invertebrate Pathology,env_housing,Y,"Reared in greenhouse at 25±2°C, 65±5% relative humidity, 16:8 photoperiod; sterile containers used for antibiotic treatment phase; mating cages used for adults."
10-1016-j-jip-2026-108553,10.1016/j.jip.2026.108553,Journal of Invertebrate Pathology,env_acclimation,N,No acclimation period before procedures explicitly described.
10-1016-j-jip-2026-108553,10.1016/j.jip.2026.108553,Journal of Invertebrate Pathology,env_field,NA,No field work; pure laboratory study.
10-1016-j-jip-2026-108553,10.1016/j.jip.2026.108553,Journal of Invertebrate Pathology,health_monitoring,Y,"Lifecycle monitored; daily survival tracked; gut dissection at 24, 48, 72 h post-injection for tissue collection."
10-1016-j-jip-2026-108553,10.1016/j.jip.2026.108553,Journal of Invertebrate Pathology,health_injury,Y,Daily mortality tracked until all larvae succumbed; survival curves presented; no explicit statement of injuries but death outcome recorded.
10-1016-j-jip-2026-108553,10.1016/j.jip.2026.108553,Journal of Invertebrate Pathology,fate_end,N,No explicit killing method stated; larvae survived until natural death from infection; fate of remaining tissues not specified.
10-1016-j-jip-2026-108553,10.1016/j.jip.2026.108553,Journal of Invertebrate Pathology,behaviour_general,N,"No description of behaviour-supporting features, refugia, enrichment, or disturbance minimisation."
10-1016-j-jip-2026-108553,10.1016/j.jip.2026.108553,Journal of Invertebrate Pathology,affect_indicators,N,"No discussion of stress, pain, or distress indicators; no precautionary measures for invertebrate affective capacity mentioned."
10-1016-j-jip-2026-108560,10.1016/j.jip.2026.108560,Journal of Invertebrate Pathology,_eligibility,Y,"Empirical study using live crustaceans (king crabs Lithodes santolla and Paralomis granulosa) captured, maintained in aquaria, dissected, and analyzed."
10-1016-j-jip-2026-108560,10.1016/j.jip.2026.108560,Journal of Invertebrate Pathology,subjects_taxon,Y,"L. santolla (n=75 wild, n=10 aquarium) and P. granulosa (n=17). Species identified, carapace width measured, sex recorded."
10-1016-j-jip-2026-108560,10.1016/j.jip.2026.108560,Journal of Invertebrate Pathology,subjects_source,Y,"Wild-collected from Beagle Channel (54°53.8' S, 68°17' W), Tierra del Fuego, Argentina, 2018–2019, using commercial traps at 20–35 m depth."
10-1016-j-jip-2026-108560,10.1016/j.jip.2026.108560,Journal of Invertebrate Pathology,subjects_n,Y,"n=75 wild L. santolla, n=10 aquarium L. santolla, n=17 P. granulosa. No sample size justification provided but numbers stated clearly."
10-1016-j-jip-2026-108560,10.1016/j.jip.2026.108560,Journal of Invertebrate Pathology,proc_handling,Y,"Capture by commercial traps; transport and maintenance in aquaria at 6–8°C, 10:14 h light:dark for 48 h (wild) or 1–2 months (aquarium)."
10-1016-j-jip-2026-108560,10.1016/j.jip.2026.108560,Journal of Invertebrate Pathology,proc_anaesthesia,Y,"Animals anaesthetized by chilling at −20°C for 20 min, then decapitated before dissection."
10-1016-j-jip-2026-108560,10.1016/j.jip.2026.108560,Journal of Invertebrate Pathology,proc_biosecurity,N,No mention of escape prevention measures or disposal of contaminated material despite non-native taxa risk context.
10-1016-j-jip-2026-108560,10.1016/j.jip.2026.108560,Journal of Invertebrate Pathology,ethics_review,N,No institutional/regulatory ethics review or permit numbers mentioned; no explicit statement regarding exemption from review.
10-1016-j-jip-2026-108560,10.1016/j.jip.2026.108560,Journal of Invertebrate Pathology,ethics_endpoints,N,No predefined humane endpoints or field impact mitigation discussed.
10-1016-j-jip-2026-108560,10.1016/j.jip.2026.108560,Journal of Invertebrate Pathology,ethics_statement,N,No statement engaging welfare considerations or the three Rs; study framed as pathogen survey without welfare reasoning.
10-1016-j-jip-2026-108560,10.1016/j.jip.2026.108560,Journal of Invertebrate Pathology,nutrition_diet,N,"No information on diet, feeding, or water provision during aquarium maintenance."
10-1016-j-jip-2026-108560,10.1016/j.jip.2026.108560,Journal of Invertebrate Pathology,env_housing,Y,"Aquaria maintained at 6–8°C with 10:14 h light:dark cycle; enclosure materials, dimensions, substrate, and density not specified."
10-1016-j-jip-2026-108560,10.1016/j.jip.2026.108560,Journal of Invertebrate Pathology,env_acclimation,N,No formal acclimation period described; animals held for 48 h before processing (wild) or 1–2 months (aquarium) but not framed as acclimation.
10-1016-j-jip-2026-108560,10.1016/j.jip.2026.108560,Journal of Invertebrate Pathology,env_field,Y,"Field site: Beagle Channel, Tierra del Fuego, Argentina; depth 20–35 m; sampling 2018–2019; trap design and deployment mentioned."
10-1016-j-jip-2026-108560,10.1016/j.jip.2026.108560,Journal of Invertebrate Pathology,health_monitoring,N,No methods for assessing physical condition during holding or welfare checks described.
10-1016-j-jip-2026-108560,10.1016/j.jip.2026.108560,Journal of Invertebrate Pathology,health_injury,N,"No mention of injuries, unexpected deaths, or illness during capture, transport, or holding; silence on these outcomes."
10-1016-j-jip-2026-108560,10.1016/j.jip.2026.108560,Journal of Invertebrate Pathology,fate_end,Y,"Animals anaesthetized by chilling at −20°C for 20 min and decapitated; tissues preserved in glutaraldehyde, ethanol, or processed histologically."
10-1016-j-jip-2026-108560,10.1016/j.jip.2026.108560,Journal of Invertebrate Pathology,behaviour_general,N,"No discussion of species-typical behaviour support, refugia, enrichment, or disturbance minimisation during aquarium maintenance."
10-1016-j-jip-2026-108560,10.1016/j.jip.2026.108560,Journal of Invertebrate Pathology,affect_indicators,N,No behavioural or physiological stress indicators monitored; no precautionary measures for affective capacity discussed.
10-1016-j-jip-2026-108575,10.1016/j.jip.2026.108575,Journal of Invertebrate Pathology,_eligibility,Y,Empirical study using live Bombus terrestris queens with viral infection and experimental treatments.
10-1016-j-jip-2026-108575,10.1016/j.jip.2026.108575,Journal of Invertebrate Pathology,subjects_taxon,Y,"Bombus terrestris queens; two age groups specified: pre-diapause (1–2 weeks old) and post-diapause (19–20 weeks, after 18 weeks diapause)."
10-1016-j-jip-2026-108575,10.1016/j.jip.2026.108575,Journal of Invertebrate Pathology,subjects_source,Y,Commercial suppliers named: Pol-Yam Pollination Services and AgroBee (Israel); raised and mated at facilities.
10-1016-j-jip-2026-108575,10.1016/j.jip.2026.108575,Journal of Invertebrate Pathology,subjects_n,Y,"Experiment 1: 80 queens (40 pre-, 40 post-diapause); Experiment 2: 80 pre-diapause queens; Experiment 3: 80 post-diapause queens; Experiment 4: 16 untreated queens (8 per group). Attrition described i"
10-1016-j-jip-2026-108575,10.1016/j.jip.2026.108575,Journal of Invertebrate Pathology,proc_handling,Y,Transport in custom cages; cooling for immobilization (5–10 min in ice bucket); fixing to dissection dish with clay; no marking/tagging described.
10-1016-j-jip-2026-108575,10.1016/j.jip.2026.108575,Journal of Invertebrate Pathology,proc_anaesthesia,Y,"Cooling (ice bucket 5–10 min) induced temporary paralysis; bees regained mobility within minutes. No explicit anaesthesia for invasive procedures (injection, dissection). Anesthesia on ice for 15–30 m"
10-1016-j-jip-2026-108575,10.1016/j.jip.2026.108575,Journal of Invertebrate Pathology,proc_biosecurity,N,"No mention of escape measures, containment, or disposal of contaminated material despite holding captive bees and handling virus inoculum."
10-1016-j-jip-2026-108575,10.1016/j.jip.2026.108575,Journal of Invertebrate Pathology,ethics_review,N,"No mention of institutional ethics review, permits, or regulatory approval."
10-1016-j-jip-2026-108575,10.1016/j.jip.2026.108575,Journal of Invertebrate Pathology,ethics_endpoints,N,"No predefined humane endpoints stated. No discussion of anticipated/observed non-target impacts; preliminary study mentioned 40% mortality by day 4, 90% by day 6 post-injection, but no explicit endpoi"
10-1016-j-jip-2026-108575,10.1016/j.jip.2026.108575,Journal of Invertebrate Pathology,ethics_statement,N,"No discussion of welfare considerations, reduction, refinement, or replacement of animal use in study design."
10-1016-j-jip-2026-108575,10.1016/j.jip.2026.108575,Journal of Invertebrate Pathology,nutrition_diet,Y,"40 mL sugar solution (60%) and 5 g pollen cake (90% fresh pollen, 10% sugar solution) provided; feeding frequency not explicitly stated but access described."
10-1016-j-jip-2026-108575,10.1016/j.jip.2026.108575,Journal of Invertebrate Pathology,env_housing,Y,"Custom plastic cages (6×8×12 cm) with built-in feeders; housed in groups of 4; climate-controlled room (28°C±1, RH 50%±10%); no substrate, structural complexity, or ventilation details provided."
10-1016-j-jip-2026-108575,10.1016/j.jip.2026.108575,Journal of Invertebrate Pathology,env_acclimation,Y,Three days acclimation before viral infection in Experiments 1–3 mentioned once; duration stated for some protocols but inconsistently.
10-1016-j-jip-2026-108575,10.1016/j.jip.2026.108575,Journal of Invertebrate Pathology,env_field,NA,Pure laboratory study; no field work.
10-1016-j-jip-2026-108575,10.1016/j.jip.2026.108575,Journal of Invertebrate Pathology,health_monitoring,Y,"Preliminary study noted visible symptoms from day 3, mortality tracking (40% day 4, 90% day 6); no systematic welfare checks or health criteria during main experiments described."
10-1016-j-jip-2026-108575,10.1016/j.jip.2026.108575,Journal of Invertebrate Pathology,health_injury,Y,"Preliminary study reported 40% mortality by day 4, 90% by day 6 in IAPV-infected group; 25% mortality in control (inactivated virus) attributed to injection injuries. Main experiment collection points"
10-1016-j-jip-2026-108575,10.1016/j.jip.2026.108575,Journal of Invertebrate Pathology,fate_end,Y,Queens anesthetized on ice for 15–30 min then euthanized by head removal; tissues dissected and stored at −80°C for analysis.
10-1016-j-jip-2026-108575,10.1016/j.jip.2026.108575,Journal of Invertebrate Pathology,behaviour_general,N,"No description of behavioural observations, enrichment, refugia, or disturbance minimisation during housing."
10-1016-j-jip-2026-108575,10.1016/j.jip.2026.108575,Journal of Invertebrate Pathology,affect_indicators,N,"No assessment of stress, pain, or distress indicators; no precautionary measures discussed for uncertain affective capacity in bees."
10-1016-j-jip-2026-108608,10.1016/j.jip.2026.108608,Journal of Invertebrate Pathology,_eligibility,Y,Empirical study using live Bombyx mori (silkworm) larvae for injection and immune assay experiments.
10-1016-j-jip-2026-108608,10.1016/j.jip.2026.108608,Journal of Invertebrate Pathology,subjects_taxon,Y,"Bombyx mori (Nistari strain), larvae, fifth instar, third day specified."
10-1016-j-jip-2026-108608,10.1016/j.jip.2026.108608,Journal of Invertebrate Pathology,subjects_source,Y,Lab colony: obtained from National Center for Genetic Resources Preservation of Chinese Academy of Agricultural Sciences.
10-1016-j-jip-2026-108608,10.1016/j.jip.2026.108608,Journal of Invertebrate Pathology,subjects_n,Y,10 larvae per treatment group with three replicates stated for bioassays; n=3 biological replicates for transcriptomics.
10-1016-j-jip-2026-108608,10.1016/j.jip.2026.108608,Journal of Invertebrate Pathology,proc_handling,Y,Placed on ice 15 min for immobilization; surface sterilized with 75% ethanol; microinjection method specified.
10-1016-j-jip-2026-108608,10.1016/j.jip.2026.108608,Journal of Invertebrate Pathology,proc_anaesthesia,Y,"Cold immobilization (ice, 15 min) prior to injection. No chemical anaesthesia or analgesia stated for injection procedure."
10-1016-j-jip-2026-108608,10.1016/j.jip.2026.108608,Journal of Invertebrate Pathology,proc_biosecurity,N,No mention of escape prevention or disposal measures for lab-reared native species.
10-1016-j-jip-2026-108608,10.1016/j.jip.2026.108608,Journal of Invertebrate Pathology,ethics_review,N,"No institutional ethics review, permit numbers, or conservation status statement provided."
10-1016-j-jip-2026-108608,10.1016/j.jip.2026.108608,Journal of Invertebrate Pathology,ethics_endpoints,N,No predefined humane endpoints reported; field work not applicable.
10-1016-j-jip-2026-108608,10.1016/j.jip.2026.108608,Journal of Invertebrate Pathology,ethics_statement,N,No discussion of welfare considerations or the three Rs informing study design.
10-1016-j-jip-2026-108608,10.1016/j.jip.2026.108608,Journal of Invertebrate Pathology,nutrition_diet,Y,Fed with fresh mulberry leaves; no pre- or post-experimental fasting mentioned.
10-1016-j-jip-2026-108608,10.1016/j.jip.2026.108608,Journal of Invertebrate Pathology,env_housing,Y,"Light incubator (GDN-300E-4); 26±1°C, 85% RH, 12L:12D photoperiod specified."
10-1016-j-jip-2026-108608,10.1016/j.jip.2026.108608,Journal of Invertebrate Pathology,env_acclimation,N,No acclimation period described before injection experiments.
10-1016-j-jip-2026-108608,10.1016/j.jip.2026.108608,Journal of Invertebrate Pathology,env_field,NA,Pure laboratory study; no field work conducted.
10-1016-j-jip-2026-108608,10.1016/j.jip.2026.108608,Journal of Invertebrate Pathology,health_monitoring,N,"No health monitoring methods, injury assessment, or disease screening reported."
10-1016-j-jip-2026-108608,10.1016/j.jip.2026.108608,Journal of Invertebrate Pathology,health_injury,Y,Mortality data reported (corrected mortality rates 40–70% depending on BEA concentration); body collapse and melanization observed in deceased animals.
10-1016-j-jip-2026-108608,10.1016/j.jip.2026.108608,Journal of Invertebrate Pathology,fate_end,N,No explicit killing method stated. Larvae were dissected or hemolymph extracted; fate of surviving animals not specified.
10-1016-j-jip-2026-108608,10.1016/j.jip.2026.108608,Journal of Invertebrate Pathology,behaviour_general,N,"No description of species-typical behaviour support, refugia, enrichment, or disturbance minimisation."
10-1016-j-jip-2026-108608,10.1016/j.jip.2026.108608,Journal of Invertebrate Pathology,affect_indicators,N,"No behavioural or physiological stress indicators (e.g., escape attempts, grooming) reported or discussed."
10-1016-j-jip-2026-108611,10.1016/j.jip.2026.108611,Journal of Invertebrate Pathology,_eligibility,Y,Empirical study using live wild-collected Lasius niger ants (invertebrates) for viral detection and analysis.
10-1016-j-jip-2026-108611,10.1016/j.jip.2026.108611,Journal of Invertebrate Pathology,subjects_taxon,Y,"Lasius niger L. (black garden ant), identified by morphology using Lebas et al. 2016 key; forager caste sampled."
10-1016-j-jip-2026-108611,10.1016/j.jip.2026.108611,Journal of Invertebrate Pathology,subjects_source,Y,"Wild-collected from colonies in Netherlands (May–Aug 2023, May 2024) and Vienna Austria (Sept 2021); specific localities provided."
10-1016-j-jip-2026-108611,10.1016/j.jip.2026.108611,Journal of Invertebrate Pathology,subjects_n,Y,40 wild colonies sampled; pools of 10 foragers per colony; 10 or 20 individual ants per colony for within-colony prevalence; ~400 individuals from Vienna.
10-1016-j-jip-2026-108611,10.1016/j.jip.2026.108611,Journal of Invertebrate Pathology,proc_handling,Y,Foragers collected near nests using mouth aspirator with filter; samples processed immediately or stored at −80°C.
10-1016-j-jip-2026-108611,10.1016/j.jip.2026.108611,Journal of Invertebrate Pathology,proc_anaesthesia,NA,No invasive surgical procedure; viral RNA extraction on whole homogenized ants does not require anaesthesia/analgesia.
10-1016-j-jip-2026-108611,10.1016/j.jip.2026.108611,Journal of Invertebrate Pathology,proc_biosecurity,N,"No mention of escape prevention, containment, or disposal measures for wild-collected non-native taxa samples."
10-1016-j-jip-2026-108611,10.1016/j.jip.2026.108611,Journal of Invertebrate Pathology,ethics_review,N,"No institutional/regulatory ethics review, permit numbers, or explicit statement that none was required mentioned."
10-1016-j-jip-2026-108611,10.1016/j.jip.2026.108611,Journal of Invertebrate Pathology,ethics_endpoints,N,No humane endpoints predefined; no discussion of anticipated non-target impacts from field sampling.
10-1016-j-jip-2026-108611,10.1016/j.jip.2026.108611,Journal of Invertebrate Pathology,ethics_statement,N,"No welfare considerations, 3Rs reasoning, or explicit justification for study design choices regarding animal use discussed."
10-1016-j-jip-2026-108611,10.1016/j.jip.2026.108611,Journal of Invertebrate Pathology,nutrition_diet,NA,Wild-collected foragers; no captive feeding or diet provision involved in this study.
10-1016-j-jip-2026-108611,10.1016/j.jip.2026.108611,Journal of Invertebrate Pathology,env_housing,NA,Wild field-collected ants; no captive housing or laboratory enclosure used.
10-1016-j-jip-2026-108611,10.1016/j.jip.2026.108611,Journal of Invertebrate Pathology,env_acclimation,NA,No acclimation period; ants processed immediately after collection or stored at −80°C.
10-1016-j-jip-2026-108611,10.1016/j.jip.2026.108611,Journal of Invertebrate Pathology,env_field,Y,Field sites across Netherlands and Vienna; sampling during May–August; proximity to nests noted; collection method specified.
10-1016-j-jip-2026-108611,10.1016/j.jip.2026.108611,Journal of Invertebrate Pathology,health_monitoring,N,"No assessment of ant physical condition, disease/parasite screening (other than target viruses), or welfare monitoring described."
10-1016-j-jip-2026-108611,10.1016/j.jip.2026.108611,Journal of Invertebrate Pathology,health_injury,N,"No mention of injuries, deaths, or any health observations during collection or storage; silence on these outcomes."
10-1016-j-jip-2026-108611,10.1016/j.jip.2026.108611,Journal of Invertebrate Pathology,fate_end,Y,Samples stored at −80°C or immediately processed by homogenization (bead-beater) for viral RNA extraction; endpoint implicit in methodology.
10-1016-j-jip-2026-108611,10.1016/j.jip.2026.108611,Journal of Invertebrate Pathology,behaviour_general,N,"No description of ant behaviour during collection, no enrichment or refugia, minimal disturbance discussion."
10-1016-j-jip-2026-108611,10.1016/j.jip.2026.108611,Journal of Invertebrate Pathology,affect_indicators,N,"No assessment of stress, pain, or distress indicators; no precautionary measures for uncertain affective capacity discussed."
10-1016-j-jip-2026-108621,10.1016/j.jip.2026.108621,Journal of Invertebrate Pathology,_eligibility,Y,Empirical study using live honey bees (Apis mellifera workers and queens) experimentally infected with Nosema ceranae and tested for flight performance.
10-1016-j-jip-2026-108621,10.1016/j.jip.2026.108621,Journal of Invertebrate Pathology,subjects_taxon,Y,"Apis mellifera, workers and virgin queens, newly emerged/eclosed, life stages specified."
10-1016-j-jip-2026-108621,10.1016/j.jip.2026.108621,Journal of Invertebrate Pathology,subjects_source,Y,Lab colonies at Michigan State University apiary; three different colonies used; brood frames from healthy colonies.
10-1016-j-jip-2026-108621,10.1016/j.jip.2026.108621,Journal of Invertebrate Pathology,subjects_n,Y,"40 workers per colony (3 colonies, 20 control + 20 infected per colony); 20 virgin queens per colony; attrition not explicitly stated but sample sizes reported in results."
10-1016-j-jip-2026-108621,10.1016/j.jip.2026.108621,Journal of Invertebrate Pathology,proc_handling,Y,"Brood frames collected, bees emerged within 24 h; bees tagged with iron disc on thorax using super glue after removing thoracic hairs; housed in cages 15x15x10 cm."
10-1016-j-jip-2026-108621,10.1016/j.jip.2026.108621,Journal of Invertebrate Pathology,proc_anaesthesia,NA,No invasive surgical procedures performed; tagging was non-surgical marking/attachment.
10-1016-j-jip-2026-108621,10.1016/j.jip.2026.108621,Journal of Invertebrate Pathology,proc_biosecurity,N,No mention of escape prevention measures or disposal protocols for contaminated material.
10-1016-j-jip-2026-108621,10.1016/j.jip.2026.108621,Journal of Invertebrate Pathology,ethics_review,N,"No mention of institutional ethics review, permits, or regulatory approval; no explicit statement that none was required."
10-1016-j-jip-2026-108621,10.1016/j.jip.2026.108621,Journal of Invertebrate Pathology,ethics_endpoints,N,No predefined humane endpoints or mention of welfare criteria described.
10-1016-j-jip-2026-108621,10.1016/j.jip.2026.108621,Journal of Invertebrate Pathology,ethics_statement,N,"No discussion of welfare considerations or the three Rs (Replacement, Reduction, Refinement) in study design."
10-1016-j-jip-2026-108621,10.1016/j.jip.2026.108621,Journal of Invertebrate Pathology,nutrition_diet,Y,"50% sucrose solution provided (20 ml, changed every 5 days); 2 h starvation before inoculation and before flight tests; 10 µL sugar syrup fed before flight test."
10-1016-j-jip-2026-108621,10.1016/j.jip.2026.108621,Journal of Invertebrate Pathology,env_housing,Y,Cage dimensions 15×15×10 cm; temperature 34.5°C; 50% relative humidity; no substrate or enrichment details provided; six flight mills maintained at 25±1°C and constant light 1760 Lux; cylinder enclosu
10-1016-j-jip-2026-108621,10.1016/j.jip.2026.108621,Journal of Invertebrate Pathology,env_acclimation,N,Bees aged 10 days post-infection before flight testing but no acclimation period described prior to procedures.
10-1016-j-jip-2026-108621,10.1016/j.jip.2026.108621,Journal of Invertebrate Pathology,env_field,NA,Pure laboratory study; no field work conducted.
10-1016-j-jip-2026-108621,10.1016/j.jip.2026.108621,Journal of Invertebrate Pathology,health_monitoring,Y,"Nosema spore counts obtained from infected bees (Table S1, mean 1.13×10⁶ spores per bee); infection detection methods referenced but not fully detailed in methods."
10-1016-j-jip-2026-108621,10.1016/j.jip.2026.108621,Journal of Invertebrate Pathology,health_injury,N,"No statement regarding injuries, unexpected deaths, or mortality during the study; silence on these events."
10-1016-j-jip-2026-108621,10.1016/j.jip.2026.108621,Journal of Invertebrate Pathology,fate_end,N,No explicit statement of the method used to kill or dispose of bees at the end of the study.
10-1016-j-jip-2026-108621,10.1016/j.jip.2026.108621,Journal of Invertebrate Pathology,behaviour_general,Y,"Flight mill setup described with visual cues (striped cylinder); bees tested in controlled conditions; flight behavior metrics recorded (duration, distance, velocity, flight episodes)."
10-1016-j-jip-2026-108621,10.1016/j.jip.2026.108621,Journal of Invertebrate Pathology,affect_indicators,Y,"Flight performance metrics (duration, distance, velocity) used as behavioral indicators of infection effects; no explicit discussion of stress indicators or precautionary measures for affective uncert"
10-1016-j-jip-2026-108680,10.1016/j.jip.2026.108680,Journal of Invertebrate Pathology,_eligibility,Y,Empirical field study involving live coffee berry borers (Hypothenemus hampei) dissected to detect parasitic nematodes (Metaparasitylenchus hypothenemi).
10-1016-j-jip-2026-108680,10.1016/j.jip.2026.108680,Journal of Invertebrate Pathology,subjects_taxon,Y,"Coffee berry borer (Hypothenemus hampei, Coleoptera: Curculionidae) and parasitic nematode (Metaparasitylenchus hypothenemi, Tylenchida: Allantonematidae) both identified to species."
10-1016-j-jip-2026-108680,10.1016/j.jip.2026.108680,Journal of Invertebrate Pathology,subjects_source,Y,"Wild-collected from four coffee plantations in Soconusco region, Mexico with specific locality coordinates and dates (March 2023–June 2024)."
10-1016-j-jip-2026-108680,10.1016/j.jip.2026.108680,Journal of Invertebrate Pathology,subjects_n,Y,"Total 8010 female CBB dissected; breakdown: 2790 LDLA, 1810 HDLA, 1680 HDHA, 1730 LDHA. No attrition reported; no justification for sample size."
10-1016-j-jip-2026-108680,10.1016/j.jip.2026.108680,Journal of Invertebrate Pathology,proc_handling,Y,Field sampling via tree vegetation inventory and collection at four sites spanning 2500 m² each; no explicit capture/transport details but field collection implied.
10-1016-j-jip-2026-108680,10.1016/j.jip.2026.108680,Journal of Invertebrate Pathology,proc_anaesthesia,NA,"Dissection performed on collected CBB; no anaesthesia or analgesia mentioned, but no explicit invasive surgical procedure requiring consent described."
10-1016-j-jip-2026-108680,10.1016/j.jip.2026.108680,Journal of Invertebrate Pathology,proc_biosecurity,N,"No mention of escape prevention, containment, or disposal of contaminated material from sampled specimens."
10-1016-j-jip-2026-108680,10.1016/j.jip.2026.108680,Journal of Invertebrate Pathology,ethics_review,N,"No mention of institutional ethics review, permits, or regulatory approval; no explicit statement that none was required."
10-1016-j-jip-2026-108680,10.1016/j.jip.2026.108680,Journal of Invertebrate Pathology,ethics_endpoints,N,No humane endpoints defined; no discussion of non-target impacts or unexpected harms during field sampling.
10-1016-j-jip-2026-108680,10.1016/j.jip.2026.108680,Journal of Invertebrate Pathology,ethics_statement,N,"No engagement with welfare considerations or the three Rs (Replacement, Reduction, Refinement) in relation to invertebrate use."
10-1016-j-jip-2026-108680,10.1016/j.jip.2026.108680,Journal of Invertebrate Pathology,nutrition_diet,N,"No mention of diet, feeding, or nutritional maintenance of collected specimens."
10-1016-j-jip-2026-108680,10.1016/j.jip.2026.108680,Journal of Invertebrate Pathology,env_housing,N,Pure field study; no captive housing or enclosure conditions described for collected invertebrates.
10-1016-j-jip-2026-108680,10.1016/j.jip.2026.108680,Journal of Invertebrate Pathology,env_acclimation,NA,Field-collected specimens; no laboratory acclimation period described or applicable.
10-1016-j-jip-2026-108680,10.1016/j.jip.2026.108680,Journal of Invertebrate Pathology,env_field,Y,"Field sites described with altitude (450–1000 m a.s.l.), tree density, vegetation inventory, temperature, relative humidity, and seasonal patterns (rainy March–October, dry season) recorded."
10-1016-j-jip-2026-108680,10.1016/j.jip.2026.108680,Journal of Invertebrate Pathology,health_monitoring,Y,Parasitism prevalence assessed via dissection and nematode detection; no explicit disease screening or welfare checks beyond parasitism detection.
10-1016-j-jip-2026-108680,10.1016/j.jip.2026.108680,Journal of Invertebrate Pathology,health_injury,N,"No statement on injuries, mortality, or unexpected deaths during collection or dissection; silence on these outcomes."
10-1016-j-jip-2026-108680,10.1016/j.jip.2026.108680,Journal of Invertebrate Pathology,fate_end,N,Method of killing CBB prior to dissection not explicitly named; dissection process described but no statement of euthanasia method or killing procedure.
10-1016-j-jip-2026-108680,10.1016/j.jip.2026.108680,Journal of Invertebrate Pathology,behaviour_general,N,"Study focused on parasitism prevalence; no description of enclosure setup, refugia, enrichment, or species-typical behaviour constraints."
10-1016-j-jip-2026-108680,10.1016/j.jip.2026.108680,Journal of Invertebrate Pathology,affect_indicators,N,"No assessment of stress, pain, or distress indicators in collected or dissected invertebrates; no precautionary measures discussed."
10-1163-23524588-bja10301,10.1163/23524588-bja10301,Journal of Insects as Food and Feed,_eligibility,Y,Empirical study using live Tenebrio molitor (yellow mealworm) females for immune challenge experiments.
10-1163-23524588-bja10301,10.1163/23524588-bja10301,Journal of Insects as Food and Feed,subjects_taxon,Y,"Tenebrio molitor, females specified, life stage (adult) implicit in reproductive context."
10-1163-23524588-bja10301,10.1163/23524588-bja10301,Journal of Insects as Food and Feed,subjects_source,N,"No statement on origin (wild-collected, lab colony, or commercial supplier) or founding stock."
10-1163-23524588-bja10301,10.1163/23524588-bja10301,Journal of Insects as Food and Feed,subjects_n,N,"No sample size, attrition data, or justification provided in extracted methods text."
10-1163-23524588-bja10301,10.1163/23524588-bja10301,Journal of Insects as Food and Feed,proc_handling,N,"No mention of capture, transport, handling, restraint, marking, or sampling effort."
10-1163-23524588-bja10301,10.1163/23524588-bja10301,Journal of Insects as Food and Feed,proc_anaesthesia,N,Septic wounding procedure mentioned but no anaesthesia or analgesia statement or justification.
10-1163-23524588-bja10301,10.1163/23524588-bja10301,Journal of Insects as Food and Feed,proc_biosecurity,N,No mention of escape prevention or disposal measures for contaminated material.
10-1163-23524588-bja10301,10.1163/23524588-bja10301,Journal of Insects as Food and Feed,ethics_review,N,"No institutional ethics review, permit numbers, or explicit statement that none was required."
10-1163-23524588-bja10301,10.1163/23524588-bja10301,Journal of Insects as Food and Feed,ethics_endpoints,N,No humane endpoints or non-target impact assessment reported.
10-1163-23524588-bja10301,10.1163/23524588-bja10301,Journal of Insects as Food and Feed,ethics_statement,N,No discussion of welfare considerations or the three Rs informing study design.
10-1163-23524588-bja10301,10.1163/23524588-bja10301,Journal of Insects as Food and Feed,nutrition_diet,N,"No diet composition, feeding frequency, water/moisture provision, or fasting protocols stated."
10-1163-23524588-bja10301,10.1163/23524588-bja10301,Journal of Insects as Food and Feed,env_housing,N,"No enclosure details, temperature, humidity, density, substrate, or cleaning procedures reported."
10-1163-23524588-bja10301,10.1163/23524588-bja10301,Journal of Insects as Food and Feed,env_acclimation,N,No acclimation period duration or conditions described.
10-1163-23524588-bja10301,10.1163/23524588-bja10301,Journal of Insects as Food and Feed,env_field,NA,Pure laboratory study; no field work conducted.
10-1163-23524588-bja10301,10.1163/23524588-bja10301,Journal of Insects as Food and Feed,health_monitoring,N,"No methods for physical condition assessment, disease screening, or welfare check frequency."
10-1163-23524588-bja10301,10.1163/23524588-bja10301,Journal of Insects as Food and Feed,health_injury,N,"No mention of injuries, deaths, or explicit statement that none occurred."
10-1163-23524588-bja10301,10.1163/23524588-bja10301,Journal of Insects as Food and Feed,fate_end,N,No specific killing method named; haemolymph collection implies lethal procedures but not explicitly stated.
10-1163-23524588-bja10301,10.1163/23524588-bja10301,Journal of Insects as Food and Feed,behaviour_general,N,"No mention of species-typical behaviour support, refugia, enrichment, or disturbance minimisation."
10-1163-23524588-bja10301,10.1163/23524588-bja10301,Journal of Insects as Food and Feed,affect_indicators,N,No behavioural or physiological stress indicators or precautionary measures discussed.
10-1163-23524588-bja10350,10.1163/23524588-bja10350,Journal of Insects as Food and Feed,_eligibility,Y,Empirical study using live Tenebrio molitor larvae in controlled rearing conditions.
10-1163-23524588-bja10350,10.1163/23524588-bja10350,Journal of Insects as Food and Feed,subjects_taxon,Y,Tenebrio molitor (Coleoptera: Tenebrionidae) identified; life stage is larvae.
10-1163-23524588-bja10350,10.1163/23524588-bja10350,Journal of Insects as Food and Feed,subjects_source,N,"No information on origin of insects, whether wild-collected, lab colony, or commercial source."
10-1163-23524588-bja10350,10.1163/23524588-bja10350,Journal of Insects as Food and Feed,subjects_n,Y,"N = 200, n = 2 replicates; attrition not reported; justification for sample size not provided."
10-1163-23524588-bja10350,10.1163/23524588-bja10350,Journal of Insects as Food and Feed,proc_handling,N,"No description of capture, transport, handling, restraint, marking, or sampling effort."
10-1163-23524588-bja10350,10.1163/23524588-bja10350,Journal of Insects as Food and Feed,proc_anaesthesia,NA,No invasive procedures performed; larvae reared and sampled after 40 days.
10-1163-23524588-bja10350,10.1163/23524588-bja10350,Journal of Insects as Food and Feed,proc_biosecurity,N,No mention of escape prevention measures or disposal of contaminated material.
10-1163-23524588-bja10350,10.1163/23524588-bja10350,Journal of Insects as Food and Feed,ethics_review,N,"No institutional ethics review, permit numbers, or explicit statement that none was required."
10-1163-23524588-bja10350,10.1163/23524588-bja10350,Journal of Insects as Food and Feed,ethics_endpoints,N,No predefined humane endpoints or anticipated/observed non-target impacts discussed.
10-1163-23524588-bja10350,10.1163/23524588-bja10350,Journal of Insects as Food and Feed,ethics_statement,N,"No discussion of welfare considerations or the three Rs (Replacement, Reduction, Refinement)."
10-1163-23524588-bja10350,10.1163/23524588-bja10350,Journal of Insects as Food and Feed,nutrition_diet,Y,"Three diet formulations described: TC (100% wheat bran), T50 (50% corn cob, 50% wheat bran), T80 (80% corn cob, 20% wheat bran); protein content specified per treatment."
10-1163-23524588-bja10350,10.1163/23524588-bja10350,Journal of Insects as Food and Feed,env_housing,Y,"Standard controlled conditions mentioned: 25°C, 75% relative humidity; no enclosure details, substrate, or density provided."
10-1163-23524588-bja10350,10.1163/23524588-bja10350,Journal of Insects as Food and Feed,env_acclimation,N,No acclimation period described; 40-day feeding trial duration stated but no pre-trial acclimation mentioned.
10-1163-23524588-bja10350,10.1163/23524588-bja10350,Journal of Insects as Food and Feed,env_field,NA,Pure lab study with no field component; not applicable.
10-1163-23524588-bja10350,10.1163/23524588-bja10350,Journal of Insects as Food and Feed,health_monitoring,N,"No health monitoring methods, welfare checks, or disease screening described."
10-1163-23524588-bja10350,10.1163/23524588-bja10350,Journal of Insects as Food and Feed,health_injury,N,"No report of injuries, unexpected deaths, or explicit statement that none occurred."
10-1163-23524588-bja10350,10.1163/23524588-bja10350,Journal of Insects as Food and Feed,fate_end,N,No specific killing method named; larvae harvested for analysis but method of euthanasia not stated.
10-1163-23524588-bja10350,10.1163/23524588-bja10350,Journal of Insects as Food and Feed,behaviour_general,N,"No mention of behaviourally supportive features, refugia, enrichment, or social grouping."
10-1163-23524588-bja10350,10.1163/23524588-bja10350,Journal of Insects as Food and Feed,affect_indicators,N,No behavioural or physiological stress indicators measured or discussed.
10-1163-23524588-bja10335,10.1163/23524588-bja10335,Journal of Insects as Food and Feed,_eligibility,Y,Empirical study using live Chlaenius bioculatus beetles in trapping experiments.
10-1163-23524588-bja10335,10.1163/23524588-bja10335,Journal of Insects as Food and Feed,subjects_taxon,Y,"Chlaenius bioculatus (Coleoptera: Carabidae), adults; species and order identified."
10-1163-23524588-bja10335,10.1163/23524588-bja10335,Journal of Insects as Food and Feed,subjects_source,N,"No information provided on origin of beetles (wild-collected, lab colony, or commercial supplier)."
10-1163-23524588-bja10335,10.1163/23524588-bja10335,Journal of Insects as Food and Feed,subjects_n,N,Number of beetles used not specified; only '7-day trapping period' mentioned with 3 replicates per treatment.
10-1163-23524588-bja10335,10.1163/23524588-bja10335,Journal of Insects as Food and Feed,proc_handling,Y,Capture method described: 'Captured beetles were collected and recorded after a 7-day trapping period.'
10-1163-23524588-bja10335,10.1163/23524588-bja10335,Journal of Insects as Food and Feed,proc_anaesthesia,NA,No invasive procedures or killing methods described for beetles during trapping phase.
10-1163-23524588-bja10335,10.1163/23524588-bja10335,Journal of Insects as Food and Feed,proc_biosecurity,N,No measures against escape mentioned despite indoor greenhouse deployment of traps.
10-1163-23524588-bja10335,10.1163/23524588-bja10335,Journal of Insects as Food and Feed,ethics_review,N,"No institutional ethics review, permits, or statements regarding animal welfare approvals provided."
10-1163-23524588-bja10335,10.1163/23524588-bja10335,Journal of Insects as Food and Feed,ethics_endpoints,N,No humane endpoints or welfare criteria for beetles during or after trapping mentioned.
10-1163-23524588-bja10335,10.1163/23524588-bja10335,Journal of Insects as Food and Feed,ethics_statement,N,No discussion of welfare considerations or the three Rs in relation to beetle use.
10-1163-23524588-bja10335,10.1163/23524588-bja10335,Journal of Insects as Food and Feed,nutrition_diet,NA,Captive beetles in traps not maintained; only short-term trapping over 7 days.
10-1163-23524588-bja10335,10.1163/23524588-bja10335,Journal of Insects as Food and Feed,env_housing,NA,"Beetles housed temporarily in traps during field experiment, not long-term captive rearing."
10-1163-23524588-bja10335,10.1163/23524588-bja10335,Journal of Insects as Food and Feed,env_acclimation,NA,No acclimation period described; wild/field beetles directly exposed to traps.
10-1163-23524588-bja10335,10.1163/23524588-bja10335,Journal of Insects as Food and Feed,env_field,Y,"Field site identified: 'Gaochun District (119.02°E, 31.40°N, Nanjing City, Jiangsu Province); greenhouse setting; trap deployment and 7-day checking frequency described."
10-1163-23524588-bja10335,10.1163/23524588-bja10335,Journal of Insects as Food and Feed,health_monitoring,N,"No health assessment, disease screening, or welfare checks of trapped beetles documented."
10-1163-23524588-bja10335,10.1163/23524588-bja10335,Journal of Insects as Food and Feed,health_injury,N,"No mention of injuries, mortality, or condition of beetles during or after trapping."
10-1163-23524588-bja10335,10.1163/23524588-bja10335,Journal of Insects as Food and Feed,fate_end,N,"Ultimate fate of captured beetles not specified; no killing method, release, or disposal procedure described."
10-1163-23524588-bja10335,10.1163/23524588-bja10335,Journal of Insects as Food and Feed,behaviour_general,Y,Design incorporates beetle behaviour: '45° slope designed based on crawling and phototactic behaviour of C. bioculatus.'
10-1163-23524588-bja10335,10.1163/23524588-bja10335,Journal of Insects as Food and Feed,affect_indicators,N,"No assessment of stress, pain, or distress indicators in trapped beetles reported."
10-1163-23524588-bja10330,10.1163/23524588-bja10330,Journal of Insects as Food and Feed,_eligibility,Y,Empirical study using live black soldier fly larvae (Hermetia illucens) reared on experimental diets.
10-1163-23524588-bja10330,10.1163/23524588-bja10330,Journal of Insects as Food and Feed,subjects_taxon,Y,"Black soldier fly (Hermetia illucens); life stage specified as eggs, newly hatched larvae, 5-day-old larvae."
10-1163-23524588-bja10330,10.1163/23524588-bja10330,Journal of Insects as Food and Feed,subjects_source,Y,"Eggs provided by Encosystem (Drummondville, QC, Canada); lab colony origin stated."
10-1163-23524588-bja10330,10.1163/23524588-bja10330,Journal of Insects as Food and Feed,subjects_n,Y,~0.3 g of 5-day-old larvae per jar (exact number not recorded due to population size); 3 replicates per condition; 8-day growth period.
10-1163-23524588-bja10330,10.1163/23524588-bja10330,Journal of Insects as Food and Feed,proc_handling,Y,Larvae placed in mason jars with perforated lids; harvested day 8; rinsed with water and gently dried with paper towel before transfer to tubes.
10-1163-23524588-bja10330,10.1163/23524588-bja10330,Journal of Insects as Food and Feed,proc_anaesthesia,NA,"No invasive procedures or killing method described in the methods; larvae were only reared, harvested, and freeze-dried for analysis."
10-1163-23524588-bja10330,10.1163/23524588-bja10330,Journal of Insects as Food and Feed,proc_biosecurity,N,No measures against escape or disposal of contaminated material mentioned; jars autoclaved but no discussion of biosecurity protocols.
10-1163-23524588-bja10330,10.1163/23524588-bja10330,Journal of Insects as Food and Feed,ethics_review,N,"No institutional ethics review, permits, or regulatory approval mentioned; no explicit statement that none was required."
10-1163-23524588-bja10330,10.1163/23524588-bja10330,Journal of Insects as Food and Feed,ethics_endpoints,N,No predefined humane endpoints stated; no anticipated or observed non-target impacts discussed.
10-1163-23524588-bja10330,10.1163/23524588-bja10330,Journal of Insects as Food and Feed,ethics_statement,N,No engagement with welfare considerations or the three Rs; study framed solely around nutritional and food safety outcomes.
10-1163-23524588-bja10330,10.1163/23524588-bja10330,Journal of Insects as Food and Feed,nutrition_diet,Y,"Corn meal diet (Unico brand) mixed with water at 1:9 (w/w); DON added at 0, 10, 20, or 40 ppm; water added daily to maintain moisture; 5-day pre-feeding period on wheat bran."
10-1163-23524588-bja10330,10.1163/23524588-bja10330,Journal of Insects as Food and Feed,env_housing,Y,125 ml mason jars with perforated lids; 30 g diet per jar; maintained at 28°C and 70% relative humidity for 8 days; moisture managed by daily water addition.
10-1163-23524588-bja10330,10.1163/23524588-bja10330,Journal of Insects as Food and Feed,env_acclimation,Y,Five-day rearing period on wheat bran before transfer to experimental diets.
10-1163-23524588-bja10330,10.1163/23524588-bja10330,Journal of Insects as Food and Feed,env_field,NA,Pure lab study with no field component.
10-1163-23524588-bja10330,10.1163/23524588-bja10330,Journal of Insects as Food and Feed,health_monitoring,Y,Survival rate monitored in preliminary study (50 larvae per treatment at 7 and 14 days); reported 90–92% survival with no significant differences; no other health or disease monitoring reported.
10-1163-23524588-bja10330,10.1163/23524588-bja10330,Journal of Insects as Food and Feed,health_injury,N,"Silence on injuries, unexpected deaths, or morbidity during the main 8-day experimental period; only survival data from preliminary work provided."
10-1163-23524588-bja10330,10.1163/23524588-bja10330,Journal of Insects as Food and Feed,fate_end,Y,Larvae frozen at −20°C overnight then freeze-dried; specific terminal method named (freeze-drying for analysis).
10-1163-23524588-bja10330,10.1163/23524588-bja10330,Journal of Insects as Food and Feed,behaviour_general,N,"No mention of species-typical behaviour, refugia, enrichment, social grouping, or disturbance minimisation in the housing or rearing design."
10-1163-23524588-bja10330,10.1163/23524588-bja10330,Journal of Insects as Food and Feed,affect_indicators,N,"No behavioural or physiological indicators of stress, pain, or distress assessed; no precautionary measures for affective capacity discussed."
10-1163-23524588-bja10334,10.1163/23524588-bja10334,Journal of Insects as Food and Feed,_eligibility,Y,"Live silkworm (Bombyx mori) larvae and pupae were reared, maintained, and cocoons were harvested for colorimetric analysis."
10-1163-23524588-bja10334,10.1163/23524588-bja10334,Journal of Insects as Food and Feed,subjects_taxon,Y,"Bombyx mori L., 65 naturally coloured strains, life stage (larvae/pupae producing cocoons) clearly stated."
10-1163-23524588-bja10334,10.1163/23524588-bja10334,Journal of Insects as Food and Feed,subjects_source,Y,Lab colony: CREA-AA Sericulture Laboratory in Padua maintains 177 silkworm strains; 65 with naturally coloured cocoons studied; at least 72 mating pairs set up annually per strain.
10-1163-23524588-bja10334,10.1163/23524588-bja10334,Journal of Insects as Food and Feed,subjects_n,Y,"400 cocoons collected annually per strain; 10 cocoons measured in 2022–2023, 20 in 2024; 65 strains studied over three years; no reported attrition between collection and analysis."
10-1163-23524588-bja10334,10.1163/23524588-bja10334,Journal of Insects as Food and Feed,proc_handling,Y,"Cocoons de-flossed, cut to extract pupae, stored at 5°C in dark until measurement within three weeks of spinning; handling and storage conditions specified."
10-1163-23524588-bja10334,10.1163/23524588-bja10334,Journal of Insects as Food and Feed,proc_anaesthesia,NA,"No invasive procedures on live animals; cocoons were de-flossed and pupae extracted (post-mortem processing), no anaesthesia required."
10-1163-23524588-bja10334,10.1163/23524588-bja10334,Journal of Insects as Food and Feed,proc_biosecurity,N,"No mention of biosecurity measures, escape prevention, or disposal protocols for a lab-maintained domestic species."
10-1163-23524588-bja10334,10.1163/23524588-bja10334,Journal of Insects as Food and Feed,ethics_review,N,"No mention of institutional ethics review, permits, or regulatory approval; no explicit statement that none was required."
10-1163-23524588-bja10334,10.1163/23524588-bja10334,Journal of Insects as Food and Feed,ethics_endpoints,N,"No humane endpoints defined; study is observational measurement of cocoons, not involving welfare interventions."
10-1163-23524588-bja10334,10.1163/23524588-bja10334,Journal of Insects as Food and Feed,ethics_statement,N,No welfare discussion or engagement with the three Rs; funding statement provided (ARACNE Project) but no welfare reasoning.
10-1163-23524588-bja10334,10.1163/23524588-bja10334,Journal of Insects as Food and Feed,nutrition_diet,Y,Larvae reared on fresh mulberry leaves harvested daily or stored up to 72 h at 12°C in dark; diet composition and storage specified.
10-1163-23524588-bja10334,10.1163/23524588-bja10334,Journal of Insects as Food and Feed,env_housing,N,"No description of enclosure materials, dimensions, substrate, density, grouping, temperature, humidity, photoperiod, or cleaning regimes during rearing."
10-1163-23524588-bja10334,10.1163/23524588-bja10334,Journal of Insects as Food and Feed,env_acclimation,N,No acclimation period mentioned or applicable; larvae reared under standard conditions from egg.
10-1163-23524588-bja10334,10.1163/23524588-bja10334,Journal of Insects as Food and Feed,env_field,NA,Pure laboratory study; no field collection or field site parameters.
10-1163-23524588-bja10334,10.1163/23524588-bja10334,Journal of Insects as Food and Feed,health_monitoring,N,"No health assessment methods, disease screening, or welfare checks described; only note that some strains were reared in different seasons 'due to health-related issues that prevented the production o"
10-1163-23524588-bja10334,10.1163/23524588-bja10334,Journal of Insects as Food and Feed,health_injury,N,"No systematic reporting of injuries, mortality, or unexpected deaths; only oblique reference to health issues preventing cocoon production in some strains."
10-1163-23524588-bja10334,10.1163/23524588-bja10334,Journal of Insects as Food and Feed,fate_end,N,"Cocoons de-flossed and pupae extracted to prevent moth urine staining, but no explicit killing method named; fate of extracted pupae not stated."
10-1163-23524588-bja10334,10.1163/23524588-bja10334,Journal of Insects as Food and Feed,behaviour_general,N,"No description of rearing conditions supporting species-typical behaviour, refugia, enrichment, or disturbance minimisation."
10-1163-23524588-bja10334,10.1163/23524588-bja10334,Journal of Insects as Food and Feed,affect_indicators,N,No behavioural or physiological indicators of stress or welfare assessed; study is purely colorimetric measurement of cocoons.
10-1163-23524588-bja10347,10.1163/23524588-bja10347,Journal of Insects as Food and Feed,_eligibility,Y,Empirical study using live black soldier fly larvae (Hermetia illucens) reared under commercial conditions and subsequently processed for lipid analysis.
10-1163-23524588-bja10347,10.1163/23524588-bja10347,Journal of Insects as Food and Feed,subjects_taxon,Y,"Hermetia illucens, 5th instar larvae specified; species name and life stage reported."
10-1163-23524588-bja10347,10.1163/23524588-bja10347,Journal of Insects as Food and Feed,subjects_source,Y,"Lab colony (commercial rearing facility); feeding on three waste streams (supermarket, food waste mix, childcare centre waste)."
10-1163-23524588-bja10347,10.1163/23524588-bja10347,Journal of Insects as Food and Feed,subjects_n,N,No sample size reported; number of larvae used per waste stream group not stated; no attrition data.
10-1163-23524588-bja10347,10.1163/23524588-bja10347,Journal of Insects as Food and Feed,proc_handling,N,"Larvae obtained from commercial facility; no details of capture, transport, or handling procedures reported."
10-1163-23524588-bja10347,10.1163/23524588-bja10347,Journal of Insects as Food and Feed,proc_anaesthesia,Y,Blanching at 100°C for 5 min described; this is the killing method. Freeze-drying followed.
10-1163-23524588-bja10347,10.1163/23524588-bja10347,Journal of Insects as Food and Feed,proc_biosecurity,NA,Hermetia illucens is a managed commercial species; no mention of escape risk or contamination control needed.
10-1163-23524588-bja10347,10.1163/23524588-bja10347,Journal of Insects as Food and Feed,ethics_review,Y,Explicit statement: 'Ethics approval was not required for this work.'
10-1163-23524588-bja10347,10.1163/23524588-bja10347,Journal of Insects as Food and Feed,ethics_endpoints,N,No predefined humane endpoints or welfare-related stopping criteria reported.
10-1163-23524588-bja10347,10.1163/23524588-bja10347,Journal of Insects as Food and Feed,ethics_statement,N,No discussion of welfare considerations or the three Rs; only a bare statement that ethics approval was not required.
10-1163-23524588-bja10347,10.1163/23524588-bja10347,Journal of Insects as Food and Feed,nutrition_diet,Y,"Three waste streams specified (supermarket, food waste mix, childcare centre waste); feeding under commercial rearing conditions; details that wastes were de-packaged and ground."
10-1163-23524588-bja10347,10.1163/23524588-bja10347,Journal of Insects as Food and Feed,env_housing,Y,Commercial rearing facility; temperature maintained above 25°C; approximately 80% ambient humidity reported. Detailed protocols protected by industrial rights and not disclosed.
10-1163-23524588-bja10347,10.1163/23524588-bja10347,Journal of Insects as Food and Feed,env_acclimation,N,No acclimation period reported; larvae reared under ongoing commercial conditions.
10-1163-23524588-bja10347,10.1163/23524588-bja10347,Journal of Insects as Food and Feed,env_field,NA,Pure lab/commercial rearing study; no field work.
10-1163-23524588-bja10347,10.1163/23524588-bja10347,Journal of Insects as Food and Feed,health_monitoring,N,"No health assessments, disease screening, or welfare monitoring reported."
10-1163-23524588-bja10347,10.1163/23524588-bja10347,Journal of Insects as Food and Feed,health_injury,N,"No mention of injuries, mortality, or health incidents during rearing or processing."
10-1163-23524588-bja10347,10.1163/23524588-bja10347,Journal of Insects as Food and Feed,fate_end,Y,Blanching at 100°C for 5 min followed by freeze-drying at -50°C; kill method explicitly stated.
10-1163-23524588-bja10347,10.1163/23524588-bja10347,Journal of Insects as Food and Feed,behaviour_general,N,"No information on enclosure complexity, enrichment, refugia, or species-typical behaviour support."
10-1163-23524588-bja10347,10.1163/23524588-bja10347,Journal of Insects as Food and Feed,affect_indicators,N,"No assessment of stress, pain, or distress indicators; no precautionary welfare measures discussed."
10-1163-23524588-bja10342,10.1163/23524588-bja10342,Journal of Insects as Food and Feed,_eligibility,Y,Empirical study using live black soldier fly (Hermetia illucens) larvae and adults throughout development and behavioral experiments.
10-1163-23524588-bja10342,10.1163/23524588-bja10342,Journal of Insects as Food and Feed,subjects_taxon,Y,"Black soldier fly, Hermetia illucens Linnaeus, Diptera: Stratiomyidae; life stages (larvae, pupae, adults) and sex clearly identified."
10-1163-23524588-bja10342,10.1163/23524588-bja10342,Journal of Insects as Food and Feed,subjects_source,Y,"Eggs sourced from BSF central rearing colony at Laboratory of Entomology, Wageningen University; colony maintained in lab with standard rearing diet."
10-1163-23524588-bja10342,10.1163/23524588-bja10342,Journal of Insects as Food and Feed,subjects_n,Y,"Multiple cohorts reported: 32 high-nutrient and 32 low-nutrient rearing containers for pupae; 12 containers per diet for emergence; detailed counts for behavioral flies (e.g., 264 high-nutrition femal"
10-1163-23524588-bja10342,10.1163/23524588-bja10342,Journal of Insects as Food and Feed,proc_handling,Y,"Eggs collected after 6h oviposition, larvae reared in Petri dishes then containers, pupae transferred to pupae boxes, adult flies collected daily, weighed, separated by sex and diet, housed in mesh ca"
10-1163-23524588-bja10342,10.1163/23524588-bja10342,Journal of Insects as Food and Feed,proc_anaesthesia,NA,No invasive procedures or surgery performed; flies observed during natural mating behavior only.
10-1163-23524588-bja10342,10.1163/23524588-bja10342,Journal of Insects as Food and Feed,proc_biosecurity,Y,Regular hygienic measures taken to provide clean housing during experiments; BSF is not a non-native invasive species of concern in the Netherlands (native to Americas but established laboratory strai
10-1163-23524588-bja10342,10.1163/23524588-bja10342,Journal of Insects as Food and Feed,ethics_review,Y,Ethical note states 'This research is conducted on BSF which is not legally protected under Dutch legislation' with rationale provided.
10-1163-23524588-bja10342,10.1163/23524588-bja10342,Journal of Insects as Food and Feed,ethics_endpoints,Y,"Humane endpoint specified: 'After behavioural experiments, flies were euthanised by freezing at −20°C.' Field work not applicable."
10-1163-23524588-bja10342,10.1163/23524588-bja10342,Journal of Insects as Food and Feed,ethics_statement,Y,Discussion of welfare considerations: 'Insect welfare is a subject increasingly discussed especially in the context of insects reared for food and feed...freedom from hunger is considered an important
10-1163-23524588-bja10342,10.1163/23524588-bja10342,Journal of Insects as Food and Feed,nutrition_diet,Y,"Larval diets: low-nutrient (43% chickenfeed, 57% cellulose) and high-nutrient (85% chickenfeed, 15% cellulose); adult diet: milk powder, sucrose, tap water ad libitum or water-only control; pre-experi"
10-1163-23524588-bja10342,10.1163/23524588-bja10342,Journal of Insects as Food and Feed,env_housing,Y,"Climate chamber 27±1°C, RH 70±10%, L:D 16h:8h; larvae in Petri dishes then BugDorm Pint-Sized pots (480 ml) with filter paper; pupae in 360 ml containers with 8.0 g sawdust; adults in mesh cages (30×3"
10-1163-23524588-bja10342,10.1163/23524588-bja10342,Journal of Insects as Food and Feed,env_acclimation,Y,Flies held in mesh cages for 1–2 days after emergence before behavioral experiments; transferred to climate chamber for experiments; additional 1-day acclimation in experimental cages before behaviora
10-1163-23524588-bja10342,10.1163/23524588-bja10342,Journal of Insects as Food and Feed,env_field,NA,Purely laboratory-based study with no field collection or field work component.
10-1163-23524588-bja10342,10.1163/23524588-bja10342,Journal of Insects as Food and Feed,health_monitoring,Y,"Larval survival assessed (80.9% low-nutrient, 81% high-nutrient after 40 days); pupae counted and weighed; flies weighed at emergence and before behavioral experiments; condition monitored via body we"
10-1163-23524588-bja10342,10.1163/23524588-bja10342,Journal of Insects as Food and Feed,health_injury,N,No explicit statement regarding injuries or unexpected deaths during rearing or experiments; survival rates provided but no mention of injury monitoring.
10-1163-23524588-bja10342,10.1163/23524588-bja10342,Journal of Insects as Food and Feed,fate_end,Y,"Killing method explicitly stated: 'After behavioural experiments, flies were euthanised by freezing at −20°C.'"
10-1163-23524588-bja10342,10.1163/23524588-bja10342,Journal of Insects as Food and Feed,behaviour_general,Y,"Experimental cages specifically designed to accommodate lekking behavior; LED lights (green, blue, UV) added to promote mating; funneled cage design to guide falling insects into camera view; behavior"
10-1163-23524588-bja10342,10.1163/23524588-bja10342,Journal of Insects as Food and Feed,affect_indicators,Y,"Detailed behavioral indicators analyzed: mating latency, courtship duration, copulation duration, wing-fanning duration, male–male interactions; discussion of stress responses (e.g., terminal investme"
10-1163-23524588-bja10354,10.1163/23524588-bja10354,Journal of Insects as Food and Feed,_eligibility,Y,Empirical study using live caterpillar species (Lepidoptera) reared for nutritional analysis.
10-1163-23524588-bja10354,10.1163/23524588-bja10354,Journal of Insects as Food and Feed,subjects_taxon,Y,"Three species named: Cleora scriptaria, Epalxiphora axenana, Ctenopseustis obliquana; life stages specified (larvae, pupae); sex not mentioned."
10-1163-23524588-bja10354,10.1163/23524588-bja10354,Journal of Insects as Food and Feed,subjects_source,Y,C. scriptaria and E. axenana wild-collected with locality and date (January/spring from specific NZ locations); Ct. obliquana from lab culture (generation 193) supplied by Plant and Food Research.
10-1163-23524588-bja10354,10.1163/23524588-bja10354,Journal of Insects as Food and Feed,subjects_n,Y,Sample sizes in Table 1 (n=8-38 larvae depending on species); attrition described for fasting procedures; no explicit justification for sample size choice provided.
10-1163-23524588-bja10354,10.1163/23524588-bja10354,Journal of Insects as Food and Feed,proc_handling,Y,Early instar larvae (~50 per group) introduced using artist's paintbrush; larvae monitored twice daily and repositioned onto leaves; handled gently; no restraint or marking described.
10-1163-23524588-bja10354,10.1163/23524588-bja10354,Journal of Insects as Food and Feed,proc_anaesthesia,Y,Killing method specified: 'killed by freezing and storing at −80°C'; 24-hour fasting before collection described; no anaesthesia or analgesia agents mentioned but method of killing is stated.
10-1163-23524588-bja10354,10.1163/23524588-bja10354,Journal of Insects as Food and Feed,proc_biosecurity,N,"No mention of escape prevention measures or disposal of contaminated material; caterpillars were native species in NZ, reducing non-native risk concern."
10-1163-23524588-bja10354,10.1163/23524588-bja10354,Journal of Insects as Food and Feed,ethics_review,Y,"Acknowledgement section states 'Permission to collect caterpillars was granted by the local hapū Te Rūnangao Koukourarata, and whānau consultation was carried out'; tikanga protocols followed and kara"
10-1163-23524588-bja10354,10.1163/23524588-bja10354,Journal of Insects as Food and Feed,ethics_endpoints,N,No predefined humane endpoints stated; no discussion of anticipated non-target impacts or injury mitigation.
10-1163-23524588-bja10354,10.1163/23524588-bja10354,Journal of Insects as Food and Feed,ethics_statement,Y,"Discussion of cultural protocols (tikanga, karakia) and adherence to Te Tiriti o Waitangi; engagement with Māori perspectives and sustainable farming practices mentioned in limitations section."
10-1163-23524588-bja10354,10.1163/23524588-bja10354,Journal of Insects as Food and Feed,nutrition_diet,Y,"Diet composition detailed: kawakawa plants, mānuka plants, or antibiotic-free artificial diet (modified from Singh 1983); ad libitum feeding on plants; water provided via plant watering; 24-hour fasti"
10-1163-23524588-bja10354,10.1163/23524588-bja10354,Journal of Insects as Food and Feed,env_housing,Y,Enclosures: medium (42×42×77 cm) or large (60×60×180 cm) cages with aluminium frame and nylon mesh; plants provided as substrate/complexity; temperature and humidity logged; glasshouse conditions cont
10-1163-23524588-bja10354,10.1163/23524588-bja10354,Journal of Insects as Food and Feed,env_acclimation,Y,Ct. obliquana 'initially reared on artificial diet for seven days before being randomly assigned to dietary treatments'; no acclimation period specified for wild-collected species before analysis.
10-1163-23524588-bja10354,10.1163/23524588-bja10354,Journal of Insects as Food and Feed,env_field,Y,"Field sites documented with GPS coordinates: Hay Scenic Reserve (Banks Peninsula) for C. scriptaria; Punakaiki (West Coast) for E. axenana; collection dates (January, spring) provided; no trap design "
10-1163-23524588-bja10354,10.1163/23524588-bja10354,Journal of Insects as Food and Feed,health_monitoring,Y,"Larvae monitored twice daily for condition and position; physical inspection implied; no disease screening, parasite screening, or formal welfare check criteria described."
10-1163-23524588-bja10354,10.1163/23524588-bja10354,Journal of Insects as Food and Feed,health_injury,N,No statement about injuries or unexpected deaths; silence on whether any mortality or morbidity occurred during rearing or handling.
10-1163-23524588-bja10354,10.1163/23524588-bja10354,Journal of Insects as Food and Feed,fate_end,Y,Explicit killing method: 'killed by freezing and storing at −80°C'; justification: sample preservation for chemical analysis; no alternative fates mentioned.
10-1163-23524588-bja10354,10.1163/23524588-bja10354,Journal of Insects as Food and Feed,behaviour_general,Y,Plants with overlapping leaves provided to ensure 'free movement and ad libitum feeding by larvae'; no refugia or enrichment beyond host plants; handling described as gentle; social grouping (50 larva
10-1163-23524588-bja10354,10.1163/23524588-bja10354,Journal of Insects as Food and Feed,affect_indicators,N,No discussion of behavioural or physiological stress indicators; no mention of affective capacity considerations or precautionary measures for welfare assessment.
10-1163-23524588-bja10312,10.1163/23524588-bja10312,Journal of Insects as Food and Feed,_eligibility,Y,Empirical study using live black soldier flies (Hermetia illucens) in behavioral and physiological experiments.
10-1163-23524588-bja10312,10.1163/23524588-bja10312,Journal of Insects as Food and Feed,subjects_taxon,Y,"Hermetia illucens, life stage (1st-4th instar larvae, pupae, adults), sex identified at endpoint."
10-1163-23524588-bja10312,10.1163/23524588-bja10312,Journal of Insects as Food and Feed,subjects_source,Y,"Lab colony from BetaBugs (Edinburgh, UK); no founding stock details or date provided."
10-1163-23524588-bja10312,10.1163/23524588-bja10312,Journal of Insects as Food and Feed,subjects_n,Y,"Sample sizes reported for behavioral assays (median 43 females/assay, range 21–198 females); 7 antennae for EAG."
10-1163-23524588-bja10312,10.1163/23524588-bja10312,Journal of Insects as Food and Feed,proc_handling,Y,"Handling described: mating observations, transfer to mazes, water spraying; no marking or restraint mentioned."
10-1163-23524588-bja10312,10.1163/23524588-bja10312,Journal of Insects as Food and Feed,proc_anaesthesia,Y,Freezing (–20°C) used for euthanasia; no invasive procedures reported; freezing acceptable method stated.
10-1163-23524588-bja10312,10.1163/23524588-bja10312,Journal of Insects as Food and Feed,proc_biosecurity,Y,Containment: larval containers in water-filled buckets; garden fleece lids; species is native range for UK study.
10-1163-23524588-bja10312,10.1163/23524588-bja10312,Journal of Insects as Food and Feed,ethics_review,N,"No mention of ethics review, institutional approval, permits, or regulatory consideration."
10-1163-23524588-bja10312,10.1163/23524588-bja10312,Journal of Insects as Food and Feed,ethics_endpoints,N,No predefined humane endpoints or non-target impact discussion reported.
10-1163-23524588-bja10312,10.1163/23524588-bja10312,Journal of Insects as Food and Feed,ethics_statement,N,"No discussion of welfare reasoning or the three Rs (Replacement, Reduction, Refinement)."
10-1163-23524588-bja10312,10.1163/23524588-bja10312,Journal of Insects as Food and Feed,nutrition_diet,Y,"Larval diet: 10:1 chick crumb:white sugar + water; adults given no food, sprayed with water daily."
10-1163-23524588-bja10312,10.1163/23524588-bja10312,Journal of Insects as Food and Feed,env_housing,Y,"210 ml and 1140 ml tamper-proof containers; 870 ml containers for pupae; 32.5 cm fabric cages for adults; 27°C, 70–75% RH, 8:16 h dark:light cycle; garden fleece for ventilation."
10-1163-23524588-bja10312,10.1163/23524588-bja10312,Journal of Insects as Food and Feed,env_acclimation,N,No acclimation period described before behavioral assays.
10-1163-23524588-bja10312,10.1163/23524588-bja10312,Journal of Insects as Food and Feed,env_field,NA,Pure laboratory study; no field work.
10-1163-23524588-bja10312,10.1163/23524588-bja10312,Journal of Insects as Food and Feed,health_monitoring,N,"No health monitoring, disease screening, or welfare checks reported; visual inspection mentioned only for mold and cleanliness."
10-1163-23524588-bja10312,10.1163/23524588-bja10312,Journal of Insects as Food and Feed,health_injury,N,"No statement on injuries, mortality, or unexpected deaths during the study."
10-1163-23524588-bja10312,10.1163/23524588-bja10312,Journal of Insects as Food and Feed,fate_end,Y,Adults euthanized by freezing (–20°C) after assays; eggs either fed to larvae or frozen and discarded.
10-1163-23524588-bja10312,10.1163/23524588-bja10312,Journal of Insects as Food and Feed,behaviour_general,Y,T-maze setup allows free movement between cages; egg traps mimic natural crevices; no enrichment or refugia beyond structure.
10-1163-23524588-bja10312,10.1163/23524588-bja10312,Journal of Insects as Food and Feed,affect_indicators,N,No behavioral or physiological stress/pain indicators measured; no discussion of precautionary measures for affective capacity.
10-1163-23524588-bja10326,10.1163/23524588-bja10326,Journal of Insects as Food and Feed,_eligibility,Y,"Empirical study using live black soldier fly larvae (Hermetia illucens) reared on different substrates with measurements of growth, nutritional, and functional properties."
10-1163-23524588-bja10326,10.1163/23524588-bja10326,Journal of Insects as Food and Feed,subjects_taxon,Y,Black soldier fly (Hermetia illucens) larvae; life stage specified as larvae and prepupae.
10-1163-23524588-bja10326,10.1163/23524588-bja10326,Journal of Insects as Food and Feed,subjects_source,Y,"BSF eggs <24h old purchased from Kuocheng Ecological Technology (Zhengzhou, P.R. China)."
10-1163-23524588-bja10326,10.1163/23524588-bja10326,Journal of Insects as Food and Feed,subjects_n,Y,20 larvae randomly selected per container 3 times when 30% reached prepupae stage; 5 replicates per treatment.
10-1163-23524588-bja10326,10.1163/23524588-bja10326,Journal of Insects as Food and Feed,proc_handling,Y,Larvae sieved to remove frass upon harvesting; no explicit mention of injuries from handling.
10-1163-23524588-bja10326,10.1163/23524588-bja10326,Journal of Insects as Food and Feed,proc_anaesthesia,N,Larvae frozen with liquid nitrogen and stored at -20°C; no explicit anaesthesia or analgesia discussion before killing.
10-1163-23524588-bja10326,10.1163/23524588-bja10326,Journal of Insects as Food and Feed,proc_biosecurity,N,No mention of escape prevention measures or disposal of contaminated material; species is non-native to some regions but no biosecurity statement.
10-1163-23524588-bja10326,10.1163/23524588-bja10326,Journal of Insects as Food and Feed,ethics_review,N,"No ethics approval, permit numbers, or explicit statement that none was required."
10-1163-23524588-bja10326,10.1163/23524588-bja10326,Journal of Insects as Food and Feed,ethics_endpoints,N,No predefined humane endpoints or anticipated non-target impacts mentioned.
10-1163-23524588-bja10326,10.1163/23524588-bja10326,Journal of Insects as Food and Feed,ethics_statement,N,"No discussion of welfare considerations or the three Rs (Replacement, Reduction, Refinement)."
10-1163-23524588-bja10326,10.1163/23524588-bja10326,Journal of Insects as Food and Feed,nutrition_diet,Y,"Three substrates tested: commercial feed (CF), bread crumbs (BC), kitchen waste (KW); water added to CF and BC for moisture."
10-1163-23524588-bja10326,10.1163/23524588-bja10326,Journal of Insects as Food and Feed,env_housing,Y,"Rearing environment: 12h light/dark cycle at 28±2°C, 70% relative humidity; no detailed enclosure dimensions or substrate materials."
10-1163-23524588-bja10326,10.1163/23524588-bja10326,Journal of Insects as Food and Feed,env_acclimation,N,No acclimation period described before experiments began.
10-1163-23524588-bja10326,10.1163/23524588-bja10326,Journal of Insects as Food and Feed,env_field,NA,Pure laboratory study with no field component.
10-1163-23524588-bja10326,10.1163/23524588-bja10326,Journal of Insects as Food and Feed,health_monitoring,N,"No methods or criteria for assessing physical condition, disease screening, or welfare checks described."
10-1163-23524588-bja10326,10.1163/23524588-bja10326,Journal of Insects as Food and Feed,health_injury,N,"No statement on injuries, unexpected deaths, or their frequency; silence on these events."
10-1163-23524588-bja10326,10.1163/23524588-bja10326,Journal of Insects as Food and Feed,fate_end,Y,Larvae promptly and rapidly frozen with liquid nitrogen and stored at -20°C pending analysis; specific killing method named.
10-1163-23524588-bja10326,10.1163/23524588-bja10326,Journal of Insects as Food and Feed,behaviour_general,N,"No discussion of species-typical behaviour, refugia, enrichment, or disturbance minimisation."
10-1163-23524588-bja10326,10.1163/23524588-bja10326,Journal of Insects as Food and Feed,affect_indicators,N,"No behavioural or physiological indicators of stress, pain, or distress measured or discussed."
10-1371-journal-pbio-3003467,10.1371/journal.pbio.3003467,PLOS Biology,_eligibility,Y,"Empirical study using live Drosophila melanogaster flies for crosses, breeding, and phenotypic assessment."
10-1371-journal-pbio-3003467,10.1371/journal.pbio.3003467,PLOS Biology,subjects_taxon,Y,"D. melanogaster identified; life stages mentioned (males, females, offspring, adults at eclosion); sex noted throughout."
10-1371-journal-pbio-3003467,10.1371/journal.pbio.3003467,PLOS Biology,subjects_source,Y,"Wild-collected males from Durham, NC, April-September 2018, June-October 2020, April-September 2021. Lab colony stocks from BDSC also used."
10-1371-journal-pbio-3003467,10.1371/journal.pbio.3003467,PLOS Biology,subjects_n,Y,Total sample size n=555 lethal chromosomes tested. Attrition described via subline sampling rules and allelism testing procedures.
10-1371-journal-pbio-3003467,10.1371/journal.pbio.3003467,PLOS Biology,proc_handling,Y,Wild flies captured from population; males removed soon after collection to prevent mating; sorting into individual vials; crossing scheme detailed.
10-1371-journal-pbio-3003467,10.1371/journal.pbio.3003467,PLOS Biology,proc_anaesthesia,NA,No invasive procedures or surgical interventions performed; only breeding and genetic crosses conducted.
10-1371-journal-pbio-3003467,10.1371/journal.pbio.3003467,PLOS Biology,proc_biosecurity,N,No measures against escape or disposal of contaminated material mentioned; no discussion of biosecurity relevant to non-native risk.
10-1371-journal-pbio-3003467,10.1371/journal.pbio.3003467,PLOS Biology,ethics_review,N,"No institutional ethics review, permit numbers, or explicit statement regarding ethics review mentioned."
10-1371-journal-pbio-3003467,10.1371/journal.pbio.3003467,PLOS Biology,ethics_endpoints,N,No predefined humane endpoints or welfare criteria stated; lethality is a defining trait being studied but not framed as an endpoint.
10-1371-journal-pbio-3003467,10.1371/journal.pbio.3003467,PLOS Biology,ethics_statement,N,No engagement with welfare considerations or the three Rs as informing study design; no discussion of why this work was justified.
10-1371-journal-pbio-3003467,10.1371/journal.pbio.3003467,PLOS Biology,nutrition_diet,Y,Diet specified: Archon Scientific molasses food in vials/bottles; German Food from LabExpress for unhealthy lines; feeding frequency implicit in standard rearing.
10-1371-journal-pbio-3003467,10.1371/journal.pbio.3003467,PLOS Biology,env_housing,Y,"Vials and bottles used; temperatures specified: 20°C for wild lethal stocks, 18°C backup, 25°C for deficiency stocks and crosses."
10-1371-journal-pbio-3003467,10.1371/journal.pbio.3003467,PLOS Biology,env_acclimation,N,No acclimation period explicitly described before procedures or crosses.
10-1371-journal-pbio-3003467,10.1371/journal.pbio.3003467,PLOS Biology,env_field,Y,"Field site: Durham, NC; collection periods: April-September 2018, June-October 2020, April-September 2021; wild population sampling."
10-1371-journal-pbio-3003467,10.1371/journal.pbio.3003467,PLOS Biology,health_monitoring,Y,"Visual phenotype assessment (curly wings, straight wings) used to identify lethality; scoring criteria stated (≥35 curly, 0 straight-winged offspring)."
10-1371-journal-pbio-3003467,10.1371/journal.pbio.3003467,PLOS Biology,health_injury,N,"No explicit report of injuries, unexpected deaths, or causes during handling/breeding; silence on morbidity/mortality events."
10-1371-journal-pbio-3003467,10.1371/journal.pbio.3003467,PLOS Biology,fate_end,Y,Original wild-caught fly frozen at −80°C for sequence analysis; lethal lines maintained as balanced stocks (no explicit killing method stated for end-of-study fate).
10-1371-journal-pbio-3003467,10.1371/journal.pbio.3003467,PLOS Biology,behaviour_general,N,"No mention of enrichment, refugia, social grouping, or species-typical behaviour support in standard rearing conditions."
10-1371-journal-pbio-3003467,10.1371/journal.pbio.3003467,PLOS Biology,affect_indicators,N,No behavioural or physiological stress indicators assessed; no precautionary measures regarding affective capacity discussed.
10-1371-journal-flight,10.1371/journal.flight,PLOS Biology,_eligibility,Y,"Empirical study using live Diptera (insects) for morphological, kinematic, and aerodynamic analysis."
10-1371-journal-flight,10.1371/journal.flight,PLOS Biology,subjects_taxon,Y,133 Diptera species across 43 families identified via DNA barcoding; life stages and sex noted for some (Culicomorpha males only; sex not determined for most taxa due to low sample sizes per species).
10-1371-journal-flight,10.1371/journal.flight,PLOS Biology,subjects_source,Y,"94 species wild-collected near Wageningen University, Netherlands (51°59'01.0""N, 5°39'32.7""E) summers 2021–2022; 36 species from Amazonian rainforest French Guiana (4°34'09""N, 52°13'04""W) July 2021; 3"
10-1371-journal-flight,10.1371/journal.flight,PLOS Biology,subjects_n,Y,133 species total; 2.1±1.2 individuals per species on average; 46 species used for flight experiments; 24 species for muscle mass. No attrition reported between collection and analysis.
10-1371-journal-flight,10.1371/journal.flight,PLOS Biology,proc_handling,Y,Capture and handling during field collection described implicitly; insects released into flight arena for recording; no explicit restraint methods detailed.
10-1371-journal-flight,10.1371/journal.flight,PLOS Biology,proc_anaesthesia,Y,Euthanasia method explicitly stated: 'euthanized individuals by freezing at −20°C' before morphological measurements and after flight experiments.
10-1371-journal-flight,10.1371/journal.flight,PLOS Biology,proc_biosecurity,NA,No non-native taxa held in captivity; live insects only released into arena for recording then euthanized; no escape risk or disposal procedures detailed.
10-1371-journal-flight,10.1371/journal.flight,PLOS Biology,ethics_review,N,"No institutional ethics review, permit number, or statement regarding ethics approval mentioned in methods."
10-1371-journal-flight,10.1371/journal.flight,PLOS Biology,ethics_endpoints,N,No predefined humane endpoints stated; no anticipated or observed non-target impacts discussed.
10-1371-journal-flight,10.1371/journal.flight,PLOS Biology,ethics_statement,N,"No statement engaging with welfare considerations or the three Rs (Replacement, Reduction, Refinement) in study design."
10-1371-journal-flight,10.1371/journal.flight,PLOS Biology,nutrition_diet,N,"No diet, feeding, or water provision described for any held specimens."
10-1371-journal-flight,10.1371/journal.flight,PLOS Biology,env_housing,Y,"Flight arena: octagonal Plexiglas, 50×50×48 cm; infrared backlighting; three synchronized high-speed cameras. No other housing details for wild-collected insects before euthanasia."
10-1371-journal-flight,10.1371/journal.flight,PLOS Biology,env_acclimation,N,No acclimation period described before flight experiments or euthanasia.
10-1371-journal-flight,10.1371/journal.flight,PLOS Biology,env_field,Y,"Field sites described: Wageningen University area (51°59'01.0""N, 5°39'32.7""E, altitude ~10 m) and Amazonian rainforest French Guiana (4°34'09""N, 52°13'04""W, altitude ~300 m); collection during summers"
10-1371-journal-flight,10.1371/journal.flight,PLOS Biology,health_monitoring,N,"No health assessment, disease screening, or welfare checks described."
10-1371-journal-flight,10.1371/journal.flight,PLOS Biology,health_injury,N,"No statement on injuries, unexpected deaths, or condition monitoring; silence on these outcomes."
10-1371-journal-flight,10.1371/journal.flight,PLOS Biology,fate_end,Y,Explicit euthanasia method stated: freezing at −20°C; performed before morphological measurements and after flight experiments. No voucher deposition mentioned.
10-1371-journal-flight,10.1371/journal.flight,PLOS Biology,behaviour_general,Y,Flight arena designed to allow hovering flight; insects released simultaneously to increase chance of focal-volume transit; no enrichment or refugia described.
10-1371-journal-flight,10.1371/journal.flight,PLOS Biology,affect_indicators,N,No behavioural or physiological stress indicators measured; no precautionary measures for uncertain affective capacity discussed.
10-1371-journal-pbio-3003571to,10.1371/journal.pbio.3003571to,PLOS Biology,_eligibility,Y,"Empirical study using live invertebrates (amphioxus, acorn worm, sea urchin, polychaete worm) for dissection and tissue sampling."
10-1371-journal-pbio-3003571to,10.1371/journal.pbio.3003571to,PLOS Biology,subjects_taxon,Y,"Five species identified: Branchiostoma floridae, Ptychodera flava, Strongylocentrotus purpuratus, Platynereis dumerilii; life stage (adults) specified."
10-1371-journal-pbio-3003571to,10.1371/journal.pbio.3003571to,PLOS Biology,subjects_source,Y,"B. floridae from Old Tampa Bay (Florida, USA); P. flava from intertidal ridge of Chito, Penghu, Taiwan; S. purpuratus from Scripps Institution; P. dumerilii 'Heidelberg' strain from Mediterranean orig"
10-1371-journal-pbio-3003571to,10.1371/journal.pbio.3003571to,PLOS Biology,subjects_n,Y,"Clownfish: 3 individuals; B. floridae, P. flava, S. purpuratus: sample numbers stated in sequencing section (4 replicates for S. purpuratus, 3 for P. dumerilii); no explicit attrition reported."
10-1371-journal-pbio-3003571to,10.1371/journal.pbio.3003571to,PLOS Biology,proc_handling,Y,Transport and rearing conditions described for all species; handling described: 'collected from rearing tank' for fish; capture and transport from field sites documented for wild-collected species.
10-1371-journal-pbio-3003571to,10.1371/journal.pbio.3003571to,PLOS Biology,proc_anaesthesia,Y,A. ocellaris: overdosed MS-222 (200 mg/L) in ice-cold seawater; B. floridae: MS-222 (160 ppm) for ≥10 min; P. flava: 0.08% MS-222 for 20 min; S. purpuratus: 0.8 g/L MS-222 for 20 min; P. dumerilii: 7.
10-1371-journal-pbio-3003571to,10.1371/journal.pbio.3003571to,PLOS Biology,proc_biosecurity,N,No mention of escape prevention measures or contaminated material disposal protocols for any species.
10-1371-journal-pbio-3003571to,10.1371/journal.pbio.3003571to,PLOS Biology,ethics_review,Y,"Clownfish reared under licence 21-04-1658 from Academia Sinica IACUC. Invertebrate species (B. floridae, S. purpuratus, P. flava, P. dumerilii) explicitly stated as exempt from IACUC oversight per ins"
10-1371-journal-pbio-3003571to,10.1371/journal.pbio.3003571to,PLOS Biology,ethics_statement,N,"No discussion of welfare considerations, replacement, reduction, or refinement principles. Permit citation alone does not constitute engagement with welfare reasoning."
10-1371-journal-pbio-3003571to,10.1371/journal.pbio.3003571to,PLOS Biology,nutrition_diet,Y,"Clownfish: dry pellets (Hikari Premium Megabite) or fresh seafood, thrice daily, fasted day before collection. B. floridae: mixed algal diet (Isochrysis, Tetraselmis, Rhodomonas). S. purpuratus: kelp "
10-1371-journal-pbio-3003571to,10.1371/journal.pbio.3003571to,PLOS Biology,env_housing,Y,"Clownfish: 70L tank, natural seawater, 15:9 photoperiod, 28°C. B. floridae: plastic culture boxes with sand, aerated. S. purpuratus: maintained at 15°C. P. dumerilii: culture details from referenced p"
10-1371-journal-pbio-3003571to,10.1371/journal.pbio.3003571to,PLOS Biology,env_acclimation,N,No explicit acclimation period stated before dissection/sampling for any species.
10-1371-journal-pbio-3003571to,10.1371/journal.pbio.3003571to,PLOS Biology,env_field,Y,"B. floridae originally from Old Tampa Bay, Florida; P. flava from intertidal ridge of Chito, Penghu, Taiwan; habitat and location information provided, though no detail on trap design or deployment fr"
10-1371-journal-pbio-3003571to,10.1371/journal.pbio.3003571to,PLOS Biology,health_monitoring,Y,"P. dumerilii checked for death and premature maturation three times per week. RNA quality assessed post-extraction for all species (NanoDrop, agarose gel, BioAnalyzer). No routine health checks docume"
10-1371-journal-pbio-3003571to,10.1371/journal.pbio.3003571to,PLOS Biology,health_injury,N,"No statement about injuries, unexpected deaths, or adverse events during holding or dissection. Silence on these outcomes."
10-1371-journal-pbio-3003571to,10.1371/journal.pbio.3003571to,PLOS Biology,fate_end,Y,Clownfish: euthanised by overdosed MS-222 (200 mg/L) in ice-cold seawater. Invertebrates: anaesthetised (MS-222 or MgCl₂) prior to dissection; tissues then processed for RNA extraction; specific killi
10-1371-journal-pbio-3003571to,10.1371/journal.pbio.3003571to,PLOS Biology,behaviour_general,Y,Tank housing and grouping mentioned for clownfish and P. dumerilii (maturation bowls); substrate provided (sand for amphioxus); no explicit mention of enrichment or disturbance minimisation protocols.
10-1371-journal-pbio-3003571to,10.1371/journal.pbio.3003571to,PLOS Biology,affect_indicators,N,"No assessment of behavioural or physiological stress/pain indicators; no precautionary measures documented where affective capacity uncertain (e.g., for invertebrates)."
10-1371-journal-nasonia,10.1371/journal.Nasonia,PLOS Biology,_eligibility,Y,"Live parasitoid wasps (Nasonia vitripennis) were used empirically throughout, including breeding, genetic crossing, developmental monitoring, and tissue collection from live animals."
10-1371-journal-nasonia,10.1371/journal.Nasonia,PLOS Biology,subjects_taxon,Y,"Nasonia vitripennis (parasitoid wasp); life stages specified (pupae, adults, larvae, embryos)"
10-1371-journal-nasonia,10.1371/journal.Nasonia,PLOS Biology,subjects_source,Y,Lab colony: AsymC line derived from Labii strain; PSR chromosome maintained through controlled crosses
10-1371-journal-nasonia,10.1371/journal.Nasonia,PLOS Biology,subjects_n,N,No explicit sample sizes or replication numbers stated for wasp crosses or fitness assays
10-1371-journal-nasonia,10.1371/journal.Nasonia,PLOS Biology,proc_handling,Y,Females immobilized with CO2 for photography; ovaries dissected from gravid females; eggs collected and handled with forceps and pipette tips
10-1371-journal-nasonia,10.1371/journal.Nasonia,PLOS Biology,proc_anaesthesia,N,CO2 immobilization mentioned for photography only; no anaesthesia or analgesia stated for dissection of live ovaries or handling procedures
10-1371-journal-nasonia,10.1371/journal.Nasonia,PLOS Biology,proc_biosecurity,N,No mention of escape prevention measures or contamination disposal protocols
10-1371-journal-nasonia,10.1371/journal.Nasonia,PLOS Biology,ethics_review,N,"No institutional review, permit numbers, or ethics approval statement provided"
10-1371-journal-nasonia,10.1371/journal.Nasonia,PLOS Biology,ethics_endpoints,N,No humane endpoints or non-target impact considerations mentioned
10-1371-journal-nasonia,10.1371/journal.Nasonia,PLOS Biology,ethics_statement,N,No discussion of welfare considerations or the three Rs in relation to study design
10-1371-journal-nasonia,10.1371/journal.Nasonia,PLOS Biology,nutrition_diet,Y,50% honey in water provided; fresh Sarcophaga bullata pupae as hosts for feeding and oviposition
10-1371-journal-nasonia,10.1371/journal.Nasonia,PLOS Biology,env_housing,Y,Vials used for individual housing; 25°C temperature specified; humidity chamber used; hosts changed every 3 days for longevity assays
10-1371-journal-nasonia,10.1371/journal.Nasonia,PLOS Biology,env_acclimation,N,No acclimation period described before fitness testing or procedures
10-1371-journal-nasonia,10.1371/journal.Nasonia,PLOS Biology,env_field,NA,Pure laboratory study; no field work conducted
10-1371-journal-nasonia,10.1371/journal.Nasonia,PLOS Biology,health_monitoring,Y,Daily monitoring of females for longevity assessment; developmental stages and viability of progeny recorded; egg hatch rates assessed
10-1371-journal-nasonia,10.1371/journal.Nasonia,PLOS Biology,health_injury,N,"No explicit statement regarding injuries, unexpected deaths, or welfare outcomes during handling or procedures"
10-1371-journal-nasonia,10.1371/journal.Nasonia,PLOS Biology,fate_end,N,Killing method not specified; females used for longevity monitoring until 'life expiration' but no euthanasia method named. Embryos and tissues were fixed in paraformaldehyde but fate of living wasps 
10-1371-journal-nasonia,10.1371/journal.Nasonia,PLOS Biology,behaviour_general,Y,Oviposition behaviour observed and measured; mating and natural host interaction allowed; progeny developmental progression monitored
10-1371-journal-nasonia,10.1371/journal.Nasonia,PLOS Biology,affect_indicators,N,"No discussion of stress, pain, or distress indicators; no welfare-related precautionary measures mentioned despite invasive procedures"
10-1371-journal-interspecific,10.1371/journal.interspecific,PLOS Biology,_eligibility,Y,"Empirical study using live Bombyx mori and B. mandarina caterpillars (Lepidoptera) for phenotyping, breeding, gene expression analysis, and CRISPR/Cas9 knockouts."
10-1371-journal-interspecific,10.1371/journal.interspecific,PLOS Biology,subjects_taxon,Y,"Bombyx mori and Bombyx mandarina specified with strain names (p50T, Sakado, c51, f35, etc.); life stage (larvae: L1, L2, L5; adults) and sex mentioned."
10-1371-journal-interspecific,10.1371/journal.interspecific,PLOS Biology,subjects_source,Y,B. mori strains from Kyushu University National BioResource Project; p50T and B. mandarina Sakado maintained at University of Tokyo. Lab colony origin stated.
10-1371-journal-interspecific,10.1371/journal.interspecific,PLOS Biology,subjects_n,Y,"696 BC1 and 327 F2 caterpillars phenotyped and genotyped; multiple replicates (3–4 pools of 8–10 individuals) for RNA work. Attrition noted for sequencing (individuals with <100,000 reads discarded)."
10-1371-journal-interspecific,10.1371/journal.interspecific,PLOS Biology,proc_handling,Y,Larvae reared on mulberry leaves or artificial diet; eggs incubated and injected within 3 hours of oviposition; larvae weighed and photographed at L5 day 0; dissected tissues at L1/L2.
10-1371-journal-interspecific,10.1371/journal.interspecific,PLOS Biology,proc_anaesthesia,N,"Dissection of living larvae (L2) and tissue sampling described, but no anaesthetic agent or method mentioned. No explicit justification for omission."
10-1371-journal-interspecific,10.1371/journal.interspecific,PLOS Biology,proc_biosecurity,NA,"B. mandarina is non-native to Japan; study involves lab-reared colonies with no explicit mention of escape risk mitigation or disposal procedures, but procedures are contained in lab setting."
10-1371-journal-interspecific,10.1371/journal.interspecific,PLOS Biology,ethics_review,N,"No institutional ethics approval, permit number, or conservation status statement mentioned. No explicit statement that review was not required."
10-1371-journal-interspecific,10.1371/journal.interspecific,PLOS Biology,ethics_endpoints,N,"No humane endpoints, welfare assessment criteria, or anticipated non-target impacts described. No statement on how endpoints were determined."
10-1371-journal-interspecific,10.1371/journal.interspecific,PLOS Biology,ethics_statement,N,"No discussion of welfare considerations or the three Rs (Replacement, Reduction, Refinement) as they informed study design. No welfare engagement statement."
10-1371-journal-interspecific,10.1371/journal.interspecific,PLOS Biology,nutrition_diet,Y,"Larvae reared on white mulberry (Morus alba) leaves or artificial diet SilkMate PS (NOSAN, Japan) at 25 °C; 12h:12h light:dark cycle specified. Water/moisture provision not explicit."
10-1371-journal-interspecific,10.1371/journal.interspecific,PLOS Biology,env_housing,Y,"Temperature (25 °C), photoperiod (12h:12h light:dark), substrate (mulberry leaves or artificial diet SilkMate PS) specified. Enclosure dimensions and cleaning not described."
10-1371-journal-interspecific,10.1371/journal.interspecific,PLOS Biology,env_acclimation,N,No acclimation period described before experiments or phenotyping. Larvae reared continuously under stated conditions.
10-1371-journal-interspecific,10.1371/journal.interspecific,PLOS Biology,env_field,NA,"Pure laboratory study; no field work, wild collection, or field site conditions applicable."
10-1371-journal-interspecific,10.1371/journal.interspecific,PLOS Biology,health_monitoring,N,"No health checks, disease screening, parasite assessment, or welfare monitoring protocols described. No mention of physical condition assessment beyond morphological measurements."
10-1371-journal-interspecific,10.1371/journal.interspecific,PLOS Biology,health_injury,N,"No statement on injuries, unexpected deaths, or mortality during rearing, handling, or procedures. Silence on adverse events."
10-1371-journal-interspecific,10.1371/journal.interspecific,PLOS Biology,fate_end,N,"Larvae dissected for RNA extraction and tissues stored at −80 °C or in RNAlater, but no explicit killing method named. Genomic DNA extracted from legs of adults without specifying fate. No euthanasia "
10-1371-journal-interspecific,10.1371/journal.interspecific,PLOS Biology,behaviour_general,N,"Feeding substrates (mulberry leaves or artificial diet) provided, but no mention of refugia, enrichment, social grouping, or species-typical behaviour support/constraint."
10-1371-journal-interspecific,10.1371/journal.interspecific,PLOS Biology,affect_indicators,N,No behavioural or physiological stress indicators monitored. No precautionary measures for welfare under uncertainty about invertebrate sentience discussed.
10-1371-journal-pbio-3003648from,10.1371/journal.pbio.3003648from,PLOS Biology,_eligibility,Y,"Empirical study using live termites (insects) for tissue sampling, chemical analysis, and enzyme characterization."
10-1371-journal-pbio-3003648from,10.1371/journal.pbio.3003648from,PLOS Biology,subjects_taxon,Y,"Two termite species: Embiratermes neotenicus and Nasutitermes takasagoensis; castes and life stages identified (queens, soldiers, workers, nymphs)."
10-1371-journal-pbio-3003648from,10.1371/journal.pbio.3003648from,PLOS Biology,subjects_source,Y,"N. takasagoensis collected West beach, Ishigaki island, Japan (September 2021); E. neotenicus collected French Guiana (2022-2024) with specific coordinates provided."
10-1371-journal-pbio-3003648from,10.1371/journal.pbio.3003648from,PLOS Biology,subjects_n,Y,"Sample sizes specified: 500 N. takasagoensis soldiers; E. neotenicus: 3 queens, 10 workers, 10 soldiers, 10 female nymphs, 1 king; 4 male and 8 female nymphs for DNA extraction."
10-1371-journal-pbio-3003648from,10.1371/journal.pbio.3003648from,PLOS Biology,proc_handling,Y,Cold-anesthetization mentioned for E. neotenicus before dissection; digestive tubes removed; tissue samples collected and stored in RNA later.
10-1371-journal-pbio-3003648from,10.1371/journal.pbio.3003648from,PLOS Biology,proc_anaesthesia,Y,"Cold-anaesthesia applied before dissection of E. neotenicus specimens. However, no explicit statement regarding invasive procedures or justification for omitting analgesia during dissection."
10-1371-journal-pbio-3003648from,10.1371/journal.pbio.3003648from,PLOS Biology,proc_biosecurity,N,"No mention of escape prevention measures, containment protocols, or disposal procedures for the non-native termite colonies."
10-1371-journal-pbio-3003648from,10.1371/journal.pbio.3003648from,PLOS Biology,ethics_review,N,"No institutional ethics review, permits, or conservation status statement reported. No explicit statement that none was required."
10-1371-journal-pbio-3003648from,10.1371/journal.pbio.3003648from,PLOS Biology,ethics_endpoints,N,No predefined humane endpoints or anticipated/observed non-target impacts reported.
10-1371-journal-pbio-3003648from,10.1371/journal.pbio.3003648from,PLOS Biology,ethics_statement,N,No statement engaging with welfare considerations or the three Rs framework in relation to study design.
10-1371-journal-pbio-3003648from,10.1371/journal.pbio.3003648from,PLOS Biology,nutrition_diet,N,"No information on diet, feeding frequency, water provision, or fasting protocols for captive termite colonies."
10-1371-journal-pbio-3003648from,10.1371/journal.pbio.3003648from,PLOS Biology,env_housing,N,"Enclosure materials, dimensions, substrate, temperature, humidity, photoperiod, and cleaning regimens not described for colonies maintained at Okinawa Institute and IOCB Prague."
10-1371-journal-pbio-3003648from,10.1371/journal.pbio.3003648from,PLOS Biology,env_acclimation,N,No acclimation period before sampling or procedures documented.
10-1371-journal-pbio-3003648from,10.1371/journal.pbio.3003648from,PLOS Biology,env_field,Y,"Field collection sites described with precise GPS coordinates, locality, and collection date; however, minimal detail on habitat conditions or seasonality."
10-1371-journal-pbio-3003648from,10.1371/journal.pbio.3003648from,PLOS Biology,health_monitoring,N,"No welfare checks, disease or parasite screening, or physical condition assessment protocols reported."
10-1371-journal-pbio-3003648from,10.1371/journal.pbio.3003648from,PLOS Biology,health_injury,N,"No mention of injuries, mortality, or unexpected deaths during colony maintenance or sampling. Silence on this topic."
10-1371-journal-pbio-3003648from,10.1371/journal.pbio.3003648from,PLOS Biology,fate_end,N,No explicit killing method stated. Samples processed for chemical and genomic analysis; method of euthanasia not described.
10-1371-journal-pbio-3003648from,10.1371/journal.pbio.3003648from,PLOS Biology,behaviour_general,N,"No description of housing setup, refugia, enrichment, disturbance minimisation, or social grouping in captive colonies."
10-1371-journal-pbio-3003648from,10.1371/journal.pbio.3003648from,PLOS Biology,affect_indicators,N,"No behavioural or physiological indicators of stress, pain, or distress reported; no precautionary measures for affective capacity uncertainty discussed."
10-1371-journal-to,10.1371/journal.To,PLOS Biology,_eligibility,Y,Empirical study using live field crickets (Gryllus campestris) reared in captivity and released into natural habitat with observational monitoring.
10-1371-journal-to,10.1371/journal.To,PLOS Biology,subjects_taxon,Y,"G. campestris, field cricket, adults released in spring 2024; sex recorded in analyses."
10-1371-journal-to,10.1371/journal.To,PLOS Biology,subjects_source,Y,Wild-collected females in 2022 from natural population; paired in lab 2023; offspring reared in boxes.
10-1371-journal-to,10.1371/journal.To,PLOS Biology,subjects_n,Y,493 adults released (pre-registered target 480); offspring from 59 females and 54 males; attrition during overwintering noted (two rearing locations).
10-1371-journal-to,10.1371/journal.To,PLOS Biology,proc_handling,Y,"Captured naturally occurring crickets, weighted, photographed, tagged with acrylic tags on pronotum using cyanoacrylate glue; confined to burrow 24–48 hours with cage."
10-1371-journal-to,10.1371/journal.To,PLOS Biology,proc_anaesthesia,N,No invasive procedures described; tagging was non-invasive adhesive application. No anaesthesia/analgesia mentioned or justified.
10-1371-journal-to,10.1371/journal.To,PLOS Biology,proc_biosecurity,N,No measures against escape or contamination disposal mentioned. Crickets were native to region; no non-native risk explicitly addressed.
10-1371-journal-to,10.1371/journal.To,PLOS Biology,ethics_review,N,"No institutional ethics review, permit numbers, or statement regarding ethics approval reported."
10-1371-journal-to,10.1371/journal.To,PLOS Biology,ethics_endpoints,N,No predefined humane endpoints stated. Field study with wildlife; no non-target impacts discussed.
10-1371-journal-to,10.1371/journal.To,PLOS Biology,ethics_statement,N,No statement engaging with welfare considerations or the three Rs as they informed study design.
10-1371-journal-to,10.1371/journal.To,PLOS Biology,nutrition_diet,N,"Diet, feeding frequency, water provision for captive rearing phase not described."
10-1371-journal-to,10.1371/journal.To,PLOS Biology,env_housing,Y,"Reared in boxes (identical, in two incubators); temperature treatments 18°C or 28°C; lighting adjusted to match natural day length; kept in isolation or pairs; details on substrate (damp sand for egg "
10-1371-journal-to,10.1371/journal.To,PLOS Biology,env_acclimation,N,No acclimation period before procedures or release described.
10-1371-journal-to,10.1371/journal.To,PLOS Biology,env_field,Y,"WildCrickets meadow at 60 m altitude, unimproved grassland in northern Spain; grass mowed mid-March and July/August; released in April 2024."
10-1371-journal-to,10.1371/journal.To,PLOS Biology,health_monitoring,Y,Continuous video monitoring via ~140 infrared cameras; direct visual observation every 1–2 days of burrows lacking cameras; lifespan measured from emergence to death or last observation.
10-1371-journal-to,10.1371/journal.To,PLOS Biology,health_injury,Y,Fights between males noted as frequent and may result in injury and occasionally death; predation events recorded from video; no explicit statement on injury numbers or causes.
10-1371-journal-to,10.1371/journal.To,PLOS Biology,fate_end,Y,Adult lifespan measured to death (normally predation event observed on video) or date last observed alive; no killing method applied by researchers.
10-1371-journal-to,10.1371/journal.To,PLOS Biology,behaviour_general,Y,"Released to natural habitat where species-typical burrow excavation, territoriality, mating, calling, and fighting observed; burrows provide shelter and social structure."
10-1371-journal-to,10.1371/journal.To,PLOS Biology,affect_indicators,N,No behavioural or physiological stress/pain indicators measured or precautionary measures adopted despite fighting injuries noted.
10-1371-journal-pbio-3003725,10.1371/journal.pbio.3003725,PLOS Biology,_eligibility,Y,Empirical study using live Drosophila melanogaster throughout development (pupae and adults) for genetic and imaging analyses.
10-1371-journal-pbio-3003725,10.1371/journal.pbio.3003725,PLOS Biology,subjects_taxon,Y,"Drosophila melanogaster; both sexes used interchangeably; life stages specified (white prepupae 0h APF, 50h APF, 51h APF, 54h APF, 84h APF, adults)."
10-1371-journal-pbio-3003725,10.1371/journal.pbio.3003725,PLOS Biology,subjects_source,Y,"Lab colony stocks from Bloomington Drosophila Stock Center (BDSC), Kyoto Stock Center; stock identifiers provided (e.g. BDSC:3605, Kyoto115238)."
10-1371-journal-pbio-3003725,10.1371/journal.pbio.3003725,PLOS Biology,subjects_n,Y,"Sample sizes given for quantitative analyses (e.g. n=80/6, n=188/13 in S2 Fig); presented as individuals/retinas measured."
10-1371-journal-pbio-3003725,10.1371/journal.pbio.3003725,PLOS Biology,proc_handling,Y,White prepupae collected with soft wetted brush; pupal retinas dissected from staged pupae in ice-cold PBS; adult heads dissected.
10-1371-journal-pbio-3003725,10.1371/journal.pbio.3003725,PLOS Biology,proc_anaesthesia,N,No anaesthesia or analgesia mentioned for dissection or collection procedures; no explicit justification for omission provided.
10-1371-journal-pbio-3003725,10.1371/journal.pbio.3003725,PLOS Biology,proc_biosecurity,NA,No non-native taxa or escape risk; standard laboratory Drosophila colony.
10-1371-journal-pbio-3003725,10.1371/journal.pbio.3003725,PLOS Biology,ethics_review,N,"No mention of institutional ethics review, permits, or regulatory approval; no explicit statement that none was required."
10-1371-journal-pbio-3003725,10.1371/journal.pbio.3003725,PLOS Biology,ethics_endpoints,N,No predefined humane endpoints or anticipated impacts discussed.
10-1371-journal-pbio-3003725,10.1371/journal.pbio.3003725,PLOS Biology,ethics_statement,N,"No statement engaging with welfare considerations or the three Rs (Replacement, Reduction, Refinement)."
10-1371-journal-pbio-3003725,10.1371/journal.pbio.3003725,PLOS Biology,nutrition_diet,Y,Flies maintained on standard yeast-cornmeal-agar media; no details on feeding frequency or water provision.
10-1371-journal-pbio-3003725,10.1371/journal.pbio.3003725,PLOS Biology,env_housing,Y,"Rearing temperature specified (25°C); no details on enclosure materials, dimensions, substrate, density, humidity, photoperiod, or cleaning."
10-1371-journal-pbio-3003725,10.1371/journal.pbio.3003725,PLOS Biology,env_acclimation,N,No acclimation period described before procedures.
10-1371-journal-pbio-3003725,10.1371/journal.pbio.3003725,PLOS Biology,env_field,NA,Pure laboratory study; no field work.
10-1371-journal-pbio-3003725,10.1371/journal.pbio.3003725,PLOS Biology,health_monitoring,N,"No methods for assessing physical condition, disease screening, or frequency of welfare checks reported."
10-1371-journal-pbio-3003725,10.1371/journal.pbio.3003725,PLOS Biology,health_injury,N,"No statement on injuries, unexpected deaths, or health status during the study; silence on these events."
10-1371-journal-pbio-3003725,10.1371/journal.pbio.3003725,PLOS Biology,fate_end,Y,Heads fixed in formaldehyde or paraformaldehyde/glutaraldehyde for immunohistochemistry or plastic sectioning; specific chemical fixatives named.
10-1371-journal-pbio-3003725,10.1371/journal.pbio.3003725,PLOS Biology,behaviour_general,N,"No mention of behaviour, refugia, enrichment, disturbance minimisation, or social grouping."
10-1371-journal-pbio-3003725,10.1371/journal.pbio.3003725,PLOS Biology,affect_indicators,N,No discussion of behavioural or physiological stress/pain indicators or precautionary measures regarding affective capacity.
10-1371-journal-pbio-3003797terparts,10.1371/journal.pbio.3003797terparts,PLOS Biology,_eligibility,Y,"Empirical study using live invertebrate ticks (Haemaphysalis longicornis) for experimental procedures including microinjection, feeding, and sampling."
10-1371-journal-pbio-3003797terparts,10.1371/journal.pbio.3003797terparts,PLOS Biology,subjects_taxon,Y,"H. longicornis (parthenogenesis strain), nymphs; life stage specified; species identified."
10-1371-journal-pbio-3003797terparts,10.1371/journal.pbio.3003797terparts,PLOS Biology,subjects_source,Y,Lab colony maintained at Fudan University insectary; founding stock origin not explicitly stated but described as maintained colony.
10-1371-journal-pbio-3003797terparts,10.1371/journal.pbio.3003797terparts,PLOS Biology,subjects_n,Y,"Sample sizes provided for various experiments (e.g., n=26–35 for engorgement weights, 10 nymphs pooled per replicate for transcriptomics, 60 midguts pooled for lipidomics)."
10-1371-journal-pbio-3003797terparts,10.1371/journal.pbio.3003797terparts,PLOS Biology,proc_handling,Y,Microinjection via anal pore described; feeding on mice specified; collection and dissection procedures detailed.
10-1371-journal-pbio-3003797terparts,10.1371/journal.pbio.3003797terparts,PLOS Biology,proc_anaesthesia,N,No anaesthesia or analgesia mentioned for microinjection or dissection procedures; no explicit justification provided for omission.
10-1371-journal-pbio-3003797terparts,10.1371/journal.pbio.3003797terparts,PLOS Biology,proc_biosecurity,N,No mention of escape prevention measures or disposal protocols for contaminated materials; H. longicornis is non-native but no biosecurity measures described.
10-1371-journal-pbio-3003797terparts,10.1371/journal.pbio.3003797terparts,PLOS Biology,ethics_review,Y,Approved by Experimental Animal Welfare and Ethics Committee of Fudan University (2023JS059); permit number provided.
10-1371-journal-pbio-3003797terparts,10.1371/journal.pbio.3003797terparts,PLOS Biology,ethics_endpoints,N,No predefined humane endpoints mentioned; no discussion of anticipated non-target impacts or injury mitigation.
10-1371-journal-pbio-3003797terparts,10.1371/journal.pbio.3003797terparts,PLOS Biology,ethics_statement,N,Statement references committee approval and guidelines compliance but does not engage with welfare considerations or the three Rs.
10-1371-journal-pbio-3003797terparts,10.1371/journal.pbio.3003797terparts,PLOS Biology,nutrition_diet,Y,Ticks fed on BALB/c mice; feeding duration specified as two days or to full engorgement; blood meal composition implicit.
10-1371-journal-pbio-3003797terparts,10.1371/journal.pbio.3003797terparts,PLOS Biology,env_housing,Y,"Insectary conditions: 25°C, 85% relative humidity, 12h/12h light/dark photoperiod."
10-1371-journal-pbio-3003797terparts,10.1371/journal.pbio.3003797terparts,PLOS Biology,env_acclimation,Y,Ticks allowed to recover for 1 day under standard rearing conditions after dsRNA microinjection.
10-1371-journal-pbio-3003797terparts,10.1371/journal.pbio.3003797terparts,PLOS Biology,env_field,NA,No field work; purely laboratory-based study with captive tick rearing.
10-1371-journal-pbio-3003797terparts,10.1371/journal.pbio.3003797terparts,PLOS Biology,health_monitoring,N,"No description of physical condition assessment, disease screening, or welfare checks during holding."
10-1371-journal-pbio-3003797terparts,10.1371/journal.pbio.3003797terparts,PLOS Biology,health_injury,N,"No mention of injuries, mortality, or unexpected deaths; no explicit statement that none occurred."
10-1371-journal-pbio-3003797terparts,10.1371/journal.pbio.3003797terparts,PLOS Biology,fate_end,Y,Midguts dissected and fixed in 4% PFA for immunofluorescence; whole ticks homogenized in RIPA buffer for Western blot; specific terminal procedures described.
10-1371-journal-pbio-3003797terparts,10.1371/journal.pbio.3003797terparts,PLOS Biology,behaviour_general,Y,Feeding behaviour monitored (engorgement weights measured); tick feeding on mice represents species-typical behaviour.
10-1371-journal-pbio-3003797terparts,10.1371/journal.pbio.3003797terparts,PLOS Biology,affect_indicators,N,No mention of behavioural or physiological stress indicators; no precautionary measures for uncertain affective capacity.
10-1371-opment,10.1371/opment,PLOS Biology,_eligibility,Y,"Empirical study using live Drosophila melanogaster across multiple life stages (larvae, pupae, adults) for developmental and genetic analysis."
10-1371-opment,10.1371/opment,PLOS Biology,subjects_taxon,Y,"Drosophila melanogaster specified; multiple transgenic lines and mutants named; life stages clearly indicated (larvae at AEL hours, pupae at APF hours, adult males)."
10-1371-opment,10.1371/opment,PLOS Biology,subjects_source,Y,"Lab colony stocks detailed: Bloomington Stock Center numbers, VDRC lines, named sources (e.g., gift from G. Morata); multiple established genetic lines cited with references."
10-1371-opment,10.1371/opment,PLOS Biology,subjects_n,Y,"Sample sizes provided throughout (e.g., 'n=7' to 'n=35' per figure); attrition not explicitly discussed but sample numbers reported for each genotype and developmental stage analyzed."
10-1371-opment,10.1371/opment,PLOS Biology,proc_handling,Y,Larvae transferred to new vials for 4-6h; dissection with fine forceps; wing disc removal using moistened brush; pupae gently removed and aligned on glass slides.
10-1371-opment,10.1371/opment,PLOS Biology,proc_anaesthesia,NA,No surgical or invasive procedures requiring anaesthesia. Dissection of already-fixed tissues and imaging do not require anaesthetic justification.
10-1371-opment,10.1371/opment,PLOS Biology,proc_biosecurity,NA,"Pure laboratory Drosophila colony work; no field collection, non-native taxa, or escape risk mentioned; standard containment implied for lab insects."
10-1371-opment,10.1371/opment,PLOS Biology,ethics_review,N,"No institutional ethics review, permit numbers, or conservation status statement provided."
10-1371-opment,10.1371/opment,PLOS Biology,ethics_endpoints,N,No predefined humane endpoints or discussion of anticipated/observed non-target impacts; field study element absent.
10-1371-opment,10.1371/opment,PLOS Biology,ethics_statement,N,"No welfare statement or discussion of the three Rs (Replacement, Reduction, Refinement) in relation to study design."
10-1371-opment,10.1371/opment,PLOS Biology,nutrition_diet,Y,Standard cornmeal fly food supplemented with yeast and agar specified; feeding access implicit in continuous colony maintenance.
10-1371-opment,10.1371/opment,PLOS Biology,env_housing,Y,"Room temperature maintenance for stocks; temperature shift experiments at 18°C, 25°C, and 29°C clearly specified; larvae in vials; pupae adhered to glass slides for imaging."
10-1371-opment,10.1371/opment,PLOS Biology,env_acclimation,Y,"Flies transferred to new vials 4-6h before dissection; temperature shift schemes described with specific timing (e.g., late L3, 0-8h APF, 24h before puparium formation)."
10-1371-opment,10.1371/opment,PLOS Biology,env_field,NA,Pure laboratory study; no field work component.
10-1371-opment,10.1371/opment,PLOS Biology,health_monitoring,N,"No welfare checks, physical condition assessment, or disease/parasite screening described."
10-1371-opment,10.1371/opment,PLOS Biology,health_injury,N,"No mention of injuries, unexpected deaths, or mortality events; silence on these outcomes."
10-1371-opment,10.1371/opment,PLOS Biology,fate_end,N,"No explicit killing method stated. Wing discs dissected and fixed in paraformaldehyde or processed for imaging, but no explicit terminal method (e.g., CO2, freezing) named for whole animals."
10-1371-opment,10.1371/opment,PLOS Biology,behaviour_general,Y,"Late L3 larvae scored as 'wandering (wall-crawling)' before puparium formation, indicating behavior-based developmental staging; no enrichment or refuge discussion."
10-1371-opment,10.1371/opment,PLOS Biology,affect_indicators,N,No behavioral or physiological stress indicators monitored; no precautionary measures for affective capacity uncertainty discussed.
10-1371-journal-pone-0335300,10.1371/journal.pone.0335300,PLOS ONE,_eligibility,Y,"Empirical study using live invertebrates (ants, parasitoid wasps, beetle larvae) collected and examined during field sampling campaigns."
10-1371-journal-pone-0335300,10.1371/journal.pone.0335300,PLOS ONE,subjects_taxon,Y,"Multiple species identified: Ectatomma ruidum (sp. 1-4), eucharitid wasps, beetle larvae. Life stages mentioned (cocoons, larvae, adults)."
10-1371-journal-pone-0335300,10.1371/journal.pone.0335300,PLOS ONE,subjects_source,Y,"Wild-collected from Oaxaca, Mexico; GPS coordinates and altitudes provided; collection dates (Nov 2015, Oct 2016, Oct/Nov 2017)."
10-1371-journal-pone-0335300,10.1371/journal.pone.0335300,PLOS ONE,subjects_n,Y,"146 total colonies collected across three campaigns (13 in 2015, 118 in 2016, 15 in 2017); specific site breakdown in Table 2."
10-1371-journal-pone-0335300,10.1371/journal.pone.0335300,PLOS ONE,proc_handling,Y,"Nests detected using cookie crumb bait, followed foraging ants, excavated colonies, individuals collected in plastic bags, transported to field lab."
10-1371-journal-pone-0335300,10.1371/journal.pone.0335300,PLOS ONE,proc_anaesthesia,NA,No invasive procedures or killing methods described during live collection and initial examination phase.
10-1371-journal-pone-0335300,10.1371/journal.pone.0335300,PLOS ONE,proc_biosecurity,N,No mention of escape prevention measures or disposal protocols for non-native or contaminated material.
10-1371-journal-pone-0335300,10.1371/journal.pone.0335300,PLOS ONE,ethics_review,Y,Field sampling permits cited: FAUT-0277 and FAUT-0208 from Mexican environmental authority; landowner permissions obtained.
10-1371-journal-pone-0335300,10.1371/journal.pone.0335300,PLOS ONE,ethics_endpoints,N,No humane endpoints or anticipated welfare impacts discussed; no statement about minimizing suffering during nest excavation or specimen collection.
10-1371-journal-pone-0335300,10.1371/journal.pone.0335300,PLOS ONE,ethics_statement,N,Permits mentioned but no welfare reasoning or discussion of the three Rs in relation to ant collection and handling.
10-1371-journal-pone-0335300,10.1371/journal.pone.0335300,PLOS ONE,nutrition_diet,Y,Cookie crumbs used as bait to locate nests; no feeding regime described because colonies were not maintained long-term.
10-1371-journal-pone-0335300,10.1371/journal.pone.0335300,PLOS ONE,env_housing,Y,"Cocoons kept in Petri dishes for couple weeks (2015, 2017) or preserved in 96% alcohol (2016); short-term holding only, no detailed housing parameters."
10-1371-journal-pone-0335300,10.1371/journal.pone.0335300,PLOS ONE,env_acclimation,NA,No formal acclimation period; field-collected material examined immediately or preserved; not applicable to this sampling protocol.
10-1371-journal-pone-0335300,10.1371/journal.pone.0335300,PLOS ONE,env_field,Y,"Study sites in Oaxaca Pacific Coastal Plain detailed with GPS, altitude, habitat type (seasonally dry tropical forest), climate (warm sub-humid, 22–28°C, 900 mm annual precipitation)."
10-1371-journal-pone-0335300,10.1371/journal.pone.0335300,PLOS ONE,health_monitoring,Y,"Colonies examined for parasitoids, diseases, and scars; adult ants inspected for ecto/endoparasites; larvae examined for planidium or parasitoid evidence."
10-1371-journal-pone-0335300,10.1371/journal.pone.0335300,PLOS ONE,health_injury,N,"No mention of injuries, unexpected deaths, or welfare events during excavation, transport, or handling of live ants and larvae."
10-1371-journal-pone-0335300,10.1371/journal.pone.0335300,PLOS ONE,fate_end,Y,Cocoons preserved in 96% alcohol (2016) or kept in Petri dishes then dissected; adult reared beetle and larva extracted for DNA; voucher specimens deposited in museum collections.
10-1371-journal-pone-0335300,10.1371/journal.pone.0335300,PLOS ONE,behaviour_general,Y,"General behaviour noted: monodomous colonies, single entrance nests, diurnal foraging, generalist diet; nest detection relied on natural foraging behaviour (following ants with crumbs)."
10-1371-journal-pone-0335300,10.1371/journal.pone.0335300,PLOS ONE,affect_indicators,N,"No discussion of stress, pain, or distress indicators in ants during collection, excavation, or handling; no welfare welfare precautions mentioned for uncertain affective capacity."
10-5061-dryad-pnvx0k723,10.5061/dryad.pnvx0k723,PLOS ONE,_eligibility,Y,Empirical study using live earwigs (Forficula auricularia) in controlled behavioral trials.
10-5061-dryad-pnvx0k723,10.5061/dryad.pnvx0k723,PLOS ONE,subjects_taxon,Y,"Earwigs; species not explicitly named but context (San Juan Island, forceps morphology) indicates Forficula auricularia; life stage not specified; sex clearly distinguished."
10-5061-dryad-pnvx0k723,10.5061/dryad.pnvx0k723,PLOS ONE,subjects_source,Y,"Wild-collected under driftwood on beaches, San Juan Island, WA, summer 2016; collection site and date provided."
10-5061-dryad-pnvx0k723,10.5061/dryad.pnvx0k723,PLOS ONE,subjects_n,N,Total sample size and attrition not reported; only trial types and example trial numbers (e.g. '30 size-asymmetric 2M1F Trio trials') mentioned without total N.
10-5061-dryad-pnvx0k723,10.5061/dryad.pnvx0k723,PLOS ONE,proc_handling,Y,Capture method described (under driftwood); transport/handling brief (housed in glass jars); marking with white-out dots on pronotum described for trios.
10-5061-dryad-pnvx0k723,10.5061/dryad.pnvx0k723,PLOS ONE,proc_anaesthesia,NA,No invasive procedures performed; behavioral observation only.
10-5061-dryad-pnvx0k723,10.5061/dryad.pnvx0k723,PLOS ONE,proc_biosecurity,Y,Sand collected from False Bay and replaced between trials to remove pheromone traces; no explicit escape mitigation mentioned but native species in native habitat.
10-5061-dryad-pnvx0k723,10.5061/dryad.pnvx0k723,PLOS ONE,ethics_review,Y,Collection conducted 'with permission of the University of Washington's Friday Harbor Laboratories'.
10-5061-dryad-pnvx0k723,10.5061/dryad.pnvx0k723,PLOS ONE,ethics_endpoints,N,No predefined humane endpoints or anticipated non-target impacts discussed.
10-5061-dryad-pnvx0k723,10.5061/dryad.pnvx0k723,PLOS ONE,ethics_statement,N,No explicit discussion of welfare considerations or the three Rs in study design.
10-5061-dryad-pnvx0k723,10.5061/dryad.pnvx0k723,PLOS ONE,nutrition_diet,Y,Pre-trial housing included wet cat food; no feeding frequency or post-experimental diet details provided.
10-5061-dryad-pnvx0k723,10.5061/dryad.pnvx0k723,PLOS ONE,env_housing,Y,"Individual housing: 0.5L glass jars with moistened sand; trial containers: plastic (8.5 x 13 x 7.5 cm for pairs, 12 x 17.5 x 10 cm for trios) with wet sand and shelters in trios."
10-5061-dryad-pnvx0k723,10.5061/dryad.pnvx0k723,PLOS ONE,env_acclimation,Y,24–48 hours acclimation after capture and before trials to ensure no recent mating and lab adjustment.
10-5061-dryad-pnvx0k723,10.5061/dryad.pnvx0k723,PLOS ONE,env_field,NA,No field sampling or captive field holding; all procedures lab-based.
10-5061-dryad-pnvx0k723,10.5061/dryad.pnvx0k723,PLOS ONE,health_monitoring,N,"No health assessment, physical condition criteria, disease screening, or welfare checks reported."
10-5061-dryad-pnvx0k723,10.5061/dryad.pnvx0k723,PLOS ONE,health_injury,N,"No mention of injuries, deaths, or health problems during housing or trials; silence on these outcomes."
10-5061-dryad-pnvx0k723,10.5061/dryad.pnvx0k723,PLOS ONE,fate_end,Y,Individuals frozen after single trial use for subsequent morphological measurements; freezing at unspecified temperature is the killing method.
10-5061-dryad-pnvx0k723,10.5061/dryad.pnvx0k723,PLOS ONE,behaviour_general,Y,Red-tinted plastic shelters provided in trios; red light used to maintain perceived darkness; arena setup described; no explicit enrichment beyond shelters.
10-5061-dryad-pnvx0k723,10.5061/dryad.pnvx0k723,PLOS ONE,affect_indicators,N,"Behavioral interactions recorded (strikes, antennation, contact) but not explicitly framed as welfare or stress indicators; no discussion of affective capacity or precautionary measures."
10-1371-journal-cotton,10.1371/journal.Cotton,PLOS ONE,_eligibility,Y,Field study using live arthropods (insects) collected via sweep netting for ecological sampling.
10-1371-journal-cotton,10.1371/journal.Cotton,PLOS ONE,subjects_taxon,N,Identified only at family level; life stage (adults and immatures grouped) mentioned but sex not reported.
10-1371-journal-cotton,10.1371/journal.Cotton,PLOS ONE,subjects_source,Y,"Wild-collected from cotton field at specific location (37°45′32″N, 27°45′35″E), Aydın, Turkey, during 2021-2022."
10-1371-journal-cotton,10.1371/journal.Cotton,PLOS ONE,subjects_n,N,"Number of individual arthropods collected not stated; only sampling effort (50 sweeps per plot, 12 sampling times) reported."
10-1371-journal-cotton,10.1371/journal.Cotton,PLOS ONE,proc_handling,Y,"Sweep net sampling method described; 50 sweeps per plot, 100 meters from field edge; identification under stereomicroscope."
10-1371-journal-cotton,10.1371/journal.Cotton,PLOS ONE,proc_anaesthesia,NA,No invasive procedures performed; field sampling and identification only.
10-1371-journal-cotton,10.1371/journal.Cotton,PLOS ONE,proc_biosecurity,NA,Native species in field study; no captive holding or non-native taxa risk.
10-1371-journal-cotton,10.1371/journal.Cotton,PLOS ONE,ethics_review,N,"No institutional ethics review, permit, or conservation status statement provided."
10-1371-journal-cotton,10.1371/journal.Cotton,PLOS ONE,ethics_endpoints,N,No humane endpoints or non-target impact mitigation discussed for sampled arthropods.
10-1371-journal-cotton,10.1371/journal.Cotton,PLOS ONE,ethics_statement,N,No welfare considerations or discussion of the three Rs in relation to arthropod sampling.
10-1371-journal-cotton,10.1371/journal.Cotton,PLOS ONE,nutrition_diet,NA,Field study; organisms not fed in controlled conditions.
10-1371-journal-cotton,10.1371/journal.Cotton,PLOS ONE,env_housing,NA,Field study with no captive holding; organisms sampled in situ from cotton plants.
10-1371-journal-cotton,10.1371/journal.Cotton,PLOS ONE,env_acclimation,NA,Field study; no acclimation period applicable.
10-1371-journal-cotton,10.1371/journal.Cotton,PLOS ONE,env_field,Y,"Field site (cotton field, Aydın), abiotic conditions (temperature, humidity, rainfall) reported; trap design (sweep netting, 50 sweeps) and sampling frequency (12 times over 12 weeks) detailed."
10-1371-journal-cotton,10.1371/journal.Cotton,PLOS ONE,health_monitoring,N,"No physical condition assessment, disease screening, or welfare checks reported."
10-1371-journal-cotton,10.1371/journal.Cotton,PLOS ONE,health_injury,N,No statement on injuries or unexpected deaths during sampling or handling.
10-1371-journal-cotton,10.1371/journal.Cotton,PLOS ONE,fate_end,N,No specific method of killing or final fate of sampled arthropods stated; identification method does not imply fate.
10-1371-journal-cotton,10.1371/journal.Cotton,PLOS ONE,behaviour_general,N,"No discussion of species-typical behaviour, enrichment, or disturbance minimisation during sampling."
10-1371-journal-cotton,10.1371/journal.Cotton,PLOS ONE,affect_indicators,N,No behavioural or physiological indicators of stress/pain monitored or precautionary measures adopted.
10-1371-journal-pone-0346423,10.1371/journal.pone.0346423,PLOS ONE,_eligibility,Y,Empirical study using live invertebrates (Diptera: cornsilk flies) in electrophysiology and behavioral assays.
10-1371-journal-pone-0346423,10.1371/journal.pone.0346423,PLOS ONE,subjects_taxon,Y,"Two species: E. eluta and C. massyla; life stage (adults, 10–14 days old); sex mentioned for analysis."
10-1371-journal-pone-0346423,10.1371/journal.pone.0346423,PLOS ONE,subjects_source,Y,Lab colony maintained on corn kernel/agar diet; founding stock and date not specified but colony status clear.
10-1371-journal-pone-0346423,10.1371/journal.pone.0346423,PLOS ONE,subjects_n,Y,"ERG: 10 individuals per sex per species (n=40 total); behavioral assays: 35–40 flies per test, 4 replicates."
10-1371-journal-pone-0346423,10.1371/journal.pone.0346423,PLOS ONE,proc_handling,Y,"Gentle aspiration, wings held with forceps, positioned in softened wax; 35–40 flies aspirated and released in behavioral assays."
10-1371-journal-pone-0346423,10.1371/journal.pone.0346423,PLOS ONE,proc_anaesthesia,N,No anaesthesia or analgesia mentioned for invasive electrode insertion into eye or thorax; no explicit justification for omission.
10-1371-journal-pone-0346423,10.1371/journal.pone.0346423,PLOS ONE,proc_biosecurity,NA,"Colony of native species maintained in lab; no non-native escape risk or disposal concerns explicitly addressed, but not applicable risk."
10-1371-journal-pone-0346423,10.1371/journal.pone.0346423,PLOS ONE,ethics_review,N,"No institutional ethics review, permit, or statement regarding welfare review reported."
10-1371-journal-pone-0346423,10.1371/journal.pone.0346423,PLOS ONE,ethics_endpoints,Y,Humane endpoint stated: fly discarded if ERG preparation degraded (flies not meeting criterion response).
10-1371-journal-pone-0346423,10.1371/journal.pone.0346423,PLOS ONE,ethics_statement,N,"No engagement with welfare considerations, Three Rs, or justification for invasive procedures reported."
10-1371-journal-pone-0346423,10.1371/journal.pone.0346423,PLOS ONE,nutrition_diet,Y,Colony maintained on corn kernel/agar diet with fresh green pepper slices; adults provided 10% sugar water ad lib.
10-1371-journal-pone-0346423,10.1371/journal.pone.0346423,PLOS ONE,env_housing,Y,"Screen cages in environmental chambers; 27°C, 60–80% RH, 16:8 L:D photoperiod; behavioral assays in white screened cages (60×60×180 cm)."
10-1371-journal-pone-0346423,10.1371/journal.pone.0346423,PLOS ONE,env_acclimation,N,No pre-experimental acclimation period explicitly described before electrophysiology or behavioral assays.
10-1371-journal-pone-0346423,10.1371/journal.pone.0346423,PLOS ONE,env_field,NA,Pure lab study with no field component.
10-1371-journal-pone-0346423,10.1371/journal.pone.0346423,PLOS ONE,health_monitoring,Y,Preliminary ERG stimulus used to confirm typical response; preparation monitored for degradation across recording session.
10-1371-journal-pone-0346423,10.1371/journal.pone.0346423,PLOS ONE,health_injury,N,"No statement on injuries, unexpected deaths, or mortality; silence on these outcomes during electrophysiology or behavioral work."
10-1371-journal-pone-0346423,10.1371/journal.pone.0346423,PLOS ONE,fate_end,N,No specific method of killing named; fate of flies after behavioral assays and electrophysiology not stated.
10-1371-journal-pone-0346423,10.1371/journal.pone.0346423,PLOS ONE,behaviour_general,Y,Behavioral assays in screened cages with visual distraction reduced by cardboard structure; landing responses measured on sticky cards.
10-1371-journal-pone-0346423,10.1371/journal.pone.0346423,PLOS ONE,affect_indicators,N,"No behavioral or physiological indicators of stress, pain, or distress assessed; no precautionary measures for uncertain affective capacity discussed."
10-1371-journal-pone-0347125,10.1371/journal.pone.0347125,PLOS ONE,_eligibility,Y,Field study using live fall armyworm (Spodoptera frugiperda) larvae collected from maize crops in Bangladesh; pest management study involving live invertebrates.
10-1371-journal-pone-0347125,10.1371/journal.pone.0347125,PLOS ONE,subjects_taxon,Y,Spodoptera frugiperda identified via genomic DNA (COI region) and morphological confirmation; larval instars (1st-6th) noted; life stage specified.
10-1371-journal-pone-0347125,10.1371/journal.pone.0347125,PLOS ONE,subjects_source,Y,"Wild-collected from BWMRI research field, Dinajpur district, Bangladesh (25.74°N, 88.67°E); collection dates span 2020–23 across six planting months."
10-1371-journal-pone-0347125,10.1371/journal.pone.0347125,PLOS ONE,subjects_n,Y,"Sampling design: W-pattern with five spots per plot, ten plants per spot, across three replications and six planting dates over three seasons; attrition not explicitly stated."
10-1371-journal-pone-0347125,10.1371/journal.pone.0347125,PLOS ONE,proc_handling,Y,Field sampling via W-pattern transect; insects monitored on plants in situ; no explicit capture or transport methods described for individual larvae.
10-1371-journal-pone-0347125,10.1371/journal.pone.0347125,PLOS ONE,proc_anaesthesia,NA,"No invasive procedures, surgery, or killing of individual insects described; larvae assessed in field on living plants."
10-1371-journal-pone-0347125,10.1371/journal.pone.0347125,PLOS ONE,proc_biosecurity,N,"No mention of escape-prevention measures, disposal of contaminated material, or biosecurity protocols despite study of invasive pest species."
10-1371-journal-pone-0347125,10.1371/journal.pone.0347125,PLOS ONE,ethics_review,Y,Study conducted with permission of BWMRI Director General; statement that 'did not involve endangered or protected species' provided.
10-1371-journal-pone-0347125,10.1371/journal.pone.0347125,PLOS ONE,ethics_endpoints,N,"No predefined humane endpoints, welfare thresholds, or mitigation of non-target impacts mentioned."
10-1371-journal-pone-0347125,10.1371/journal.pone.0347125,PLOS ONE,ethics_statement,N,"No discussion of welfare considerations, justification for methods, or reference to 3Rs (Replacement, Reduction, Refinement)."
10-1371-journal-pone-0347125,10.1371/journal.pone.0347125,PLOS ONE,nutrition_diet,Y,Larvae fed on maize plants in situ; host plant availability documented through crop management and growth stages.
10-1371-journal-pone-0347125,10.1371/journal.pone.0347125,PLOS ONE,env_housing,Y,"Field site: AEZ 1 (Old Himalayan Piedmont Plain), 8m × 6.6m plots; maize variety Pioneer 3355; spacing 20cm seed–seed, 60cm row–row; climate and weather data provided (Fig 1)."
10-1371-journal-pone-0347125,10.1371/journal.pone.0347125,PLOS ONE,env_acclimation,NA,Wild-collected insects in field; no captive acclimation period applicable.
10-1371-journal-pone-0347125,10.1371/journal.pone.0347125,PLOS ONE,env_field,Y,"Field site: Dinajpur district, Bangladesh (25.74°N, 88.67°E); habitat, climate, monsoon/winter/summer seasonality, and abiotic conditions (temperature, rainfall, humidity) detailed; monitoring via reg"
10-1371-journal-pone-0347125,10.1371/journal.pone.0347125,PLOS ONE,health_monitoring,Y,Periodic morphological and genomic identification; infestation levels assessed from V4–V12 growth stages; larval instars and damage symptoms documented.
10-1371-journal-pone-0347125,10.1371/journal.pone.0347125,PLOS ONE,health_injury,N,"No reporting of injuries, unexpected deaths, disease, or parasites; no explicit statement that none occurred."
10-1371-journal-pone-0347125,10.1371/journal.pone.0347125,PLOS ONE,fate_end,N,"No statement of how insects were killed, preserved, or disposed of at end of study; monitoring and spray treatments applied but no endpoint method specified."
10-1371-journal-pone-0347125,10.1371/journal.pone.0347125,PLOS ONE,behaviour_general,Y,"Feeding behaviour documented: windowing, ragged holes, whorl damage, frass deposition; larval instar-specific feeding patterns described."
10-1371-journal-pone-0347125,10.1371/journal.pone.0347125,PLOS ONE,affect_indicators,N,"No discussion of stress, pain, or distress indicators; no precautionary measures regarding affective capacity of insects."
10-1371-journal-pone-0350833,10.1371/journal.pone.0350833,PLOS ONE,_eligibility,Y,Empirical study using live wild-collected and lab-reared Ixodes scapularis nymphs (ticks) in respirometry experiments.
10-1371-journal-pone-0350833,10.1371/journal.pone.0350833,PLOS ONE,subjects_taxon,Y,"Ixodes scapularis, nymphs, life stage specified; no sex determination mentioned but not standard for ticks"
10-1371-journal-pone-0350833,10.1371/journal.pone.0350833,PLOS ONE,subjects_source,Y,"Wild-collected by flagging in Kingston, Rhode Island, June 2022; lab-reared from eggs via Peromyscus leucopus feeding"
10-1371-journal-pone-0350833,10.1371/journal.pone.0350833,PLOS ONE,subjects_n,Y,9 lab-raised and 10 wild-caught nymphs for statistical comparison; 35 ticks weighed for allometric analysis
10-1371-journal-pone-0350833,10.1371/journal.pone.0350833,PLOS ONE,proc_handling,Y,Flagging methodology for wild collection; held in environmental chambers; weighed prior to observation; minimal chamber (0.1mL) with mesh prevent escape
10-1371-journal-pone-0350833,10.1371/journal.pone.0350833,PLOS ONE,proc_anaesthesia,N,No anaesthesia or analgesia mentioned; no explicit justification for omission; respirometry is non-invasive but mounting/handling procedure not addressed
10-1371-journal-pone-0350833,10.1371/journal.pone.0350833,PLOS ONE,proc_biosecurity,N,No mention of measures against escape or disposal of contaminated material despite holding wild-collected ticks
10-1371-journal-pone-0350833,10.1371/journal.pone.0350833,PLOS ONE,ethics_review,Y,Approved by URI IACUC Protocol AN08-04-017; mentioned in context of lab-reared tick feeding
10-1371-journal-pone-0350833,10.1371/journal.pone.0350833,PLOS ONE,ethics_endpoints,N,No predefined humane endpoints or expected harms discussed; no statement on non-target impacts
10-1371-journal-pone-0350833,10.1371/journal.pone.0350833,PLOS ONE,ethics_statement,N,IACUC approval mentioned but no welfare reasoning or discussion of the three Rs in study design
10-1371-journal-pone-0350833,10.1371/journal.pone.0350833,PLOS ONE,nutrition_diet,Y,Lab-reared larvae fed on Peromyscus leucopus; wild-collected held at least 10 days for hydration prior to measurement
10-1371-journal-pone-0350833,10.1371/journal.pone.0350833,PLOS ONE,env_housing,Y,"Humidified chambers >95% RH, 23°C, 14:8 LD; lab-reared in 3-dram containers at 95% RH; minimal respirometry chamber 0.1mL with stainless-steel mesh"
10-1371-journal-pone-0350833,10.1371/journal.pone.0350833,PLOS ONE,env_acclimation,Y,Wild-collected ticks held at least 10 days before measurement to ensure adequate hydration
10-1371-journal-pone-0350833,10.1371/journal.pone.0350833,PLOS ONE,env_field,Y,"Field site: wooded areas of Kingston, Rhode Island, June 2022; flagging collection method; no trap checking frequency or injury mitigation details"
10-1371-journal-pone-0350833,10.1371/journal.pone.0350833,PLOS ONE,health_monitoring,N,"No methods or criteria for assessing physical condition, disease screening, or welfare checks during holding"
10-1371-journal-pone-0350833,10.1371/journal.pone.0350833,PLOS ONE,health_injury,N,"No mention of injuries, unexpected deaths, or mortality during holding and measurement; silence on welfare events"
10-1371-journal-pone-0350833,10.1371/journal.pone.0350833,PLOS ONE,fate_end,N,No specific method of killing stated; fate of ticks after respirometry not described; CO2 measurement does not imply euthanasia method
10-1371-journal-pone-0350833,10.1371/journal.pone.0350833,PLOS ONE,behaviour_general,N,"No mention of refugia, enrichment, disturbance minimisation, or species-typical behaviour support in holding conditions"
10-1371-journal-pone-0350833,10.1371/journal.pone.0350833,PLOS ONE,affect_indicators,N,No behavioural or physiological stress indicators monitored; no precautionary measures discussed for tick affective capacity
10-1371-of,10.1371/of,PLOS ONE,_eligibility,Y,Empirical study using live honey bees (Apis mellifera) collected and sampled for DNA metabarcoding analysis.
10-1371-of,10.1371/of,PLOS ONE,subjects_taxon,Y,Honey bees identified; life stage (adult) and sex inferred but not explicitly stated.
10-1371-of,10.1371/of,PLOS ONE,subjects_source,Y,"Wild-collected foraging bees from transects near five apiaries in Southwest Finland (62°27'N, 22°58'E); hive bees and honey from 19 colonies; collection dates 15-17 June 2023."
10-1371-of,10.1371/of,PLOS ONE,subjects_n,Y,"31 foraging bees (plants), 26 (bacteria), 21 (fungi); 19 hive colonies sampled; 6–25 bees per hive sample. No attrition reported."
10-1371-of,10.1371/of,PLOS ONE,proc_handling,Y,Foraging bees netted individually into clean plastic bags while visiting flowers; hive bees scooped quickly into tubes before escape; stored on dry ice immediately.
10-1371-of,10.1371/of,PLOS ONE,proc_anaesthesia,N,No anaesthesia or analgesia mentioned. Bees killed by immersion in ethanol without prior anaesthesia; no justification provided.
10-1371-of,10.1371/of,PLOS ONE,proc_biosecurity,Y,"DNA-free equipment used throughout (tubes, forceps, spoons); measures to prevent cross-contamination between samples described."
10-1371-of,10.1371/of,PLOS ONE,ethics_review,Y,Explicit statement: 'in Finland no research permits are required for collecting insects.'
10-1371-of,10.1371/of,PLOS ONE,ethics_endpoints,N,No mention of humane endpoints or welfare considerations for bees beyond immediate killing method.
10-1371-of,10.1371/of,PLOS ONE,ethics_statement,N,"No engagement with welfare reasoning or the three Rs (Replacement, Reduction, Refinement) in study design."
10-1371-of,10.1371/of,PLOS ONE,nutrition_diet,NA,Not applicable; bees were not maintained in captive housing with feeding protocols—they were wild-collected and immediately processed.
10-1371-of,10.1371/of,PLOS ONE,env_housing,NA,No captive housing; bees were collected from field and apiaries and not held in laboratory conditions.
10-1371-of,10.1371/of,PLOS ONE,env_acclimation,NA,No acclimation period; bees processed immediately upon collection.
10-1371-of,10.1371/of,PLOS ONE,env_field,Y,Field site described: Southwest Finland agricultural region (boreal forest mosaic); collection from transects 100m and 800m from apiaries; flowering plant community recorded.
10-1371-of,10.1371/of,PLOS ONE,health_monitoring,N,"No health assessment, disease screening, or welfare checks reported during collection or holding."
10-1371-of,10.1371/of,PLOS ONE,health_injury,N,"No statement on injuries, stress, or unexpected deaths during collection or processing."
10-1371-of,10.1371/of,PLOS ONE,fate_end,Y,Bees killed by immersion in 99.5% ethanol the same day as collection; no justification provided for method choice.
10-1371-of,10.1371/of,PLOS ONE,behaviour_general,N,"No discussion of species-typical behaviour, enrichment, or disturbance minimisation during collection or processing."
10-1371-of,10.1371/of,PLOS ONE,affect_indicators,N,"No assessment of stress, pain or distress indicators; no precautionary measures mentioned despite uncertain affective capacity."
10-1371-journal-pone-0353528tality,10.1371/journal.pone.0353528tality,PLOS ONE,_eligibility,Y,Empirical study using live Pieris rapae larvae and adults in controlled experiments with fungicide exposure.
10-1371-journal-pone-0353528tality,10.1371/journal.pone.0353528tality,PLOS ONE,subjects_taxon,Y,"Pieris rapae (cabbage white butterfly), Pieridae; larvae and adults; sex mentioned for adults in analysis but not collection details"
10-1371-journal-pone-0353528tality,10.1371/journal.pone.0353528tality,PLOS ONE,subjects_source,Y,"Wild-collected females: 25 individuals near Koblenz (50.356° N, 7.588° E), July-August 2025, with supplementary table of dates and locations"
10-1371-journal-pone-0353528tality,10.1371/journal.pone.0353528tality,PLOS ONE,subjects_n,Y,Approximately 100 individuals per treatment in oral experiment; 10 larvae per concentration in contact experiment; split-brood design mentioned; no justification for sample size given
10-1371-journal-pone-0353528tality,10.1371/journal.pone.0353528tality,PLOS ONE,proc_handling,Y,"Wild females captured and transported to university; larvae assessed for condition 24h before experiments (feeding activity, digestion, mobility); poor condition/moulting individuals excluded"
10-1371-journal-pone-0353528tality,10.1371/journal.pone.0353528tality,PLOS ONE,proc_anaesthesia,NA,No invasive surgical procedures performed; fungicide exposure via feeding or spraying only
10-1371-journal-pone-0353528tality,10.1371/journal.pone.0353528tality,PLOS ONE,proc_biosecurity,Y,Separate climate chambers per treatment to prevent cross-contamination; separate sprayer per treatment to avoid cross-contamination
10-1371-journal-pone-0353528tality,10.1371/journal.pone.0353528tality,PLOS ONE,ethics_review,Y,"States 'P. rapae is not a protected species under German nature conservation law; therefore, no collection permits were required' and 'All applicable institutional and national guidelines for the care"
10-1371-journal-pone-0353528tality,10.1371/journal.pone.0353528tality,PLOS ONE,ethics_endpoints,N,No predefined humane endpoints or criteria for intervention mentioned; no discussion of anticipated adverse outcomes
10-1371-journal-pone-0353528tality,10.1371/journal.pone.0353528tality,PLOS ONE,ethics_statement,N,"No discussion of welfare considerations or the three Rs (Replacement, Reduction, Refinement) informing study design"
10-1371-journal-pone-0353528tality,10.1371/journal.pone.0353528tality,PLOS ONE,nutrition_diet,Y,"Females: 10% sucrose solution and nectar plants (Lavandula, Leucanthemum, Daucus, Achillea); larvae: young cabbage leaves ad libitum; daily replacement; pre-experimental cabbage exposure for 10 days t"
10-1371-journal-pone-0353528tality,10.1371/journal.pone.0353528tality,PLOS ONE,env_housing,Y,"Climate chambers (Memmert HPP260) at 26°C, 60% humidity, L18:D6; females in 1L gauze-covered plastic containers; larvae in 250mL plastic boxes, max 10 per box with moist paper towel; gauze lids for ai"
10-1371-journal-pone-0353528tality,10.1371/journal.pone.0353528tality,PLOS ONE,env_acclimation,Y,Females maintained in climate chamber after collection; larvae assessed for condition 24h before experimental start; all maintained under oviposition conditions throughout
10-1371-journal-pone-0353528tality,10.1371/journal.pone.0353528tality,PLOS ONE,env_field,NA,No captive field work; collection site described but larvae reared in controlled lab conditions
10-1371-journal-pone-0353528tality,10.1371/journal.pone.0353528tality,PLOS ONE,health_monitoring,Y,"Larvae assessed for feeding activity, digestion, mobility 24h pre-experiment; survival scored for all individuals; pupal and larval development times recorded"
10-1371-journal-pone-0353528tality,10.1371/journal.pone.0353528tality,PLOS ONE,health_injury,Y,Survival recorded; contact experiment states 'high mortality rates' noted in results; no statement about injuries or unexpected deaths in oral experiment beyond survival data
10-1371-journal-pone-0353528tality,10.1371/journal.pone.0353528tality,PLOS ONE,fate_end,Y,"Eclosed adults frozen at −18°C; tissues then dissected for analysis (wings, head, legs removed; thorax-abdomen separated; abdomens dried and extracted with dichloromethane)"
10-1371-journal-pone-0353528tality,10.1371/journal.pone.0353528tality,PLOS ONE,behaviour_general,Y,Females provided cabbage leaves for oviposition and nectar plants; larvae fed cabbage ad libitum; paper and leaves replaced daily; individual housing noted for assessment; no specific enrichment beyon
10-1371-journal-pone-0353528tality,10.1371/journal.pone.0353528tality,PLOS ONE,affect_indicators,N,No behavioural or physiological stress indicators measured; no precautionary measures discussed for affective capacity despite invertebrate use
10-1371-journal-pone-0353780midae,10.1371/journal.pone.0353780midae,PLOS ONE,_eligibility,Y,Empirical study using live beetles collected from wild populations and later preserved; invertebrate welfare during collection and handling is relevant.
10-1371-journal-pone-0353780midae,10.1371/journal.pone.0353780midae,PLOS ONE,subjects_taxon,Y,Beetles identified to family level; life stage not explicitly stated; sex not mentioned.
10-1371-journal-pone-0353780midae,10.1371/journal.pone.0353780midae,PLOS ONE,subjects_source,Y,Wild-collected from five named BC sites; collection period 11 Feb–3 Nov 2024 specified.
10-1371-journal-pone-0353780midae,10.1371/journal.pone.0353780midae,PLOS ONE,subjects_n,Y,"Five traps per site, five sites (n=25 traps total); no attrition data provided; no justification for sample size."
10-1371-journal-pone-0353780midae,10.1371/journal.pone.0353780midae,PLOS ONE,proc_handling,Y,Capture via Lindgren funnel traps; trap spacing ≥20 m; cup height >80 cm; propylene glycol used to kill/preserve upon capture.
10-1371-journal-pone-0353780midae,10.1371/journal.pone.0353780midae,PLOS ONE,proc_anaesthesia,N,Propylene glycol used to kill beetles; no anaesthesia or analgesia discussed; no explicit justification for omission.
10-1371-journal-pone-0353780midae,10.1371/journal.pone.0353780midae,PLOS ONE,proc_biosecurity,N,No mention of escape prevention or disposal measures; non-native taxa risk not addressed.
10-1371-journal-pone-0353780midae,10.1371/journal.pone.0353780midae,PLOS ONE,ethics_review,Y,"Permits obtained from Metro Vancouver (ARP, BL, PSP, TRP) and University of British Columbia (MK)."
10-1371-journal-pone-0353780midae,10.1371/journal.pone.0353780midae,PLOS ONE,ethics_endpoints,N,No predefined humane endpoints; no discussion of anticipated or observed non-target impacts.
10-1371-journal-pone-0353780midae,10.1371/journal.pone.0353780midae,PLOS ONE,ethics_statement,N,No statement engaging with welfare considerations or the three Rs; permit mention alone does not constitute welfare reasoning.
10-1371-journal-pone-0353780midae,10.1371/journal.pone.0353780midae,PLOS ONE,nutrition_diet,NA,Beetles killed upon capture; no feeding or nutrition relevant to study design.
10-1371-journal-pone-0353780midae,10.1371/journal.pone.0353780midae,PLOS ONE,env_housing,N,Beetles stored in propylene glycol at 4°C post-collection; no details on any live housing conditions.
10-1371-journal-pone-0353780midae,10.1371/journal.pone.0353780midae,PLOS ONE,env_acclimation,NA,Beetles killed immediately upon capture; no acclimation period applicable.
10-1371-journal-pone-0353780midae,10.1371/journal.pone.0353780midae,PLOS ONE,env_field,Y,Five BC forest sites described; red alder-dominated; trap deployment and spacing detailed; no checking frequency or injury mitigation mentioned.
10-1371-journal-pone-0353780midae,10.1371/journal.pone.0353780midae,PLOS ONE,health_monitoring,N,"No health assessment, disease screening, or welfare checks mentioned; beetles killed upon capture."
10-1371-journal-pone-0353780midae,10.1371/journal.pone.0353780midae,PLOS ONE,health_injury,N,"No data on injuries, unexpected deaths, or mortality; silent on welfare-relevant outcomes."
10-1371-journal-pone-0353780midae,10.1371/journal.pone.0353780midae,PLOS ONE,fate_end,Y,Propylene glycol used to kill and preserve beetles upon capture; later preserved in 70% ethanol; vouchers to Spencer Entomological Collection.
10-1371-journal-pone-0353780midae,10.1371/journal.pone.0353780midae,PLOS ONE,behaviour_general,N,"No discussion of species-typical behaviour, refugia, enrichment, or disturbance minimisation."
10-1371-journal-pone-0353780midae,10.1371/journal.pone.0353780midae,PLOS ONE,affect_indicators,N,"No mention of stress, pain, or distress indicators; no precautionary welfare measures discussed."
10-1371-journal-we,10.1371/journal.we,PLOS ONE,_eligibility,Y,Empirical study using live crustaceans (four shrimp species) collected from hydrothermal vents and dissected for tissue sampling.
10-1371-journal-we,10.1371/journal.we,PLOS ONE,subjects_taxon,Y,"Four species named: Rimicaris exoculata, R. chacei, Alvinocaris markensis, Mirocaris fortunata; adults; sex not specified."
10-1371-journal-we,10.1371/journal.we,PLOS ONE,subjects_source,Y,"Wild-collected from hydrothermal sites on Mid-Atlantic Ridge; specific sites (Rainbow, Snake Pit, Lucky Strike, Menez Gwen), depths, and coordinates provided; collection cruises dated (2013, 2014, 201"
10-1371-journal-we,10.1371/journal.we,PLOS ONE,subjects_n,Y,Sample sizes detailed in Table 1: three individuals per species per tissue type; total of 15 libraries from pooled tissues. No attrition reported between collection and analysis.
10-1371-journal-we,10.1371/journal.we,PLOS ONE,proc_handling,Y,Collection method stated: suction device of ROV 'Victor 6000' or DSV 'Nautile 6000'; immediate dissection after collection; tissues frozen in liquid nitrogen.
10-1371-journal-we,10.1371/journal.we,PLOS ONE,proc_anaesthesia,N,No mention of anaesthesia or analgesia prior to dissection; no justification provided for omission.
10-1371-journal-we,10.1371/journal.we,PLOS ONE,proc_biosecurity,N,No mention of measures against escape or disposal of contaminated material.
10-1371-journal-we,10.1371/journal.we,PLOS ONE,ethics_review,Y,Authorization to access and collect samples from sites in Portuguese EEZ issued by Ministério dos Negócios Estrangeiros and Região autónoma dos Açores.
10-1371-journal-we,10.1371/journal.we,PLOS ONE,ethics_endpoints,N,No mention of predefined humane endpoints or anticipated non-target impacts.
10-1371-journal-we,10.1371/journal.we,PLOS ONE,ethics_statement,N,"No discussion of welfare considerations or the three Rs (Replacement, Reduction, Refinement) in relation to study design."
10-1371-journal-we,10.1371/journal.we,PLOS ONE,nutrition_diet,NA,Wild-collected animals dissected immediately; no captive holding or feeding relevant to this study design.
10-1371-journal-we,10.1371/journal.we,PLOS ONE,env_housing,NA,No captive holding; animals collected and immediately processed in the field.
10-1371-journal-we,10.1371/journal.we,PLOS ONE,env_acclimation,NA,No acclimation period; immediate dissection after collection.
10-1371-journal-we,10.1371/journal.we,PLOS ONE,env_field,Y,"Field sites described: Mid-Atlantic Ridge hydrothermal vents with locations, depths (840–3480 m), coordinates, and oceanographic mission details provided."
10-1371-journal-we,10.1371/journal.we,PLOS ONE,health_monitoring,N,"No mention of health assessment, disease screening, or welfare checks before or during collection."
10-1371-journal-we,10.1371/journal.we,PLOS ONE,health_injury,N,"No reporting of injuries, deaths, or welfare issues during collection or handling."
10-1371-journal-we,10.1371/journal.we,PLOS ONE,fate_end,Y,Specific killing method named: dissection immediately after collection and instant freezing of organs in liquid nitrogen.
10-1371-journal-we,10.1371/journal.we,PLOS ONE,behaviour_general,N,"No mention of behaviour, refugia, enrichment, or disturbance minimisation; immediate dissection means no behavioural observations possible."
10-1371-journal-we,10.1371/journal.we,PLOS ONE,affect_indicators,N,No mention of behavioural or physiological stress indicators or precautionary measures regarding affective capacity.
10-1098-rspb-2025-2166a,10.1098/rspb.2025.2166a,Proceedings of the Royal Society B,_eligibility,Y,Empirical study using live Bombus impatiens (bumble bees) in physiological and behavioural experiments.
10-1098-rspb-2025-2166a,10.1098/rspb.2025.2166a,Proceedings of the Royal Society B,subjects_taxon,Y,"Bombus impatiens, adult worker bees (females), species identified with scientific name and life stage."
10-1098-rspb-2025-2166a,10.1098/rspb.2025.2166a,Proceedings of the Royal Society B,subjects_source,Y,"Commercial supplier: Koppert, Howell, MI, USA; colony origin and source named."
10-1098-rspb-2025-2166a,10.1098/rspb.2025.2166a,Proceedings of the Royal Society B,subjects_n,Y,n=36 living bees for airflow measurements; n=18 freshly killed bees for heat-loss experiments; attrition noted (marked vs frozen).
10-1098-rspb-2025-2166a,10.1098/rspb.2025.2166a,Proceedings of the Royal Society B,proc_handling,Y,"Bees captured from foraging arena, marked with paint on thorax or frozen; handling during filming and measurement described."
10-1098-rspb-2025-2166a,10.1098/rspb.2025.2166a,Proceedings of the Royal Society B,proc_anaesthesia,N,"No anaesthesia mentioned for living bees. For killed bees, method of killing stated as 'freshly killed' but no specific killing method named."
10-1098-rspb-2025-2166a,10.1098/rspb.2025.2166a,Proceedings of the Royal Society B,proc_biosecurity,N,Domestic species (B. impatiens); no discussion of escape prevention or disposal of contaminated material.
10-1098-rspb-2025-2166a,10.1098/rspb.2025.2166a,Proceedings of the Royal Society B,ethics_review,Y,Ethics statement mentions 'strict adherence to ethical guidelines' and 'approved protocols'; no permit number provided.
10-1098-rspb-2025-2166a,10.1098/rspb.2025.2166a,Proceedings of the Royal Society B,ethics_endpoints,N,No predefined humane endpoints mentioned; no discussion of anticipated or observed non-target impacts.
10-1098-rspb-2025-2166a,10.1098/rspb.2025.2166a,Proceedings of the Royal Society B,ethics_statement,Y,"Welfare-focused statement: 'efforts to ensure that the animals' welfare was prioritized'; discussion of housing, ad libitum feeding, stress minimization."
10-1098-rspb-2025-2166a,10.1098/rspb.2025.2166a,Proceedings of the Royal Society B,nutrition_diet,Y,Nectar substitute (50:50 sucrose solution) and pollen (fresh frozen) provided; replacement every other day; ad libitum access.
10-1098-rspb-2025-2166a,10.1098/rspb.2025.2166a,Proceedings of the Royal Society B,env_housing,Y,"Foraging arena dimensions (61H×61W×94D cm), wood and wire mesh, glass windows, regulated light cycle (11:13), full-spectrum fluorescent light, temperature and humidity not explicitly stated."
10-1098-rspb-2025-2166a,10.1098/rspb.2025.2166a,Proceedings of the Royal Society B,env_acclimation,N,No acclimation period before experiments described.
10-1098-rspb-2025-2166a,10.1098/rspb.2025.2166a,Proceedings of the Royal Society B,env_field,NA,Pure laboratory study; no field work.
10-1098-rspb-2025-2166a,10.1098/rspb.2025.2166a,Proceedings of the Royal Society B,health_monitoring,N,"No monitoring methods, criteria for physical condition, or welfare checks described; no disease or parasite screening."
10-1098-rspb-2025-2166a,10.1098/rspb.2025.2166a,Proceedings of the Royal Society B,health_injury,N,"No statement regarding injuries, deaths, or conditions; silence on mortality or adverse events."
10-1098-rspb-2025-2166a,10.1098/rspb.2025.2166a,Proceedings of the Royal Society B,fate_end,N,"For living bees: 'humanely euthanized in accordance with approved protocols' but no specific method named (e.g., CO₂, cold, decapitation). For heat-loss bees: 'freshly killed' but method not specified"
10-1098-rspb-2025-2166a,10.1098/rspb.2025.2166a,Proceedings of the Royal Society B,behaviour_general,Y,Hovering flight behaviour recorded; foraging arena with artificial flowers and pollen/nectar; light cycle provided; normal behaviour minimally constrained.
10-1098-rspb-2025-2166a,10.1098/rspb.2025.2166a,Proceedings of the Royal Society B,affect_indicators,N,No behavioural or physiological stress/pain indicators measured; no precautionary measures for welfare under thermal stress discussed.
10-1098-rspb-2025-2263even,10.1098/rspb.2025.2263even,Proceedings of the Royal Society B,_eligibility,Y,Empirical study using live Drosophila melanogaster larvae in behavioral experiments.
10-1098-rspb-2025-2263even,10.1098/rspb.2025.2263even,Proceedings of the Royal Society B,subjects_taxon,Y,"Canton-S wild-type strain, D. melanogaster, 4 days old, third instar, feeding-stage larvae."
10-1098-rspb-2025-2263even,10.1098/rspb.2025.2263even,Proceedings of the Royal Society B,subjects_source,N,"Strain named (Canton-S) but no information on founding stock, origin, or colony maintenance date."
10-1098-rspb-2025-2263even,10.1098/rspb.2025.2263even,Proceedings of the Royal Society B,subjects_n,Y,Approximately 20 larvae per cohort mentioned; groups of 20 in taste preference experiments; no attrition reported.
10-1098-rspb-2025-2263even,10.1098/rspb.2025.2263even,Proceedings of the Royal Society B,proc_handling,Y,"Larvae gently washed with tap water, gently transferred between dishes; no marking or tagging mentioned."
10-1098-rspb-2025-2263even,10.1098/rspb.2025.2263even,Proceedings of the Royal Society B,proc_anaesthesia,NA,No invasive procedures or surgery performed; larvae handled but not anaesthetized.
10-1098-rspb-2025-2263even,10.1098/rspb.2025.2263even,Proceedings of the Royal Society B,proc_biosecurity,N,"No mention of containment measures, escape prevention, or disposal of contaminated material."
10-1098-rspb-2025-2263even,10.1098/rspb.2025.2263even,Proceedings of the Royal Society B,ethics_review,N,"No mention of institutional ethics review, permits, or regulatory approval."
10-1098-rspb-2025-2263even,10.1098/rspb.2025.2263even,Proceedings of the Royal Society B,ethics_endpoints,N,No predefined humane endpoints or discussion of anticipated impacts mentioned.
10-1098-rspb-2025-2263even,10.1098/rspb.2025.2263even,Proceedings of the Royal Society B,ethics_statement,N,"No discussion of welfare considerations or the three Rs (Replacement, Reduction, Refinement)."
10-1098-rspb-2025-2263even,10.1098/rspb.2025.2263even,Proceedings of the Royal Society B,nutrition_diet,Y,Larvae maintained on standard fly food; experimental diets described (fructose and quinine concentrations in agar).
10-1098-rspb-2025-2263even,10.1098/rspb.2025.2263even,Proceedings of the Royal Society B,env_housing,Y,Maintained at 25°C with 12:12 h light–dark cycle; Petri dishes (9 cm diameter) used for experiments with agar substrate.
10-1098-rspb-2025-2263even,10.1098/rspb.2025.2263even,Proceedings of the Royal Society B,env_acclimation,N,No acclimation period described before experimental procedures.
10-1098-rspb-2025-2263even,10.1098/rspb.2025.2263even,Proceedings of the Royal Society B,env_field,NA,Pure laboratory study with no field component.
10-1098-rspb-2025-2263even,10.1098/rspb.2025.2263even,Proceedings of the Royal Society B,health_monitoring,N,"No health monitoring, disease screening, or welfare checks described."
10-1098-rspb-2025-2263even,10.1098/rspb.2025.2263even,Proceedings of the Royal Society B,health_injury,N,"No statement regarding injuries, deaths, or unexpected mortality during experiments."
10-1098-rspb-2025-2263even,10.1098/rspb.2025.2263even,Proceedings of the Royal Society B,fate_end,N,No description of what happened to larvae after experiments; no killing method specified.
10-1098-rspb-2025-2263even,10.1098/rspb.2025.2263even,Proceedings of the Royal Society B,behaviour_general,Y,Larvae allowed to move freely in dishes; odour containers and substrate choices provided; minimal disturbance design.
10-1098-rspb-2025-2263even,10.1098/rspb.2025.2263even,Proceedings of the Royal Society B,affect_indicators,N,"No discussion of stress, pain, or distress indicators; no precautionary measures for uncertain affective capacity."
10-1098-rspb-2025-2681dragonflies,10.1098/rspb.2025.2681Dragonflies,Proceedings of the Royal Society B,_eligibility,Y,"Empirical field study using live dragonflies (Odonata) with marking, behavioral observation, flight testing, and euthanasia."
10-1098-rspb-2025-2681dragonflies,10.1098/rspb.2025.2681Dragonflies,Proceedings of the Royal Society B,subjects_taxon,Y,Two Anisoptera species: Erythrodiplax abjecta (28–38 mm) and Sympetrum gilvum (36–43 mm); identified using field guide; males and females distinguished.
10-1098-rspb-2025-2681dragonflies,10.1098/rspb.2025.2681Dragonflies,Proceedings of the Royal Society B,subjects_source,Y,"Wild-collected from 12 lentic sites in Colombian Andes; specific localities, dates (dry season 2020–2023), and 120-day sampling period provided."
10-1098-rspb-2025-2681dragonflies,10.1098/rspb.2025.2681Dragonflies,Proceedings of the Royal Society B,subjects_n,Y,1809 behavioral observations from marked individuals; 708 individuals assessed for flight and body condition; sampling across 12 sites once per season.
10-1098-rspb-2025-2681dragonflies,10.1098/rspb.2025.2681Dragonflies,Proceedings of the Royal Society B,proc_handling,Y,Capture by transect walk (500×3 m); marking with indelible ink on right hindwing; binocular observation; focal observation techniques (20 min walks); direct visual inspection for mark verification.
10-1098-rspb-2025-2681dragonflies,10.1098/rspb.2025.2681Dragonflies,Proceedings of the Royal Society B,proc_anaesthesia,N,"Flight tests used wire harness; sacrificed individuals then dissected, chemically treated (methyl trichloride, sodium hydroxide). No anesthesia or analgesia reported; method of killing not explicitly "
10-1098-rspb-2025-2681dragonflies,10.1098/rspb.2025.2681Dragonflies,Proceedings of the Royal Society B,proc_biosecurity,NA,Wild field study with no captive holding of non-native taxa; no biosecurity risk identified.
10-1098-rspb-2025-2681dragonflies,10.1098/rspb.2025.2681Dragonflies,Proceedings of the Royal Society B,ethics_review,N,"No institutional ethics review, permit numbers, or explicit statement of exemption reported; no conservation status of focal taxa mentioned."
10-1098-rspb-2025-2681dragonflies,10.1098/rspb.2025.2681Dragonflies,Proceedings of the Royal Society B,ethics_endpoints,N,No predefined humane endpoints or anticipated non-target impacts reported; field methods and sampling design described but not justified on welfare grounds.
10-1098-rspb-2025-2681dragonflies,10.1098/rspb.2025.2681Dragonflies,Proceedings of the Royal Society B,ethics_statement,N,"No discussion of welfare considerations or the three Rs (Replacement, Reduction, Refinement) in relation to study design."
10-1098-rspb-2025-2681dragonflies,10.1098/rspb.2025.2681Dragonflies,Proceedings of the Royal Society B,nutrition_diet,NA,Wild field study; no captive feeding or diet manipulation; animals not held in controlled conditions between capture and testing/euthanasia.
10-1098-rspb-2025-2681dragonflies,10.1098/rspb.2025.2681Dragonflies,Proceedings of the Royal Society B,env_housing,NA,Field study with no captive housing except brief acrylic tunnel (110×60 cm) for flight tests on final day.
10-1098-rspb-2025-2681dragonflies,10.1098/rspb.2025.2681Dragonflies,Proceedings of the Royal Society B,env_acclimation,N,No acclimation period described before behavioral observations or flight tests; observations conducted immediately after marking on first day.
10-1098-rspb-2025-2681dragonflies,10.1098/rspb.2025.2681Dragonflies,Proceedings of the Royal Society B,env_field,Y,12 lentic sites with different land uses in Colombian Andes; vegetation described (Andean Forest vs. disturbed/homogenized); dry season timing; transect design (500×3 m); water and terrestrial habitat
10-1098-rspb-2025-2681dragonflies,10.1098/rspb.2025.2681Dragonflies,Proceedings of the Royal Society B,health_monitoring,N,"Body condition assessed post-mortem via dissection and chemical analysis; no pre-mortem welfare checks, disease screening, or physical condition assessment reported during fieldwork."
10-1098-rspb-2025-2681dragonflies,10.1098/rspb.2025.2681Dragonflies,Proceedings of the Royal Society B,health_injury,N,"No report of injuries, unexpected deaths, or welfare issues during capture, marking, observation, or flight testing; silence on these events."
10-1098-rspb-2025-2681dragonflies,10.1098/rspb.2025.2681Dragonflies,Proceedings of the Royal Society B,fate_end,N,"Text states 'Individuals from the behavioural and flight tests were sacrificed' but no specific killing method named (e.g., CO2, cold anaesthesia, decapitation); downstream dissection and chemical tre"
10-1098-rspb-2025-2681dragonflies,10.1098/rspb.2025.2681Dragonflies,Proceedings of the Royal Society B,behaviour_general,Y,"Field observations of species-typical behaviors (territorial perching, reproduction, oviposition, interspecific interactions); focal sampling during natural peak activity (09:00–14:00 h); territorial "
10-1098-rspb-2025-2681dragonflies,10.1098/rspb.2025.2681Dragonflies,Proceedings of the Royal Society B,affect_indicators,N,"No discussion of behavioral or physiological indicators of stress, pain, or distress; no precautionary measures adopted despite harness restraint and chemical treatments applied to animals."
10-1098-rspb-2025-2704could,10.1098/rspb.2025.2704could,Proceedings of the Royal Society B,_eligibility,Y,"Empirical study using live wild-caught adult moths (Lepidoptera: Erebidae, Geometridae, Noctuidae) in behavioral experiments."
10-1098-rspb-2025-2704could,10.1098/rspb.2025.2704could,Proceedings of the Royal Society B,subjects_taxon,Y,"23 moth species named, families specified (Erebidae, Geometridae, Noctuidae); all adults; sex not specified."
10-1098-rspb-2025-2704could,10.1098/rspb.2025.2704could,Proceedings of the Royal Society B,subjects_source,Y,"Wild-caught from University of Exeter Penryn campus and nearby private gardens (Cornwall, UK) using light traps or butterfly nets; dates: May–September 2023 and 2024."
10-1098-rspb-2025-2704could,10.1098/rspb.2025.2704could,Proceedings of the Royal Society B,subjects_n,Y,"887 moths collected, 44 excluded (equipment failure/damage), n=843 final; attrition documented; justification for sample size not explicitly stated."
10-1098-rspb-2025-2704could,10.1098/rspb.2025.2704could,Proceedings of the Royal Society B,proc_handling,Y,Captured with light traps or nets; light-trapped moths housed individually in plastic pots with air holes until next night; net-caught included same night within 1 hour; marked with silver permanent m
10-1098-rspb-2025-2704could,10.1098/rspb.2025.2704could,Proceedings of the Royal Society B,proc_anaesthesia,NA,No invasive procedures; moths placed in experimental chambers and observed; no anaesthesia or surgery performed.
10-1098-rspb-2025-2704could,10.1098/rspb.2025.2704could,Proceedings of the Royal Society B,proc_biosecurity,N,"No mention of escape prevention measures, containment protocols, or disposal procedures; all species were native UK taxa."
10-1098-rspb-2025-2704could,10.1098/rspb.2025.2704could,Proceedings of the Royal Society B,ethics_review,Y,Approved by University of Exeter ethics committee (Application ID: 515517); no permit numbers provided; conservation status not discussed.
10-1098-rspb-2025-2704could,10.1098/rspb.2025.2704could,Proceedings of the Royal Society B,ethics_endpoints,N,No predefined humane endpoints stated; no discussion of anticipated non-target impacts or field-work endpoints.
10-1098-rspb-2025-2704could,10.1098/rspb.2025.2704could,Proceedings of the Royal Society B,ethics_statement,N,"Ethics approval mentioned but no engagement with welfare considerations or the three Rs; no discussion of how study design addressed reduction, refinement, or replacement."
10-1098-rspb-2025-2704could,10.1098/rspb.2025.2704could,Proceedings of the Royal Society B,nutrition_diet,N,"No information on diet, feeding, water provision, or fasting during experimental holding period."
10-1098-rspb-2025-2704could,10.1098/rspb.2025.2704could,Proceedings of the Royal Society B,env_housing,Y,"Custom frustum cone chambers (13 cm base, 35 cm top, 18 cm high), opaque white Perspex base, clear UV-transparent lid, removable colored paper pattern, black netting; housed individually; temperature "
10-1098-rspb-2025-2704could,10.1098/rspb.2025.2704could,Proceedings of the Royal Society B,env_acclimation,Y,Light-trapped moths stored until following night (acclimation period ~24 hours); net-caught moths included same night within ~1 hour of capture.
10-1098-rspb-2025-2704could,10.1098/rspb.2025.2704could,Proceedings of the Royal Society B,env_field,Y,"Outdoor experiments at University of Exeter Penryn campus (Cornwall, UK; 50°10′12″N, 5°7′22.8″W); ran 124 nights May–September 2023–2024; natural night-time conditions measured with spectroradiometer;"
10-1098-rspb-2025-2704could,10.1098/rspb.2025.2704could,Proceedings of the Royal Society B,health_monitoring,N,"Only responsive moths included; moths found non-responsive excluded; no systematic health checks, disease screening, or welfare assessment criteria described."
10-1098-rspb-2025-2704could,10.1098/rspb.2025.2704could,Proceedings of the Royal Society B,health_injury,Y,44 moths excluded due to equipment failure or damage to moth; responsiveness criterion applied; no report of injuries or deaths during housing or experiments.
10-1098-rspb-2025-2704could,10.1098/rspb.2025.2704could,Proceedings of the Royal Society B,fate_end,Y,Moths released in the area where they were collected; no killing method used as all were released alive post-marking.
10-1098-rspb-2025-2704could,10.1098/rspb.2025.2704could,Proceedings of the Royal Society B,behaviour_general,Y,Chambers designed with colored segments and black netting to encourage settling; outdoor conditions approximated natural environment; activity measured via time-lapse photography; no enrichment beyond
10-1098-rspb-2025-2704could,10.1098/rspb.2025.2704could,Proceedings of the Royal Society B,affect_indicators,Y,Activity (movement) measured as behavioral indicator of response to light; non-responsiveness identified as criterion for exclusion; no physiological stress markers or pain indicators assessed.
10-1098-rspb-2025-28377unaffiliated,10.1098/rspb.2025.28377Unaffiliated,Proceedings of the Royal Society B,_eligibility,Y,"Empirical study using live hyperiid amphipods (invertebrates) observed in situ via ROV, HOV, blackwater diving, and collected for identification."
10-1098-rspb-2025-28377unaffiliated,10.1098/rspb.2025.28377Unaffiliated,Proceedings of the Royal Society B,subjects_taxon,Y,48 hyperiid genera identified; life stage (adults primarily); sex not systematically reported.
10-1098-rspb-2025-28377unaffiliated,10.1098/rspb.2025.28377Unaffiliated,Proceedings of the Royal Society B,subjects_source,Y,"Wild-collected from Eastern North Pacific (Monterey, Astoria, 1994-2021), Gulf of California, Cabo Verde waters (2018-2019), and blackwater dives off Palm Beach (2015-2022)."
10-1098-rspb-2025-28377unaffiliated,10.1098/rspb.2025.28377Unaffiliated,Proceedings of the Royal Society B,subjects_n,Y,"5759 in situ observations total; 3288 ROV, 262 blackwater, 2209 literature records; attrition/sampling details provided for ROV collection attempts."
10-1098-rspb-2025-28377unaffiliated,10.1098/rspb.2025.28377Unaffiliated,Proceedings of the Royal Society B,proc_handling,Y,Capture via suction sampler or acrylic collecting cylinders during submersible dives; no systematic marking/tagging reported; observation-based methodology described.
10-1098-rspb-2025-28377unaffiliated,10.1098/rspb.2025.28377Unaffiliated,Proceedings of the Royal Society B,proc_anaesthesia,NA,No invasive procedures or killing reported in methods; study was observational and non-lethal for most specimens.
10-1098-rspb-2025-28377unaffiliated,10.1098/rspb.2025.28377Unaffiliated,Proceedings of the Royal Society B,proc_biosecurity,N,"No mention of escape mitigation, containment, or disposal protocols for collected specimens."
10-1098-rspb-2025-28377unaffiliated,10.1098/rspb.2025.28377Unaffiliated,Proceedings of the Royal Society B,ethics_review,Y,Statement: 'No ethical approval or permits were required for the specimens used in this study.' Permit obtained from Direcção Nacional do Ambiente for Cabo Verde collections.
10-1098-rspb-2025-28377unaffiliated,10.1098/rspb.2025.28377Unaffiliated,Proceedings of the Royal Society B,ethics_endpoints,N,No predefined humane endpoints or non-target impact mitigation described; study was observational.
10-1098-rspb-2025-28377unaffiliated,10.1098/rspb.2025.28377Unaffiliated,Proceedings of the Royal Society B,ethics_statement,N,"No discussion of welfare considerations or the three Rs (Replacement, Reduction, Refinement) in relation to study design."
10-1098-rspb-2025-28377unaffiliated,10.1098/rspb.2025.28377Unaffiliated,Proceedings of the Royal Society B,nutrition_diet,N,"No feeding, diet, or fasting regimen described; study was observational in situ."
10-1098-rspb-2025-28377unaffiliated,10.1098/rspb.2025.28377Unaffiliated,Proceedings of the Royal Society B,env_housing,N,No captive housing conditions described; study was field-based observation only.
10-1098-rspb-2025-28377unaffiliated,10.1098/rspb.2025.28377Unaffiliated,Proceedings of the Royal Society B,env_acclimation,NA,Study was observational in situ; no acclimation period applicable.
10-1098-rspb-2025-28377unaffiliated,10.1098/rspb.2025.28377Unaffiliated,Proceedings of the Royal Society B,env_field,Y,"Field sites described: Eastern North Pacific (Monterey, Astoria), Gulf of California, Cabo Verde (Bay of Tarrafal, Santo Antão, south of Fogo), blackwater dives off Palm Beach; depths 0–4000 m; season"
10-1098-rspb-2025-28377unaffiliated,10.1098/rspb.2025.28377Unaffiliated,Proceedings of the Royal Society B,health_monitoring,N,"No systematic health monitoring, disease screening, or condition assessment criteria reported."
10-1098-rspb-2025-28377unaffiliated,10.1098/rspb.2025.28377Unaffiliated,Proceedings of the Royal Society B,health_injury,N,"No statement on injuries, mortality, or health events; silence on these outcomes."
10-1098-rspb-2025-28377unaffiliated,10.1098/rspb.2025.28377Unaffiliated,Proceedings of the Royal Society B,fate_end,N,"No explicit statement of specimen fate; collected specimens for identification, but no killing method or final disposition specified."
10-1098-rspb-2025-28377unaffiliated,10.1098/rspb.2025.28377Unaffiliated,Proceedings of the Royal Society B,behaviour_general,Y,"Extensive behavioral description: association behavior (symbiotic vs. free-swimming), swimming patterns, light attraction, swarming behavior, camouflage strategies documented."
10-1098-rspb-2025-28377unaffiliated,10.1098/rspb.2025.28377Unaffiliated,Proceedings of the Royal Society B,affect_indicators,N,"No assessment of stress, pain, or distress indicators; no precautionary measures for uncertain affective capacity."
10-1098-rspb-2025-2891the,10.1098/rspb.2025.2891The,Proceedings of the Royal Society B,_eligibility,Y,Empirical study using live honeybees (Apis mellifera) in behavioral conditioning experiments.
10-1098-rspb-2025-2891the,10.1098/rspb.2025.2891The,Proceedings of the Royal Society B,subjects_taxon,Y,"Apis mellifera, honeybee foragers, species identified."
10-1098-rspb-2025-2891the,10.1098/rspb.2025.2891The,Proceedings of the Royal Society B,subjects_source,Y,Wild-collected from hives at Sorbonne University apiary; bees captured exiting hives.
10-1098-rspb-2025-2891the,10.1098/rspb.2025.2891The,Proceedings of the Royal Society B,subjects_n,Y,"Sample sizes provided per experiment (e.g., n values shown in figures); attrition noted (only bees meeting discrimination criterion advanced to phase 2)."
10-1098-rspb-2025-2891the,10.1098/rspb.2025.2891The,Proceedings of the Royal Society B,proc_handling,Y,"Capture in glass vials, transport to lab, cooled on ice 5 min, individually harnessed in plastic tubes."
10-1098-rspb-2025-2891the,10.1098/rspb.2025.2891The,Proceedings of the Royal Society B,proc_anaesthesia,NA,"No invasive surgical procedures performed; cooling on ice was for handling/immobilization only, not anaesthesia for surgery."
10-1098-rspb-2025-2891the,10.1098/rspb.2025.2891The,Proceedings of the Royal Society B,proc_biosecurity,NA,Native species (Apis mellifera) in own apiary; no non-native taxa or captive holding beyond experimental duration.
10-1098-rspb-2025-2891the,10.1098/rspb.2025.2891The,Proceedings of the Royal Society B,ethics_review,Y,Explicitly states 'This work did not require ethical approval from a human subject or animal welfare committee.'
10-1098-rspb-2025-2891the,10.1098/rspb.2025.2891The,Proceedings of the Royal Society B,ethics_endpoints,N,No predefined humane endpoints or anticipated non-target impacts mentioned.
10-1098-rspb-2025-2891the,10.1098/rspb.2025.2891The,Proceedings of the Royal Society B,ethics_statement,N,"No discussion of welfare considerations or the three Rs (Replacement, Reduction, Refinement) in study design."
10-1098-rspb-2025-2891the,10.1098/rspb.2025.2891The,Proceedings of the Royal Society B,nutrition_diet,Y,Fed 5 µl of 30% sucrose solution ~30 min after harnessing; kept for 3 h in dark humid container at 28°C before conditioning.
10-1098-rspb-2025-2891the,10.1098/rspb.2025.2891The,Proceedings of the Royal Society B,env_housing,Y,Individually harnessed in plastic tubes; 3 h holding in dark humid container at 28°C; custom 3D-printed isolation chamber used during distraction trials.
10-1098-rspb-2025-2891the,10.1098/rspb.2025.2891The,Proceedings of the Royal Society B,env_acclimation,Y,15 s habituation period at start of each trial to acclimate to airflow and context.
10-1098-rspb-2025-2891the,10.1098/rspb.2025.2891The,Proceedings of the Royal Society B,env_field,NA,Pure laboratory study; no field holding or deployment.
10-1098-rspb-2025-2891the,10.1098/rspb.2025.2891The,Proceedings of the Royal Society B,health_monitoring,Y,Proboscis extension response (PER) assessed pre-conditioning by touching antennae with sucrose solution; only bees showing full PER included.
10-1098-rspb-2025-2891the,10.1098/rspb.2025.2891The,Proceedings of the Royal Society B,health_injury,N,"No mention of injuries, deaths, disease, or explicit statement that none occurred during the study."
10-1098-rspb-2025-2891the,10.1098/rspb.2025.2891The,Proceedings of the Royal Society B,fate_end,N,No explicit statement of how bees were killed or disposed of at end of study.
10-1098-rspb-2025-2891the,10.1098/rspb.2025.2891The,Proceedings of the Royal Society B,behaviour_general,Y,Study explicitly designed around species-typical proboscis extension response; olfactory stimulation and conditioned feeding behavior measured.
10-1098-rspb-2025-2891the,10.1098/rspb.2025.2891The,Proceedings of the Royal Society B,affect_indicators,Y,Study examines behavioral indicators of awareness and cognitive processes (PER suppression/enhancement) as markers of distress or cognitive state disruption under distraction.
10-1098-rspb-2026-0308land-use,10.1098/rspb.2026.0308Land-use,Proceedings of the Royal Society B,_eligibility,Y,"Empirical study using live adult female butterflies (three species) collected wild, measured for flight metabolic rate, and sampled for genetic analysis."
10-1098-rspb-2026-0308land-use,10.1098/rspb.2026.0308Land-use,Proceedings of the Royal Society B,subjects_taxon,Y,"Three species identified: Pieris napi, Maniola jurtina, Thymelicus lineola; all adults; females only."
10-1098-rspb-2026-0308land-use,10.1098/rspb.2026.0308Land-use,Proceedings of the Royal Society B,subjects_source,Y,"Wild-collected from six sampling sites in Åland islands, southwest Finland, summer 2023; collection timing specified per species."
10-1098-rspb-2026-0308land-use,10.1098/rspb.2026.0308Land-use,Proceedings of the Royal Society B,subjects_n,Y,n > 30 per landscape type and species stated; 96 samples sequenced; no attrition reported between collection and analysis.
10-1098-rspb-2026-0308land-use,10.1098/rspb.2026.0308Land-use,Proceedings of the Royal Society B,proc_handling,Y,"Captured with net (implied), transported, marked with ID on right hindwing, housed in cages during holding; random collection order."
10-1098-rspb-2026-0308land-use,10.1098/rspb.2026.0308Land-use,Proceedings of the Royal Society B,proc_anaesthesia,NA,No invasive surgical procedure performed; genetic sampling (leg collection) not explicitly stated to require anaesthesia or analgesia.
10-1098-rspb-2026-0308land-use,10.1098/rspb.2026.0308Land-use,Proceedings of the Royal Society B,proc_biosecurity,N,"No mention of containment measures, escape prevention, or disposal of contaminated material during captive holding."
10-1098-rspb-2026-0308land-use,10.1098/rspb.2026.0308Land-use,Proceedings of the Royal Society B,ethics_review,N,"No institutional ethics review, permit numbers, or conservation status statement provided; no explicit statement that none was required."
10-1098-rspb-2026-0308land-use,10.1098/rspb.2026.0308Land-use,Proceedings of the Royal Society B,ethics_endpoints,N,No predefined humane endpoints stated; no discussion of anticipated non-target impacts or welfare concerns during holding and procedures.
10-1098-rspb-2026-0308land-use,10.1098/rspb.2026.0308Land-use,Proceedings of the Royal Society B,ethics_statement,N,"No discussion of welfare considerations or the three Rs (Replacement, Reduction, Refinement) in study design."
10-1098-rspb-2026-0308land-use,10.1098/rspb.2026.0308Land-use,Proceedings of the Royal Society B,nutrition_diet,Y,Fed honey-water solution (1:10 ratio) during day; no food at night to keep inactive and conserve energy; water/moisture provision in food.
10-1098-rspb-2026-0308land-use,10.1098/rspb.2026.0308Land-use,Proceedings of the Royal Society B,env_housing,Y,"Cages approx. 40 × 40 × 60 cm kept outdoors; cooler box used at night; no other enclosure details (substrate, complexity, density, grouping, temperature control, ventilation, photoperiod, cleaning) pr"
10-1098-rspb-2026-0308land-use,10.1098/rspb.2026.0308Land-use,Proceedings of the Royal Society B,env_acclimation,Y,Butterflies kept overnight in cooler box inactive; kept inactive until transferred to room temperature ~1 hour before FMR assay.
10-1098-rspb-2026-0308land-use,10.1098/rspb.2026.0308Land-use,Proceedings of the Royal Society B,env_field,Y,Field sites in Åland islands described by landscape type and land-use classification; distances between sites specified (4.1–38.4 km); collection timing specified.
10-1098-rspb-2026-0308land-use,10.1098/rspb.2026.0308Land-use,Proceedings of the Royal Society B,health_monitoring,N,"No health assessments, physical condition monitoring, disease/parasite screening, or welfare checks during holding reported."
10-1098-rspb-2026-0308land-use,10.1098/rspb.2026.0308Land-use,Proceedings of the Royal Society B,health_injury,N,"No statement on injuries, mortality, or unexpected deaths during capture, transport, holding, or experimental procedures; silence on these events."
10-1098-rspb-2026-0308land-use,10.1098/rspb.2026.0308Land-use,Proceedings of the Royal Society B,fate_end,Y,"Butterflies released back to wild to same collection site, usually the following day after FMR measurement and sampling."
10-1098-rspb-2026-0308land-use,10.1098/rspb.2026.0308Land-use,Proceedings of the Royal Society B,behaviour_general,Y,"Cages allowed feeding opportunity on honey-water; cooler box used to keep inactive at night; no mention of refugia, enrichment, or disturbance minimisation during lab holding."
10-1098-rspb-2026-0308land-use,10.1098/rspb.2026.0308Land-use,Proceedings of the Royal Society B,affect_indicators,N,"No behavioural or physiological indicators of stress, pain, or distress monitored; no precautionary measures for affective capacity discussed."
10-1098-rspb-2026-0345,10.1098/rspb.2026.0345,Proceedings of the Royal Society B,_eligibility,Y,Empirical study using live Drosophila subobscura flies (insects) for mating experiments and tissue collection.
10-1098-rspb-2026-0345,10.1098/rspb.2026.0345,Proceedings of the Royal Society B,subjects_taxon,Y,"D. subobscura, mixed Morocco populations, adult males and females, specific ages stated (6-7 days old)."
10-1098-rspb-2026-0345,10.1098/rspb.2026.0345,Proceedings of the Royal Society B,subjects_source,Y,"Lab colony, mixed Morocco populations, maintained at 18°C on defined 12:12 light:dark cycle."
10-1098-rspb-2026-0345,10.1098/rspb.2026.0345,Proceedings of the Royal Society B,subjects_n,Y,"Stock: 250–300 flies total; mating trials: 7-day-old males, 20+ individuals per treatment (5 biological replicates, 10 males per replicate per treatment)."
10-1098-rspb-2026-0345,10.1098/rspb.2026.0345,Proceedings of the Royal Society B,proc_handling,Y,"Flies collected every 24 h to ensure unmated status; aged in groups, then housed individually 24 h before mating; aspirated from vials after mating."
10-1098-rspb-2026-0345,10.1098/rspb.2026.0345,Proceedings of the Royal Society B,proc_anaesthesia,Y,Males flash frozen in liquid nitrogen within 5 min of mating cessation; cold anaesthesia + freezing method employed.
10-1098-rspb-2026-0345,10.1098/rspb.2026.0345,Proceedings of the Royal Society B,proc_biosecurity,NA,"Native Drosophila species, no captive non-native escape risk noted; standard lab colony containment assumed."
10-1098-rspb-2026-0345,10.1098/rspb.2026.0345,Proceedings of the Royal Society B,ethics_review,Y,Explicit statement: 'This work did not require ethical approval from a human subject or animal welfare committee.'
10-1098-rspb-2026-0345,10.1098/rspb.2026.0345,Proceedings of the Royal Society B,ethics_endpoints,N,No predefined humane endpoints or monitoring of non-target impacts documented.
10-1098-rspb-2026-0345,10.1098/rspb.2026.0345,Proceedings of the Royal Society B,ethics_statement,N,No discussion of welfare considerations or the three Rs in study design; ethics statement is purely a regulatory declaration.
10-1098-rspb-2026-0345,10.1098/rspb.2026.0345,Proceedings of the Royal Society B,nutrition_diet,Y,"Double yeast and maize medium composition provided (10 g agar, 85 g sucrose, 40 g yeast extract, 60 g maize, 1000 ml H2O, 25 ml 10% nipagin); feeding ad libitum on 200 ml bottles."
10-1098-rspb-2026-0345,10.1098/rspb.2026.0345,Proceedings of the Royal Society B,env_housing,Y,"Glass Drosophila bottles, 25 males + 25 females per 200 ml food, 18°C, 12:12 light:dark; mating at 23°C; bottles flipped every 3–4 days."
10-1098-rspb-2026-0345,10.1098/rspb.2026.0345,Proceedings of the Royal Society B,env_acclimation,Y,"Males aged 6 days post-eclosion in groups of 10, then housed individually 24 h before mating to avoid adverse social effects."
10-1098-rspb-2026-0345,10.1098/rspb.2026.0345,Proceedings of the Royal Society B,env_field,NA,Pure laboratory study; no field component.
10-1098-rspb-2026-0345,10.1098/rspb.2026.0345,Proceedings of the Royal Society B,health_monitoring,N,"No health checks, disease screening, or welfare monitoring frequency documented."
10-1098-rspb-2026-0345,10.1098/rspb.2026.0345,Proceedings of the Royal Society B,health_injury,N,"No report of injuries, mortality, or adverse events during handling or mating experiments."
10-1098-rspb-2026-0345,10.1098/rspb.2026.0345,Proceedings of the Royal Society B,fate_end,Y,Males flash frozen in liquid nitrogen within 5 min of mating; tissues dissected post-freezing for analysis.
10-1098-rspb-2026-0345,10.1098/rspb.2026.0345,Proceedings of the Royal Society B,behaviour_general,Y,Mating pairs monitored; mating recorded if occurred within 2 h; males housed individually 24 h pre-mating to prevent negative social interactions.
10-1098-rspb-2026-0345,10.1098/rspb.2026.0345,Proceedings of the Royal Society B,affect_indicators,N,No assessment of behavioural or physiological stress/pain indicators; no precautionary measures for uncertain affective capacity discussed.
10-1098-rspb-2026-0609,10.1098/rspb.2026.0609,Proceedings of the Royal Society B,_eligibility,Y,Empirical study using live house crickets (Acheta domesticus) in controlled behavioral experiments.
10-1098-rspb-2026-0609,10.1098/rspb.2026.0609,Proceedings of the Royal Society B,subjects_taxon,Y,"House cricket, Acheta domesticus; adult stage; 40 males and 40 females specified."
10-1098-rspb-2026-0609,10.1098/rspb.2026.0609,Proceedings of the Royal Society B,subjects_source,Y,Commercially sourced from Petstock; no founding stock or date provided but commercial supplier named.
10-1098-rspb-2026-0609,10.1098/rspb.2026.0609,Proceedings of the Royal Society B,subjects_n,Y,"80 adult crickets (40 males, 40 females); no attrition reported; sample size justified by within-subjects design."
10-1098-rspb-2026-0609,10.1098/rspb.2026.0609,Proceedings of the Royal Society B,proc_handling,Y,Crickets gently immobilized using sponge; antenna randomly selected; randomized treatment order via uniform draw in R.
10-1098-rspb-2026-0609,10.1098/rspb.2026.0609,Proceedings of the Royal Society B,proc_anaesthesia,NA,No invasive surgical procedures; thermal and tactile stimuli applied to antenna surface only; no anaesthesia required.
10-1098-rspb-2026-0609,10.1098/rspb.2026.0609,Proceedings of the Royal Society B,proc_biosecurity,NA,"Laboratory study with commercially reared, domesticated species; no escape risk or non-native concern."
10-1098-rspb-2026-0609,10.1098/rspb.2026.0609,Proceedings of the Royal Society B,ethics_review,Y,Explicitly stated: 'invertebrate research is not subject to formal ethics approval in Australia' but authors followed high standards of care.
10-1098-rspb-2026-0609,10.1098/rspb.2026.0609,Proceedings of the Royal Society B,ethics_endpoints,Y,Humane endpoints implicitly addressed: 'no procedures caused injury or lasting harm'; temperature (65°C) selected to avoid lasting tissue damage.
10-1098-rspb-2026-0609,10.1098/rspb.2026.0609,Proceedings of the Royal Society B,ethics_statement,Y,Discussion engages welfare reasoning: 'ethical landscape shifts' if insects experience pain; precautionary approach endorsed; implications for farmed crickets discussed.
10-1098-rspb-2026-0609,10.1098/rspb.2026.0609,Proceedings of the Royal Society B,nutrition_diet,Y,Free access to wheatgerm and peaches in juice for food and hydration; continuous access maintained.
10-1098-rspb-2026-0609,10.1098/rspb.2026.0609,Proceedings of the Royal Society B,env_housing,Y,Shared containers 40×40×100 cm; 12:12h light–dark cycle; 23±1°C; two experimental arena types described (higher-stress: open-top 30×22×10.5 cm with red cellophane; lower-stress: closed-top with sand s
10-1098-rspb-2026-0609,10.1098/rspb.2026.0609,Proceedings of the Royal Society B,env_acclimation,N,No acclimation period mentioned before trials; crickets transferred directly to arena after treatment application.
10-1098-rspb-2026-0609,10.1098/rspb.2026.0609,Proceedings of the Royal Society B,env_field,NA,Pure laboratory study with no field component.
10-1098-rspb-2026-0609,10.1098/rspb.2026.0609,Proceedings of the Royal Society B,health_monitoring,N,"No mention of health checks, disease screening, or physical condition assessment during housing period."
10-1098-rspb-2026-0609,10.1098/rspb.2026.0609,Proceedings of the Royal Society B,health_injury,Y,Explicitly stated: 'no procedures caused injury or lasting harm'; temperature selected to avoid tissue damage; no injuries reported.
10-1098-rspb-2026-0609,10.1098/rspb.2026.0609,Proceedings of the Royal Society B,fate_end,Y,All crickets returned to housing containers 'where they lived out their natural lifespans under continued laboratory care'; no killing method required.
10-1098-rspb-2026-0609,10.1098/rspb.2026.0609,Proceedings of the Royal Society B,behaviour_general,Y,"Lower-stress environment provided sand substrate for digging, structural refuge, reduced light; higher-stress removed cover and substrate; grooming behavior recorded and analyzed."
10-1098-rspb-2026-0609,10.1098/rspb.2026.0609,Proceedings of the Royal Society B,affect_indicators,Y,"Study specifically designed to detect pain-like states via grooming behavior; temporal dynamics, site-specificity, and persistence measured as indicators of flexible, experience-guided response."
10-1098-rspb-2026-0915information,10.1098/rspb.2026.0915information,Proceedings of the Royal Society B,_eligibility,Y,Live tarantula (Grammostola pulchra) used in biomechanics experiment involving vibrational stimulation and laser vibrometry measurements.
10-1098-rspb-2026-0915information,10.1098/rspb.2026.0915information,Proceedings of the Royal Society B,subjects_taxon,Y,"Grammostola pulchra Mello-Leitão, 1921; species identified; life stage not specified; sex not specified."
10-1098-rspb-2026-0915information,10.1098/rspb.2026.0915information,Proceedings of the Royal Society B,subjects_source,Y,Lab colony; described as 'from our captive lab population' with housing details provided.
10-1098-rspb-2026-0915information,10.1098/rspb.2026.0915information,Proceedings of the Royal Society B,subjects_n,Y,One specimen (n=1) used; no attrition described; no justification for sample size provided.
10-1098-rspb-2026-0915information,10.1098/rspb.2026.0915information,Proceedings of the Royal Society B,proc_handling,Y,Spider guided to centre of plate using forceps; allowed to acclimate ~10 min in natural posture; not tethered or restrained; encouraged back to centre if moved.
10-1098-rspb-2026-0915information,10.1098/rspb.2026.0915information,Proceedings of the Royal Society B,proc_anaesthesia,NA,No invasive procedures performed; vibrational stimulation applied non-invasively via substrate; laser vibrometry non-contact measurement.
10-1098-rspb-2026-0915information,10.1098/rspb.2026.0915information,Proceedings of the Royal Society B,proc_biosecurity,Y,Vertical tube used to enclose spider from above and prevent escape; native to southern Brazil but held captively; disposal not mentioned but not required for non-invasive study.
10-1098-rspb-2026-0915information,10.1098/rspb.2026.0915information,Proceedings of the Royal Society B,ethics_review,Y,Explicitly states 'This work did not require ethical approval from a human subject or animal welfare committee.'
10-1098-rspb-2026-0915information,10.1098/rspb.2026.0915information,Proceedings of the Royal Society B,ethics_endpoints,N,"No predefined humane endpoints, non-target impacts, or injury endpoints specified."
10-1098-rspb-2026-0915information,10.1098/rspb.2026.0915information,Proceedings of the Royal Society B,ethics_statement,N,No engagement with welfare considerations or the three Rs; ethics approval statement present but does not address welfare reasoning.
10-1098-rspb-2026-0915information,10.1098/rspb.2026.0915information,Proceedings of the Royal Society B,nutrition_diet,Y,Fed with crickets twice weekly; maintained in temperature-controlled room at 20°C with 12 h day/night cycle; no fasting mentioned.
10-1098-rspb-2026-0915information,10.1098/rspb.2026.0915information,Proceedings of the Royal Society B,env_housing,Y,"Plastic terrariums; coir substrate; temperature 20°C; 12 h day/night photoperiod; no humidity, ventilation, or cleaning frequency specified."
10-1098-rspb-2026-0915information,10.1098/rspb.2026.0915information,Proceedings of the Royal Society B,env_acclimation,Y,"Spider acclimated for ~10 min before testing, allowed to assume relaxed posture."
10-1098-rspb-2026-0915information,10.1098/rspb.2026.0915information,Proceedings of the Royal Society B,env_field,NA,Pure lab study with no field component; spiders held captively throughout.
10-1098-rspb-2026-0915information,10.1098/rspb.2026.0915information,Proceedings of the Royal Society B,health_monitoring,N,"No health checks, disease screening, or physical condition assessment described; no welfare monitoring during experiment."
10-1098-rspb-2026-0915information,10.1098/rspb.2026.0915information,Proceedings of the Royal Society B,health_injury,N,No statement regarding injuries or unexpected deaths; silence on this item.
10-1098-rspb-2026-0915information,10.1098/rspb.2026.0915information,Proceedings of the Royal Society B,fate_end,N,No information on fate of spider after study completion; no method of killing or holding specified.
10-1098-rspb-2026-0915information,10.1098/rspb.2026.0915information,Proceedings of the Royal Society B,behaviour_general,Y,Natural posture maintained; non-tethered; brief pulse input chosen to avoid eliciting behavioural response; spider allowed free movement.
10-1098-rspb-2026-0915information,10.1098/rspb.2026.0915information,Proceedings of the Royal Society B,affect_indicators,N,No assessment of stress or distress indicators; no precautionary measures for affective capacity uncertainty mentioned.
10-1098-rsos-250791,10.1098/rsos.250791,Royal Society Open Science,_eligibility,Y,"Empirical study using live adult grasshoppers (Sigaus spp., Orthoptera: Acrididae) collected from field sites and measured in laboratory."
10-1098-rsos-250791,10.1098/rsos.250791,Royal Society Open Science,subjects_taxon,Y,"Three species identified: S. australis, S. nitidus, S. nivalis; adults identified by morphological traits; sex determined; life stage specified (adult)."
10-1098-rsos-250791,10.1098/rsos.250791,Royal Society Open Science,subjects_source,Y,"Wild-collected from six alpine mountaintops in Southern Alps, New Zealand; sampling dates (late January to early March 2015–2023) provided."
10-1098-rsos-250791,10.1098/rsos.250791,Royal Society Open Science,subjects_n,Y,873 adult grasshoppers measured (S. australis 281; S. nitidus 387; S. nivalis 205); breakdown by sex and species provided; no attrition mentioned.
10-1098-rsos-250791,10.1098/rsos.250791,Royal Society Open Science,proc_handling,Y,"Adult grasshoppers collected along six transects during summer; transect design described (elevation intervals 66–291 m, lengths 383–761 m); species, sex, maturity identified morphologically."
10-1098-rsos-250791,10.1098/rsos.250791,Royal Society Open Science,proc_anaesthesia,NA,"No invasive surgical procedures reported; animals were collected, measured (non-invasively), weighed, and released or preserved."
10-1098-rsos-250791,10.1098/rsos.250791,Royal Society Open Science,proc_biosecurity,N,No discussion of escape measures or disposal of contaminated material; all species are native to New Zealand.
10-1098-rsos-250791,10.1098/rsos.250791,Royal Society Open Science,ethics_review,Y,Explicit statement: 'This work did not require ethical approval from a human subject or animal welfare committee.' New Zealand Department of Conservation permit granted (Authorization 49878-RES and 97
10-1098-rsos-250791,10.1098/rsos.250791,Royal Society Open Science,ethics_endpoints,N,No predefined humane endpoints reported; no discussion of anticipated or observed non-target impacts in field work.
10-1098-rsos-250791,10.1098/rsos.250791,Royal Society Open Science,ethics_statement,N,Permit mention present but no discussion of welfare considerations or the three Rs in study design.
10-1098-rsos-250791,10.1098/rsos.250791,Royal Society Open Science,nutrition_diet,N,"No information on diet, feeding, or water provision for collected grasshoppers during measurement/holding period."
10-1098-rsos-250791,10.1098/rsos.250791,Royal Society Open Science,env_housing,N,No description of any captive housing conditions; grasshoppers were field-collected and presumably measured in laboratory without housing details provided.
10-1098-rsos-250791,10.1098/rsos.250791,Royal Society Open Science,env_acclimation,N,No mention of acclimation period before measurement or analysis.
10-1098-rsos-250791,10.1098/rsos.250791,Royal Society Open Science,env_field,Y,"Field sites described: six alpine mountaintops in Southern Alps, New Zealand; transect design and elevation ranges specified; sampling during summer (late January to early March)."
10-1098-rsos-250791,10.1098/rsos.250791,Royal Society Open Science,health_monitoring,N,"No health monitoring methods, criteria for physical condition assessment, or disease screening reported."
10-1098-rsos-250791,10.1098/rsos.250791,Royal Society Open Science,health_injury,N,"No mention of injuries, unexpected deaths, or health events; silence on welfare checks during collection or measurement."
10-1098-rsos-250791,10.1098/rsos.250791,Royal Society Open Science,fate_end,N,"No explicit statement on the specific method of killing or end-of-study disposition of grasshoppers. Downstream processing (measurements, mass recording) implies killing but method not explicitly name"
10-1098-rsos-250791,10.1098/rsos.250791,Royal Society Open Science,behaviour_general,N,"No description of enclosure setup, refugia, enrichment, social grouping, or behavioural observations during study."
10-1098-rsos-250791,10.1098/rsos.250791,Royal Society Open Science,affect_indicators,N,"No behavioural or physiological indicators of stress, pain, or distress reported; no precautionary measures for affective capacity discussed."
10-1098-rsos-251537,10.1098/rsos.251537,Royal Society Open Science,_eligibility,Y,Empirical study using live monarch butterflies (Danaus plexippus) in experimental conditions.
10-1098-rsos-251537,10.1098/rsos.251537,Royal Society Open Science,subjects_taxon,Y,"Danaus plexippus, eastern migratory population; males and females identified; life stage: autumn migrants in reproductive diapause."
10-1098-rsos-251537,10.1098/rsos.251537,Royal Society Open Science,subjects_source,Y,"Wild-collected from Del Rio, Texas, 14–15 October 2024; clustered roosts."
10-1098-rsos-251537,10.1098/rsos.251537,Royal Society Open Science,subjects_n,Y,"675 monarchs collected (249 females, 426 males); 488 assigned to migratory treatments (197 females, 291 males); 187 used for other experiments; no attrition data between collection and analysis report"
10-1098-rsos-251537,10.1098/rsos.251537,Royal Society Open Science,proc_handling,Y,Capture from clusters; transport in glassine envelopes with icepacks overnight; unique ID labelled on ventral hindwings; weighed; wing size measured; tape screening for parasites.
10-1098-rsos-251537,10.1098/rsos.251537,Royal Society Open Science,proc_anaesthesia,NA,No invasive surgical procedures performed; only non-invasive measurements and behavioral observation.
10-1098-rsos-251537,10.1098/rsos.251537,Royal Society Open Science,proc_biosecurity,N,No mention of escape prevention measures or containment protocols; native species (minor concern) but no explicit biosecurity statement.
10-1098-rsos-251537,10.1098/rsos.251537,Royal Society Open Science,ethics_review,Y,USDA permit no. 526-23-236-10241 mentioned in Ethics section.
10-1098-rsos-251537,10.1098/rsos.251537,Royal Society Open Science,ethics_endpoints,N,No predefined humane endpoints or criteria for early termination stated; only post-mortem assessment at death mentioned.
10-1098-rsos-251537,10.1098/rsos.251537,Royal Society Open Science,ethics_statement,N,"No discussion of welfare considerations, the three Rs, or justification for experimental design choices relative to animal welfare."
10-1098-rsos-251537,10.1098/rsos.251537,Royal Society Open Science,nutrition_diet,Y,"Ad libitum water and fresh butterfly nectar (Birds Choice, UPC specified) provided; nectar on sterile sponges; replaced every 3 days; plants provided on scheduled intermittent basis (morning and eveni"
10-1098-rsos-251537,10.1098/rsos.251537,Royal Society Open Science,env_housing,Y,Nylon mesh cages (60×40×40 cm); housed in Percival incubators; approx. 32 mixed-sex individuals per cage initially; temperature and photoperiod programmed to simulate migratory and overwintering condi
10-1098-rsos-251537,10.1098/rsos.251537,Royal Society Open Science,env_acclimation,Y,"Upon arrival (16–17 October), butterflies housed at 17.7°C/12.2°C (day/night) with 11:35/12:25 light/dark cycle for 1–2 days before measurement and assignment on 18 October."
10-1098-rsos-251537,10.1098/rsos.251537,Royal Society Open Science,env_field,NA,Pure laboratory study; field collection described but no captive field holding or field site conditions relevant to welfare assessment.
10-1098-rsos-251537,10.1098/rsos.251537,Royal Society Open Science,health_monitoring,Y,Daily cage checks for mating and mortality; post-mortem dissection for oocyte assessment; OE spore counts via tape microscopy; initial screening for parasite load; no ongoing health condition monitori
10-1098-rsos-251537,10.1098/rsos.251537,Royal Society Open Science,health_injury,N,"Mortality reported quantitatively in results and statistical models but no explicit statement on injuries, unexpected deaths, causes, or interventions; silence on these details."
10-1098-rsos-251537,10.1098/rsos.251537,Royal Society Open Science,fate_end,Y,Deceased butterflies frozen (−20°C); survivors at day 165 censored then weighed and stored. Method acceptable but fate of survivors after storage not explicit.
10-1098-rsos-251537,10.1098/rsos.251537,Royal Society Open Science,behaviour_general,Y,Activity incubators with fans (50 CFM) and lights to encourage movement and maintain activity; refugia not explicitly described; disturbance minimization: plants removed during day to simulate flight 
10-1098-rsos-251537,10.1098/rsos.251537,Royal Society Open Science,affect_indicators,N,"No behavioral or physiological stress indicators (e.g., wing damage, feeding behavior, resting posture) measured or discussed; no precautionary measures for affective capacity mentioned."
10-1098-rsos-251953lat,10.1098/rsos.251953LAT,Royal Society Open Science,_eligibility,Y,Empirical study using live jumping spiders (Evarcha culicivora) in behavioural experiments.
10-1098-rsos-251953lat,10.1098/rsos.251953LAT,Royal Society Open Science,subjects_taxon,Y,"Evarcha culicivora, East African jumping spider; life stage (adult); sex specified (females as test subjects, males for mounts)."
10-1098-rsos-251953lat,10.1098/rsos.251953LAT,Royal Society Open Science,subjects_source,Y,Laboratory cultures collected in Kenya at ICIPE Mbita campus; prior collection location specified.
10-1098-rsos-251953lat,10.1098/rsos.251953LAT,Royal Society Open Science,subjects_n,Y,30 female test spiders used; 3 of 33 trials unsuccessful; sample size justified by prior work and standardization protocols.
10-1098-rsos-251953lat,10.1098/rsos.251953LAT,Royal Society Open Science,proc_handling,Y,Spiders from lab cultures; handling during trials involved confinement in holding chamber with metal screens; females released into Y-apparatus.
10-1098-rsos-251953lat,10.1098/rsos.251953LAT,Royal Society Open Science,proc_anaesthesia,Y,Males euthanized using carbon dioxide before making mounts; no anaesthesia or analgesia needed as procedure terminal.
10-1098-rsos-251953lat,10.1098/rsos.251953LAT,Royal Society Open Science,proc_biosecurity,NA,Native African species in African research location; no non-native containment risk identified.
10-1098-rsos-251953lat,10.1098/rsos.251953LAT,Royal Society Open Science,ethics_review,Y,Explicit statement: 'While this work did not require approval from an animal welfare committee'; permits covered by contracts held by R.R.J. with ICIPE.
10-1098-rsos-251953lat,10.1098/rsos.251953LAT,Royal Society Open Science,ethics_endpoints,N,No predefined humane endpoints or anticipated non-target impacts discussed; 30-min trial limit mentioned but not as welfare endpoint.
10-1098-rsos-251953lat,10.1098/rsos.251953LAT,Royal Society Open Science,ethics_statement,Y,"Statement provided: 'care was taken to minimize stress to our research animals during rearing, maintenance and experiments'; protocols consistent with ASAB/ABS recommendations."
10-1098-rsos-251953lat,10.1098/rsos.251953LAT,Royal Society Open Science,nutrition_diet,Y,Standard mixed diet of chironomid midges and blood-fed Anopheles gambiae; last fed 2 days before trial.
10-1098-rsos-251953lat,10.1098/rsos.251953LAT,Royal Society Open Science,env_housing,N,"No details on enclosure materials, dimensions, substrate, temperature, humidity, photoperiod for regular housing provided; only trial apparatus described (Y-shaped glass)."
10-1098-rsos-251953lat,10.1098/rsos.251953LAT,Royal Society Open Science,env_acclimation,N,No acclimation period before experimental trials mentioned; spiders held in 'holding chamber' but duration and conditions not specified.
10-1098-rsos-251953lat,10.1098/rsos.251953LAT,Royal Society Open Science,env_field,NA,Pure laboratory study; no field trials or wild collection procedures for experimental phase.
10-1098-rsos-251953lat,10.1098/rsos.251953LAT,Royal Society Open Science,health_monitoring,N,"No health checks, condition assessment criteria, disease screening, or welfare monitoring frequency reported."
10-1098-rsos-251953lat,10.1098/rsos.251953LAT,Royal Society Open Science,health_injury,N,"No statement about injuries, deaths, or unexpected events during rearing or experiments; silence on welfare incidents."
10-1098-rsos-251953lat,10.1098/rsos.251953LAT,Royal Society Open Science,fate_end,Y,Males euthanized with carbon dioxide to make mounts; fate of female test spiders after trials not stated but implied retention or disposal not explicitly described.
10-1098-rsos-251953lat,10.1098/rsos.251953LAT,Royal Society Open Science,behaviour_general,Y,"Y-apparatus allowed slow, methodical exploration characteristic of species; females observed for approach behaviour and tapping; no stalking posture adoption noted."
10-1098-rsos-251953lat,10.1098/rsos.251953LAT,Royal Society Open Science,affect_indicators,Y,"Behavioural observations used as indicators: absence of stalking posture, typical slow exploration, lightly tapping behaviour interpreted as mate-choice rather than predatory responses."
10-1098-rsos-251992,10.1098/rsos.251992,Royal Society Open Science,_eligibility,Y,Empirical study using live wood-feeding cockroaches (Shelfordella taiwanensis) in behavioral experiments.
10-1098-rsos-251992,10.1098/rsos.251992,Royal Society Open Science,subjects_taxon,Y,"S. taiwanensis, mature adults (≥1 week post-moult), sex specified in some contexts (intruders matched for sex balance)."
10-1098-rsos-251992,10.1098/rsos.251992,Royal Society Open Science,subjects_source,Y,"Wild-collected colonies from Yona Field Station, University of the Ryukyus, Okinawa, Japan (coordinates given); lab-maintained under described conditions."
10-1098-rsos-251992,10.1098/rsos.251992,Royal Society Open Science,subjects_n,Y,"20 pairs for wing-eating recording; 10 post-eating pairs (2023), 4 pre-eating (2023) + 4 pre-eating (2024); intruders matched by sex. No justification for sample size provided."
10-1098-rsos-251992,10.1098/rsos.251992,Royal Society Open Science,proc_handling,Y,Pairs placed in Petri dishes; intruders introduced to side chamber; partition removal after 10 min acclimation. Matching of colony origin and moulting dates mentioned.
10-1098-rsos-251992,10.1098/rsos.251992,Royal Society Open Science,proc_anaesthesia,NA,"No invasive procedures, surgery, or anaesthesia-requiring methods described."
10-1098-rsos-251992,10.1098/rsos.251992,Royal Society Open Science,proc_biosecurity,N,No mention of escape prevention measures or contaminated material disposal.
10-1098-rsos-251992,10.1098/rsos.251992,Royal Society Open Science,ethics_review,N,"No statement regarding institutional ethics review, permits, or regulatory approval; no explicit statement that none was required."
10-1098-rsos-251992,10.1098/rsos.251992,Royal Society Open Science,ethics_endpoints,N,No predefined humane endpoints or stopping criteria; no discussion of non-target impacts (field collection or laboratory effects).
10-1098-rsos-251992,10.1098/rsos.251992,Royal Society Open Science,ethics_statement,N,"No discussion of welfare considerations, the three Rs, or welfare-informed study design choices."
10-1098-rsos-251992,10.1098/rsos.251992,Royal Society Open Science,nutrition_diet,Y,"Diet: white-rotten food (sawdust–fungal spawn mixture, DEBRO brand); food substrate in nest areas (cellulose powder, water, white-rotten food). No feeding frequency or water provision details beyond s"
10-1098-rsos-251992,10.1098/rsos.251992,Royal Society Open Science,env_housing,Y,"Petri dishes (90 mm diameter, 15 mm depth) for holding; experimental arenas 100×100 mm nest + 100×50 mm side chamber; food substrate layer; constant darkness, 27°C; no grouping density limits for rout"
10-1098-rsos-251992,10.1098/rsos.251992,Royal Society Open Science,env_acclimation,Y,10 min acclimation period in nest area before partition removal; no pre-experimental acclimation duration to lab conditions stated.
10-1098-rsos-251992,10.1098/rsos.251992,Royal Society Open Science,env_field,Y,"Field collection site: Yona Field Station, Kunigami-son, Okinawa (coordinates, habitat implied as wood habitat for this cockroach species), but no trap design, checking frequency, or injury mitigation"
10-1098-rsos-251992,10.1098/rsos.251992,Royal Society Open Science,health_monitoring,N,"No health monitoring methods, physical condition assessment, disease screening, or welfare check frequency reported."
10-1098-rsos-251992,10.1098/rsos.251992,Royal Society Open Science,health_injury,N,"Wing-eating behaviour described but no explicit statement on injuries, mortality, or unexpected deaths; no aggregate health monitoring results."
10-1098-rsos-251992,10.1098/rsos.251992,Royal Society Open Science,fate_end,N,No explicit statement of how animals were killed or disposed of; post-eating pairs 'returned to original Petri dishes' but no end-of-study fate specified.
10-1098-rsos-251992,10.1098/rsos.251992,Royal Society Open Science,behaviour_general,Y,"Food substrate, sponge for overturning prevention in holding; nest structure with side chamber in arena; recording under white light and defined temperature; social grouping by pair composition."
10-1098-rsos-251992,10.1098/rsos.251992,Royal Society Open Science,affect_indicators,Y,"Behavioural indicators recorded: ramming, withdrawal, digging, abdominal wag, grooming, antennal scanning. Wing-eating described but no discussion of pain/stress indicators or affective capacity."
10-1098-rsos-252386an,10.1098/rsos.252386An,Royal Society Open Science,_eligibility,Y,Empirical study using live mantis insects (Miomantis caffra) in experimental procedures including injury and mating trials.
10-1098-rsos-252386an,10.1098/rsos.252386An,Royal Society Open Science,subjects_taxon,Y,"Miomantis caffra, F2 lab-reared individuals, both sexes, multiple instars described."
10-1098-rsos-252386an,10.1098/rsos.252386An,Royal Society Open Science,subjects_source,Y,"F2 from lab stocks originally from oothecae collected in Auckland, New Zealand parks and gardens."
10-1098-rsos-252386an,10.1098/rsos.252386An,Royal Society Open Science,subjects_n,Y,"Injury treatment n=38, intact control n=36; remating experiment n=28 intact, n=26 injured; attrition noted (22 cannibals excluded, 11 died before laying)."
10-1098-rsos-252386an,10.1098/rsos.252386An,Royal Society Open Science,proc_handling,Y,"Mantises housed separately in cups, pronotum measured with callipers; females paired with males in plastic enclosures for mating."
10-1098-rsos-252386an,10.1098/rsos.252386An,Royal Society Open Science,proc_anaesthesia,Y,CO2 anaesthesia for 10 s before stabbing; males anaesthetized with CO2 during claw ablation surgery. No analgesia mentioned but anaesthesia documented for procedures.
10-1098-rsos-252386an,10.1098/rsos.252386An,Royal Society Open Science,proc_biosecurity,NA,"Lab-reared insects, but M. caffra is introduced pest in New Zealand; no disposal measures explicitly stated but not applicable to core procedures."
10-1098-rsos-252386an,10.1098/rsos.252386An,Royal Society Open Science,ethics_review,Y,Statement: 'No ethics approvals were necessary as the work was conducted on insects.'
10-1098-rsos-252386an,10.1098/rsos.252386An,Royal Society Open Science,ethics_endpoints,N,No predefined humane endpoints or euthanasia criteria documented.
10-1098-rsos-252386an,10.1098/rsos.252386An,Royal Society Open Science,ethics_statement,N,No discussion of welfare considerations or three Rs; only statement that insects do not require ethics approval.
10-1098-rsos-252386an,10.1098/rsos.252386An,Royal Society Open Science,nutrition_diet,Y,"Live prey diet detailed: fruit flies, blowflies, crickets; feeding frequency twice weekly; water provision via watering twice weekly."
10-1098-rsos-252386an,10.1098/rsos.252386An,Royal Society Open Science,env_housing,Y,"Cups (50, 250, 400 ml), abraded surfaces, mesh ceilings, dampened cottonwool, constant 25°C, 60% humidity, 10:14 h photoperiod."
10-1098-rsos-252386an,10.1098/rsos.252386An,Royal Society Open Science,env_acclimation,N,No acclimation period described before procedures; females used immediately after mating for injury treatment.
10-1098-rsos-252386an,10.1098/rsos.252386An,Royal Society Open Science,env_field,NA,Pure laboratory study; no field work.
10-1098-rsos-252386an,10.1098/rsos.252386An,Royal Society Open Science,health_monitoring,Y,Daily observation of hatcheries; twice-daily checks of mating enclosures; mortality recorded for all females; physical condition assessed by body size.
10-1098-rsos-252386an,10.1098/rsos.252386An,Royal Society Open Science,health_injury,Y,18% (7/38) injured females died prematurely; 11% (4/36) intact controls died; no significant difference reported; haemolymph loss and intestinal prolapse mentioned in introduction.
10-1098-rsos-252386an,10.1098/rsos.252386An,Royal Society Open Science,fate_end,N,No specific euthanasia method named. Females maintained until natural death; first oothecae kept for hatchling observation but killing method not described.
10-1098-rsos-252386an,10.1098/rsos.252386An,Royal Society Open Science,behaviour_general,Y,Cups designed for perching and moulting; mesh ceilings for perching; feeding enrichment (live prey); mating behaviour observed in controlled enclosures.
10-1098-rsos-252386an,10.1098/rsos.252386An,Royal Society Open Science,affect_indicators,N,"No indicators of stress, pain, or distress monitored; no discussion of welfare burden from injury procedures."
10-1098-rsos-260045,10.1098/rsos.260045,Royal Society Open Science,_eligibility,Y,"Empirical study using live crab spiders (Sidymella rubrosignata, Thomisidae) in behavioral and morphological experiments."
10-1098-rsos-260045,10.1098/rsos.260045,Royal Society Open Science,subjects_taxon,Y,Sidymella rubrosignata (Thomisidae); also included other spider species for comparisons; life stage not explicitly stated.
10-1098-rsos-260045,10.1098/rsos.260045,Royal Society Open Science,subjects_source,Y,"S. rubrosignata wild-collected from foliage around Lane Cove, Sydney, NSW, Australia, March 2024; other species from UK wild or museum collections (Table 1)."
10-1098-rsos-260045,10.1098/rsos.260045,Royal Society Open Science,subjects_n,Y,"47 S. rubrosignata collected; 2 died (recovery period and observation period); final n=45 (22 blinded, 23 control). One specimen per species scanned for morphology."
10-1098-rsos-260045,10.1098/rsos.260045,Royal Society Open Science,proc_handling,Y,Spiders collected from foliage; transported to lab; housed individually; ranked by size; assigned to groups via ABBA design; cooled in -5°C freezer 1-5 min for immobilization.
10-1098-rsos-260045,10.1098/rsos.260045,Royal Society Open Science,proc_anaesthesia,Y,Spiders cooled to -5°C for 1-5 min until immobilised prior to eye-covering procedure; S. rubrosignata for micro-CT anaesthetized at -4°C for 3 min then dissected. No pain management or explicit justif
10-1098-rsos-260045,10.1098/rsos.260045,Royal Society Open Science,proc_biosecurity,N,No mention of escape prevention measures or contaminated material disposal despite captive housing.
10-1098-rsos-260045,10.1098/rsos.260045,Royal Society Open Science,ethics_review,Y,Explicit statement: 'This work did not require ethical approval from a human subject or animal welfare committee.'
10-1098-rsos-260045,10.1098/rsos.260045,Royal Society Open Science,ethics_endpoints,N,No predefined humane endpoints specified; no discussion of anticipated non-target impacts; checking frequency for welfare only mentioned as 24h post-feeding.
10-1098-rsos-260045,10.1098/rsos.260045,Royal Society Open Science,ethics_statement,N,No engagement with welfare considerations or the three Rs despite blinding procedure; ethics statement merely states approval not required.
10-1098-rsos-260045,10.1098/rsos.260045,Royal Society Open Science,nutrition_diet,Y,Fed wild-type Drosophila melanogaster (fruit flies) in days prior to experimental manipulation; spiders not fed for 4 days before behavioral trials to ensure hunting motivation.
10-1098-rsos-260045,10.1098/rsos.260045,Royal Society Open Science,env_housing,Y,"Individual cylindrical translucent plastic containers (4.3 cm diameter, 5.5 cm height); single leaf substrate (Syzygium cumini); 25°C, 60-80% humidity, 12h:12h light-dark cycle."
10-1098-rsos-260045,10.1098/rsos.260045,Royal Society Open Science,env_acclimation,Y,Four-day recovery and acclimation period after eye-covering procedure before behavioral experimentation began.
10-1098-rsos-260045,10.1098/rsos.260045,Royal Society Open Science,env_field,Y,"Wild collection sites: Lane Cove, Sydney, NSW, Australia (foliage habitat); Corramulling Park, Brisbane; Oxford, UK. No specific field monitoring or trap design."
10-1098-rsos-260045,10.1098/rsos.260045,Royal Society Open Science,health_monitoring,N,No methods or criteria for assessing physical condition beyond survival; no disease/parasite screening; welfare checks limited to feeding observations.
10-1098-rsos-260045,10.1098/rsos.260045,Royal Society Open Science,health_injury,Y,Two deaths reported: one during 4-day recovery period (blinded group); one during 24h observation period (blinded group). Causes not specified.
10-1098-rsos-260045,10.1098/rsos.260045,Royal Society Open Science,fate_end,Y,"Behavioral experiment spiders released upon conclusion: 'all S. rubrosignata used in behavioural experiments, except a single voucher specimen, were released.' One voucher specimen deposition mentione"
10-1098-rsos-260045,10.1098/rsos.260045,Royal Society Open Science,behaviour_general,Y,Single leaf substrate provided; individual housing; no enrichment details; disturbance not addressed; natural substrate supports some species-typical behavior (sitting on leaf for ambush predation).
10-1098-rsos-260045,10.1098/rsos.260045,Royal Society Open Science,affect_indicators,N,No behavioral or physiological indicators of stress/pain/distress assessed; no precautionary measures discussed for affective capacity in blinding procedure.
10-1098-rsos-260247izwc,10.1098/rsos.260247IZWC,Royal Society Open Science,_eligibility,Y,Empirical study using live Bicyclus anynana butterfly larvae and embryos for behavioural and injection experiments.
10-1098-rsos-260247izwc,10.1098/rsos.260247IZWC,Royal Society Open Science,subjects_taxon,Y,"Bicyclus anynana, wild-type; larvae at multiple instars and embryos; sex not specified."
10-1098-rsos-260247izwc,10.1098/rsos.260247IZWC,Royal Society Open Science,subjects_source,Y,Lab colony; wild-type B. anynana reared in climate-controlled room; corn plants from local farm (Greenology) in Singapore.
10-1098-rsos-260247izwc,10.1098/rsos.260247IZWC,Royal Society Open Science,subjects_n,Y,50 larvae per experimental and control group; 30 eggs per microinjection group; larvae tested repeatedly as they grew; attrition (mortality) monitored.
10-1098-rsos-260247izwc,10.1098/rsos.260247IZWC,Royal Society Open Science,proc_handling,Y,Larvae placed in groups of five in plastic containers; randomly assigned to treatments; placed in Y-tube with paintbrush; starved 3 hours before assay.
10-1098-rsos-260247izwc,10.1098/rsos.260247IZWC,Royal Society Open Science,proc_anaesthesia,Y,"Larvae anaesthetized on ice for one minute before injection; if bleeding occurred, left to rest 5+ minutes. Embryos injected without anaesthesia stated."
10-1098-rsos-260247izwc,10.1098/rsos.260247IZWC,Royal Society Open Science,proc_biosecurity,NA,Lab-reared strain; no indication of non-native release risk or escape prevention measures needed.
10-1098-rsos-260247izwc,10.1098/rsos.260247IZWC,Royal Society Open Science,ethics_review,N,"No institutional ethics review, permit numbers, or explicit statement that none was required mentioned."
10-1098-rsos-260247izwc,10.1098/rsos.260247IZWC,Royal Society Open Science,ethics_endpoints,Y,"Larval mortality monitored and recorded; endpoints described (pupation at day 25, emergence); no mortalities during assays or injections stated."
10-1098-rsos-260247izwc,10.1098/rsos.260247IZWC,Royal Society Open Science,ethics_statement,N,"No discussion of welfare considerations, three Rs, or how study design minimized harm to invertebrates."
10-1098-rsos-260247izwc,10.1098/rsos.260247IZWC,Royal Society Open Science,nutrition_diet,Y,Larvae fed organic corn plants; adults fed mashed bananas on water-soaked cotton; leaves and food replaced every other day; 3-hour fasting before assays.
10-1098-rsos-260247izwc,10.1098/rsos.260247IZWC,Royal Society Open Science,env_housing,Y,"Larvae reared in plastic containers with ventilation holes, grouped in fives; 27°C, 60% humidity, 12:12 h light:dark; pupae in cylindrical mesh cages; corn leaves for oviposition."
10-1098-rsos-260247izwc,10.1098/rsos.260247IZWC,Royal Society Open Science,env_acclimation,N,No specific acclimation period before procedures described.
10-1098-rsos-260247izwc,10.1098/rsos.260247IZWC,Royal Society Open Science,env_field,NA,Pure laboratory study; no field work or wild collection of subjects used.
10-1098-rsos-260247izwc,10.1098/rsos.260247IZWC,Royal Society Open Science,health_monitoring,Y,Larval mortality monitored and recorded on test days; physical condition assessed via choice assay performance and injection outcomes.
10-1098-rsos-260247izwc,10.1098/rsos.260247IZWC,Royal Society Open Science,health_injury,Y,No mortalities occurred during choice assays or injection procedures; bleeding observed during injection noted and addressed with rest period.
10-1098-rsos-260247izwc,10.1098/rsos.260247IZWC,Royal Society Open Science,fate_end,N,No explicit statement of killing method or final disposition of animals provided; study ends at pupation/emergence without describing adult fate.
10-1098-rsos-260247izwc,10.1098/rsos.260247IZWC,Royal Society Open Science,behaviour_general,Y,"Y-tube choice assay allows odour preference testing; larvae grouped for rearing; green path stimulus to encourage movement; conditions support natural behaviour (feeding, mating, oviposition)."
10-1098-rsos-260247izwc,10.1098/rsos.260247IZWC,Royal Society Open Science,affect_indicators,N,"No discussion of stress, pain, or distress indicators; no precautionary measures for invertebrate affective capacity mentioned."
10-1098-rsos-260277as,10.1098/rsos.260277as,Royal Society Open Science,_eligibility,Y,Empirical study using live invertebrates (Myrmica rubra ants) in controlled laboratory experiments.
10-1098-rsos-260277as,10.1098/rsos.260277as,Royal Society Open Science,subjects_taxon,Y,"Myrmica rubra identified to species; life stages described (queens, workers, larvae); collected from specific location."
10-1098-rsos-260277as,10.1098/rsos.260277as,Royal Society Open Science,subjects_source,Y,"Wild-collected from Aiseau-Presles, Belgium (50°25.657′ N, 4°35.674′ E) during summers 2020–2021; identified using Blatrix key."
10-1098-rsos-260277as,10.1098/rsos.260277as,Royal Society Open Science,subjects_n,Y,"Seven mother colonies; 14 sister colonies (two per mother); each with 2 queens, 400 workers, 100 larvae; daily mortality tracking provided."
10-1098-rsos-260277as,10.1098/rsos.260277as,Royal Society Open Science,proc_handling,Y,Colonies excavated from litter/wood; transferred to test tubes then experimental trays; detailed nest design and handling described; cadavers introduced via roof plug.
10-1098-rsos-260277as,10.1098/rsos.260277as,Royal Society Open Science,proc_anaesthesia,N,Ants killed by freezing one day prior to experiment for cadaver preparation; no anaesthesia/analgesia mentioned for colony procedures; no invasive procedures on living ants requiring anaesthesia.
10-1098-rsos-260277as,10.1098/rsos.260277as,Royal Society Open Science,proc_biosecurity,Y,Fluon coating on tray edges to prevent escape; Myrmica rubra is invasive in North America; no explicit disposal protocol stated but colonies maintained in climate-controlled room.
10-1098-rsos-260277as,10.1098/rsos.260277as,Royal Society Open Science,ethics_review,Y,"Ethics section states 'No licences or permits were required for this research'; colonies maintained under nearly natural conditions; provided suitable nesting, food, water."
10-1098-rsos-260277as,10.1098/rsos.260277as,Royal Society Open Science,ethics_endpoints,N,No predefined humane endpoints stated; no discussion of anticipated non-target impacts; mortality was monitored but endpoints not prospectively defined.
10-1098-rsos-260277as,10.1098/rsos.260277as,Royal Society Open Science,ethics_statement,Y,"Ethics section explicitly addresses welfare: 'Ants were provided with suitable nesting sites, food and water, thus minimizing any adverse impacts on their welfare'; colonies kept until natural death."
10-1098-rsos-260277as,10.1098/rsos.260277as,Royal Society Open Science,nutrition_diet,Y,Sugar solution (0.3 M) and Tenebrio molitor mealworm tissue provided; protein ad libitum; food replaced every 3 days; daily water provision via cotton wick and sponge.
10-1098-rsos-260277as,10.1098/rsos.260277as,Royal Society Open Science,env_housing,Y,"Hexagon-shaped nest (translucent red Plexiglas, 3 mm gap); plaster substrate (1 cm); 30×22×7.5 cm tray; 21±1°C, 50±5% RH; 12h:12h photoperiod; humidity maintained beneath nest."
10-1098-rsos-260277as,10.1098/rsos.260277as,Royal Society Open Science,env_acclimation,N,No explicit acclimation period described before experimental start; colonies transferred directly to experimental trays and immediately measured.
10-1098-rsos-260277as,10.1098/rsos.260277as,Royal Society Open Science,env_field,NA,Pure laboratory study; no field work or captive holding of wild-caught animals in natural conditions.
10-1098-rsos-260277as,10.1098/rsos.260277as,Royal Society Open Science,health_monitoring,Y,Daily mortality counts at 10:00; all living individuals counted daily; dead larvae/pupae assessed; sporulation checked one week post-mortem to assess B. bassiana infection.
10-1098-rsos-260277as,10.1098/rsos.260277as,Royal Society Open Science,health_injury,Y,Daily worker and brood mortality quantified throughout; high mortality during infection period (2.77–3.31 workers/day vs 0.80–1.05 control); >85% sporulation rate documented; causes attributed to B. b
10-1098-rsos-260277as,10.1098/rsos.260277as,Royal Society Open Science,fate_end,Y,"Ethics section: 'After the experiments, the remaining colonies were kept in the laboratory and reared until their natural death'; no killing method specified because colonies were not deliberately kil"
10-1098-rsos-260277as,10.1098/rsos.260277as,Royal Society Open Science,behaviour_general,Y,"Hexagonal nest design facilitates observations; no explicit refugia or enrichment mentioned; behaviours recorded via video (grooming, necrophoresis, recruitment); behavioural flexibility assessed thro"
10-1098-rsos-260277as,10.1098/rsos.260277as,Royal Society Open Science,affect_indicators,Y,"Grooming behaviours quantified as proxies for stress/immune response; increased self-, allo-, and extensive grooming in response to sporulating cadavers; brood production and food consumption tracked "
10-1098-rsos-260534,10.1098/rsos.260534,Royal Society Open Science,_eligibility,Y,Empirical study using live Locusta migratoria (insects) with invasive wound procedures.
10-1098-rsos-260534,10.1098/rsos.260534,Royal Society Open Science,subjects_taxon,Y,"Locusta migratoria, fifth instar nymphs, raised to adults; sex specified (females and males in equal numbers)."
10-1098-rsos-260534,10.1098/rsos.260534,Royal Society Open Science,subjects_source,Y,Purchased as fifth instar nymphs; no supplier name given but commercial origin implied.
10-1098-rsos-260534,10.1098/rsos.260534,Royal Society Open Science,subjects_n,Y,"Sample sizes specified for each analysis (e.g., n=10 controls, n=24 others for cuticle analysis; n=14 for qPCR). Five exclusions noted due to visible cracking after superficial wounds."
10-1098-rsos-260534,10.1098/rsos.260534,Royal Society Open Science,proc_handling,Y,"Immobilization with Parafilm® on sternum, metathoracic femur-tibia joint and tarsus described; transport and general handling implied but not explicitly detailed."
10-1098-rsos-260534,10.1098/rsos.260534,Royal Society Open Science,proc_anaesthesia,N,"Invasive incisions performed but no anaesthesia or analgesia agent mentioned, and no explicit justification for omission provided."
10-1098-rsos-260534,10.1098/rsos.260534,Royal Society Open Science,proc_biosecurity,Y,Insects kept in original cages; non-sterile conditions noted; housed together to ensure identical microbial exposure.
10-1098-rsos-260534,10.1098/rsos.260534,Royal Society Open Science,ethics_review,N,"No institutional ethics review, permit numbers, or explicit statement that none was required mentioned."
10-1098-rsos-260534,10.1098/rsos.260534,Royal Society Open Science,ethics_endpoints,N,No predefined humane endpoints or monitoring criteria for distress/welfare deterioration stated; fixed time-points for sampling only.
10-1098-rsos-260534,10.1098/rsos.260534,Royal Society Open Science,ethics_statement,N,"No discussion of welfare considerations or the three Rs (Replacement, Reduction, Refinement) in study design."
10-1098-rsos-260534,10.1098/rsos.260534,Royal Society Open Science,nutrition_diet,Y,"Diet provided ad libitum (fresh carrots, grass, dried cereals); feeding frequency and access clearly stated."
10-1098-rsos-260534,10.1098/rsos.260534,Royal Society Open Science,env_housing,Y,Groups of 30 individuals; enclosure dimensions ~37 × 22 × 24.5 cm; 12h:12h photoperiod; temperature 22.6±1.19°C; humidity 45.2±11%.
10-1098-rsos-260534,10.1098/rsos.260534,Royal Society Open Science,env_acclimation,Y,Adults kept for 21 days post-final moult before experiments to ensure full cuticle development and maturation.
10-1098-rsos-260534,10.1098/rsos.260534,Royal Society Open Science,env_field,NA,Pure laboratory study with no field work or wild capture.
10-1098-rsos-260534,10.1098/rsos.260534,Royal Society Open Science,health_monitoring,Y,Body mass measured as proxy for vitality; assessed before wounding and 3 weeks post-injury in 10 individuals per group.
10-1098-rsos-260534,10.1098/rsos.260534,Royal Society Open Science,health_injury,Y,Haemolymph leakage after incisions noted as indicator of successful transection; five cases with visible cracking/leakage after superficial wounds excluded; no mention of unexpected deaths.
10-1098-rsos-260534,10.1098/rsos.260534,Royal Society Open Science,fate_end,N,"Specific killing method not stated; tibiae removed at designated timepoints and fixed in paraformaldehyde, but explicit end-of-life method not named."
10-1098-rsos-260534,10.1098/rsos.260534,Royal Society Open Science,behaviour_general,Y,Group housing maintained (30 individuals per cage); no explicit mention of refugia or enrichment beyond cage structure.
10-1098-rsos-260534,10.1098/rsos.260534,Royal Society Open Science,affect_indicators,N,"No behavioural or physiological indicators of stress, pain, or distress monitored; no precautionary measures for uncertainty about affective capacity discussed."
10-1098-rsos-260427drosophila,10.1098/rsos.260427Drosophila,Royal Society Open Science,_eligibility,Y,Empirical study using live adult Drosophila melanogaster across multiple experimental procedures.
10-1098-rsos-260427drosophila,10.1098/rsos.260427Drosophila,Royal Society Open Science,subjects_taxon,Y,"Drosophila melanogaster, white Dahomey (wDah) strain; 7-day-old adult females used throughout."
10-1098-rsos-260427drosophila,10.1098/rsos.260427Drosophila,Royal Society Open Science,subjects_source,Y,"wDah is a lab colony derived by backcrossing w1118 into Dahomey background; wild-type Dahomey collected 1970 in Benin, maintained in large cages since."
10-1098-rsos-260427drosophila,10.1098/rsos.260427Drosophila,Royal Society Open Science,subjects_n,Y,"Sample sizes specified per experiment: n=75 (Fig 1a), n=29-30 (Fig 3a), n=16 (Fig 3b), n=13-15 (Fig 3c), n=31-34 (Fig 4a); justification: 'based on previous publications using similar experimental str"
10-1098-rsos-260427drosophila,10.1098/rsos.260427Drosophila,Royal Society Open Science,proc_handling,Y,Flies transferred to CAFÉ assays or flyPAD arenas without anaesthesia; handling during dissection on ice before pinning for microscopy.
10-1098-rsos-260427drosophila,10.1098/rsos.260427Drosophila,Royal Society Open Science,proc_anaesthesia,Y,"For whole-mount fluorescent microscopy: 'Flies were then anaesthetized on ice'; no invasive surgical procedures performed, so ice anaesthesia appropriate for immobilization."
10-1098-rsos-260427drosophila,10.1098/rsos.260427Drosophila,Royal Society Open Science,proc_biosecurity,NA,"Drosophila melanogaster is not a non-native invasive species risk in typical lab setting; standard lab culture with no escape containment measures detailed, but not applicable for this standard model "
10-1098-rsos-260427drosophila,10.1098/rsos.260427Drosophila,Royal Society Open Science,ethics_review,Y,Explicit statement: 'This work did not require ethical approval from a human subject or animal welfare committee.'
10-1098-rsos-260427drosophila,10.1098/rsos.260427Drosophila,Royal Society Open Science,ethics_endpoints,N,No predefined humane endpoints reported; survival recorded but no statement of humane endpoint criteria or euthanasia protocols for moribund animals.
10-1098-rsos-260427drosophila,10.1098/rsos.260427Drosophila,Royal Society Open Science,ethics_statement,N,"No engagement with welfare considerations or the three Rs; ethics statement only states no approval was required, with no discussion of welfare reasoning."
10-1098-rsos-260427drosophila,10.1098/rsos.260427Drosophila,Royal Society Open Science,nutrition_diet,Y,"Standard diet composition detailed: 5% sucrose, 10% brewer's yeast, 1.5% agar, 0.3% propionic acid, 0.3% nipagin; liquid fly food (5% sucrose, 2% yeast extract) used in feeding assays; no pre-fasting "
10-1098-rsos-260427drosophila,10.1098/rsos.260427Drosophila,Royal Society Open Science,env_housing,Y,"Housing: 25°C, 12h:12h light/dark cycle, 60% humidity; CAFÉ assays in 7 ml bijous with 1% agar; standard stocks in large population cages; no detailed complexity or cleaning schedule."
10-1098-rsos-260427drosophila,10.1098/rsos.260427Drosophila,Royal Society Open Science,env_acclimation,Y,flyPAD assays: flies 'allowed to acclimatize for 15 min' before quantification; 48h feeding periods with 1h clearance time before dissection.
10-1098-rsos-260427drosophila,10.1098/rsos.260427Drosophila,Royal Society Open Science,env_field,NA,Pure laboratory study; no field work conducted.
10-1098-rsos-260427drosophila,10.1098/rsos.260427Drosophila,Royal Society Open Science,health_monitoring,N,No health monitoring or welfare checks described; no disease/parasite screening; mortality recorded during survival assays but no monitoring criteria or health assessment methods stated.
10-1098-rsos-260427drosophila,10.1098/rsos.260427Drosophila,Royal Society Open Science,health_injury,Y,"Intestinal pathology quantified in paraquat-exposed flies (nuclei-free regions, epithelial damage); survival data recorded every 3h for 12h; tissue damage assessed by confocal microscopy."
10-1098-rsos-260427drosophila,10.1098/rsos.260427Drosophila,Royal Society Open Science,fate_end,N,No explicit statement of killing method; tissue dissection and fixation mentioned ('fixing in 4% formaldehyde') but the initial killing method before fixation not stated; flash freezing in liquid nitr
10-1098-rsos-260427drosophila,10.1098/rsos.260427Drosophila,Royal Society Open Science,behaviour_general,Y,Feeding behaviour assessed via CAFÉ assay and flyPAD preference assays; flies allowed to exhibit natural feeding choices; no mention of enrichment or refugia.
10-1098-rsos-260427drosophila,10.1098/rsos.260427Drosophila,Royal Society Open Science,affect_indicators,Y,"Behavioural indicators: feeding avoidance of unpalatable paraquat; physiological stress: intestinal epithelial damage (nuclei loss, cell death) and survival impairment measured as proxies for adverse "
sci-reports-s41598-026-42884-3,,Scientific Reports,_eligibility,Y,Empirical study using live Musca domestica (house flies) larvae and adults in laboratory conditions.
sci-reports-s41598-026-42884-3,,Scientific Reports,subjects_taxon,Y,Musca domestica; third-instar larvae and newly emerged adults used; life stages specified.
sci-reports-s41598-026-42884-3,,Scientific Reports,subjects_source,Y,"Wild-collected from MNS-University of Agriculture, Multan, Pakistan (30.1864° N, 71.4886° E) during March 2024; reared one generation before experiments."
sci-reports-s41598-026-42884-3,,Scientific Reports,subjects_n,Y,90 third-instar larvae (3 replications × 30 larvae); 30 eggs per treatment group; 10 pairs of adults per group. No attrition data provided.
sci-reports-s41598-026-42884-3,,Scientific Reports,proc_handling,Y,Larvae exposed to insecticide via diet incorporation method; newly emerged adults kept in pairs in wooden-mesh cages. Handling details minimal but collection from field and transfer to lab described.
sci-reports-s41598-026-42884-3,,Scientific Reports,proc_anaesthesia,NA,No invasive procedures or killing methods described in the methods section; only exposure to insecticide and monitoring of life history parameters.
sci-reports-s41598-026-42884-3,,Scientific Reports,proc_biosecurity,N,No measures against escape or disposal of contaminated material (insecticide-exposed flies) mentioned.
sci-reports-s41598-026-42884-3,,Scientific Reports,ethics_review,N,"No institutional ethics review, permit, or statement regarding ethics clearance reported."
sci-reports-s41598-026-42884-3,,Scientific Reports,ethics_endpoints,N,No predefined humane endpoints or welfare endpoints mentioned.
sci-reports-s41598-026-42884-3,,Scientific Reports,ethics_statement,N,"No discussion of welfare considerations or the three Rs (Replacement, Reduction, Refinement) in study design."
sci-reports-s41598-026-42884-3,,Scientific Reports,nutrition_diet,Y,"Adult diet: milk powder, sugar, yeast (1:1:1); 20% sugar solution water source; larval diet: wheat bran, milk powder, rice husk, yeast. Feeding frequency not explicitly stated."
sci-reports-s41598-026-42884-3,,Scientific Reports,env_housing,Y,"Adults kept in wooden-mesh cages (1.5 × 1.5 × 1.5 ft); larvae in glass beakers (20 mL) and rearing trays. Lab conditions: 27 ± 2°C, 65 ± 2% RH, 12:12 h light–dark cycle. Density and substrate specifie"
sci-reports-s41598-026-42884-3,,Scientific Reports,env_acclimation,N,No explicit acclimation period mentioned before experiments beyond rearing one generation.
sci-reports-s41598-026-42884-3,,Scientific Reports,env_field,NA,Pure laboratory study; field site (collection origin) described but no field monitoring or captive holding in field conditions.
sci-reports-s41598-026-42884-3,,Scientific Reports,health_monitoring,Y,"Developmental stages regularly monitored; hatching rate, survival rates (larval and pupal), longevity, and condition tracked via life history parameters."
sci-reports-s41598-026-42884-3,,Scientific Reports,health_injury,N,"No explicit statement about injuries, unexpected deaths, or disease occurrence. Mortality data (survival rates) recorded as part of life table but no mention of causes or interventions."
sci-reports-s41598-026-42884-3,,Scientific Reports,fate_end,N,No killing method specified. Study focuses on life history tracking but does not describe fate of flies at end of experiments.
sci-reports-s41598-026-42884-3,,Scientific Reports,behaviour_general,Y,Reproduction allowed ('allowed to reproduce'); oviposition containers provided with water-based paste substrate. Social grouping: pairs for adults. Limited enrichment detail.
sci-reports-s41598-026-42884-3,,Scientific Reports,affect_indicators,N,No behavioural or physiological stress indicators measured or discussed; no precautionary measures for welfare under insecticide exposure.
sci-reports-s41598-026-45470-9,,Scientific Reports,_eligibility,Y,Empirical field study using live invertebrates sampled via pitfall traps and sweep netting.
sci-reports-s41598-026-45470-9,,Scientific Reports,subjects_taxon,Y,"Invertebrates classified to family level in most cases, combined into orders for analysis. Adults unless specified as larvae/nymphs."
sci-reports-s41598-026-45470-9,,Scientific Reports,subjects_source,Y,Wild-collected from 27 wet grassland sites in Estonia (Koiva and Mustjõgi river floodplains) in July 2014 and 2015.
sci-reports-s41598-026-45470-9,,Scientific Reports,subjects_n,Y,"27 pitfall trap samples (9 per management type) and 27 sweep net samples (9 per management type). Coverage estimator 96.4% for transects, 97.39% for pitfalls."
sci-reports-s41598-026-45470-9,,Scientific Reports,proc_handling,Y,"Pitfall traps: 2 four-cup covered traps per site, 500ml cups with water and detergent, 3-day period. Sweep netting: 38cm frame net, two 10m transects, 10 arced sweeps per transect."
sci-reports-s41598-026-45470-9,,Scientific Reports,proc_anaesthesia,NA,No invasive procedures performed; invertebrates were collected via passive traps and nets.
sci-reports-s41598-026-45470-9,,Scientific Reports,proc_biosecurity,N,No mention of escape prevention measures or containment protocols; no biosecurity discussion.
sci-reports-s41598-026-45470-9,,Scientific Reports,ethics_review,Y,Study approved by University Academic Ethics Committee. Field work conducted under Estonian legislation and everyman's right; landowner consent obtained.
sci-reports-s41598-026-45470-9,,Scientific Reports,ethics_endpoints,N,"No mention of humane endpoints, anticipated non-target impacts, or welfare considerations during field sampling."
sci-reports-s41598-026-45470-9,,Scientific Reports,ethics_statement,N,No discussion of welfare considerations or the three Rs; ethics review approval mentioned but no welfare reasoning provided.
sci-reports-s41598-026-45470-9,,Scientific Reports,nutrition_diet,NA,Wild-collected invertebrates; no captive holding or feeding regime described.
sci-reports-s41598-026-45470-9,,Scientific Reports,env_housing,NA,Field study; no captive holding of invertebrates reported.
sci-reports-s41598-026-45470-9,,Scientific Reports,env_acclimation,NA,Field sampling with no acclimation period; specimens stored in 70% ethanol for laboratory identification.
sci-reports-s41598-026-45470-9,,Scientific Reports,env_field,Y,"27 wet grassland sites described by location (GPS coordinates), habitat type, management history, vegetation composition, soil characteristics, and sampling dates (July 2014, 2015)."
sci-reports-s41598-026-45470-9,,Scientific Reports,health_monitoring,N,"No health monitoring, disease screening, or welfare checks reported; specimens preserved immediately in ethanol."
sci-reports-s41598-026-45470-9,,Scientific Reports,health_injury,N,"No mention of injuries, mortality, or welfare status of specimens during collection or storage."
sci-reports-s41598-026-45470-9,,Scientific Reports,fate_end,Y,Invertebrates requiring laboratory identification stored in tubes containing 70% ethanol for preservation. Specimens used for identification and data analysis; ultimate fate not explicitly stated.
sci-reports-s41598-026-45470-9,,Scientific Reports,behaviour_general,N,"No discussion of species-typical behaviour, enrichment, refugia, or disturbance minimisation; passive sampling only."
sci-reports-s41598-026-45470-9,,Scientific Reports,affect_indicators,N,"No assessment of stress, pain, or distress indicators; no precautionary measures for affective capacity mentioned."
sci-reports-s41598-026-50056-6,,Scientific Reports,_eligibility,Y,Empirical study using live silkworm (Bombyx mori) larvae in controlled laboratory conditions with chemical exposure and tissue sampling.
sci-reports-s41598-026-50056-6,,Scientific Reports,subjects_taxon,Y,Silkworm strain P50 identified; life stage specified (first to fifth instar larvae).
sci-reports-s41598-026-50056-6,,Scientific Reports,subjects_source,Y,"Lab colony: P50 strain maintained at Sericultural Scientific Research Center, Chinese Academy of Agricultural Sciences."
sci-reports-s41598-026-50056-6,,Scientific Reports,subjects_n,Y,270 larvae total (2 groups × 3 replicates × 90 individuals per replicate); allocation described but no attrition data or justification provided.
sci-reports-s41598-026-50056-6,,Scientific Reports,proc_handling,Y,Larvae randomly divided into groups; housed in specified conditions; no capture or transport details as lab-reared.
sci-reports-s41598-026-50056-6,,Scientific Reports,proc_anaesthesia,N,"Tissue collection and dissection described but no anaesthesia, analgesia, or justification for omission stated."
sci-reports-s41598-026-50056-6,,Scientific Reports,proc_biosecurity,NA,Silkworm is a domesticated species with no escape risk; lab-only study with no contamination disposal mentioned or needed.
sci-reports-s41598-026-50056-6,,Scientific Reports,ethics_review,N,"No institutional ethics approval, permit number, or explicit statement that none was required."
sci-reports-s41598-026-50056-6,,Scientific Reports,ethics_endpoints,N,No predefined humane endpoints specified; mortality recorded post-hoc but no endpoints discussed.
sci-reports-s41598-026-50056-6,,Scientific Reports,ethics_statement,N,No discussion of welfare considerations or the three Rs as they informed study design.
sci-reports-s41598-026-50056-6,,Scientific Reports,nutrition_diet,Y,Mulberry leaves; treatment group received leaves dosed with novaluron on one occasion; control and other feedings with ddH₂O-treated leaves.
sci-reports-s41598-026-50056-6,,Scientific Reports,env_housing,Y,"Temperature (28±1°C for instar 1–3, 25±1°C for instar 4–5), humidity (85% RH instar 1–3, 70% RH instar 4–5), ventilation specified; substrate/dimensions not described."
sci-reports-s41598-026-50056-6,,Scientific Reports,env_acclimation,N,Larvae reared under specified conditions but no distinct acclimation period before treatment described.
sci-reports-s41598-026-50056-6,,Scientific Reports,env_field,NA,Pure laboratory study; no field component.
sci-reports-s41598-026-50056-6,,Scientific Reports,health_monitoring,Y,Cocoon formation assessed; dead larvae counted; tissue condition monitored post-dissection; frequency not explicitly stated.
sci-reports-s41598-026-50056-6,,Scientific Reports,health_injury,Y,Dead larvae recorded on sixth day post-cocoon formation; number of larvae failing to cocoon recorded; timing specified.
sci-reports-s41598-026-50056-6,,Scientific Reports,fate_end,N,Silk glands excised and stored at −80°C; surviving larvae harvested for dissection; no explicit killing method stated.
sci-reports-s41598-026-50056-6,,Scientific Reports,behaviour_general,N,"No mention of refugia, enrichment, or species-typical behaviour support in the enclosure setup."
sci-reports-s41598-026-50056-6,,Scientific Reports,affect_indicators,N,No behavioural or physiological stress/pain/distress indicators measured or precautionary measures discussed.
10-1038-s41598-026-52009-5,10.1038/s41598-026-52009-5,Scientific Reports,_eligibility,Y,Empirical study using live insects (T. castaneum and C. maculatus) in bioassays.
10-1038-s41598-026-52009-5,10.1038/s41598-026-52009-5,Scientific Reports,subjects_taxon,Y,"T. castaneum and C. maculatus identified; life stages specified (10-day larvae, 5–6 day adults for T. castaneum; 4–5 day adults for C. maculatus)."
10-1038-s41598-026-52009-5,10.1038/s41598-026-52009-5,Scientific Reports,subjects_source,Y,"Lab colony from Storage Laboratory, Division of Entomology, ICAR-IARI, New Delhi; mass multiplication details provided."
10-1038-s41598-026-52009-5,10.1038/s41598-026-52009-5,Scientific Reports,subjects_n,Y,"30 individuals per treatment, three replicates per concentration/condition; total sample sizes derivable from design."
10-1038-s41598-026-52009-5,10.1038/s41598-026-52009-5,Scientific Reports,proc_handling,Y,Insects released into fumigation bottles and Y-tube; gentle handling with camel-hair brush for mortality confirmation mentioned.
10-1038-s41598-026-52009-5,10.1038/s41598-026-52009-5,Scientific Reports,proc_anaesthesia,NA,No invasive procedures or surgical intervention; insects exposed to volatile oils and behavioural choice tests only.
10-1038-s41598-026-52009-5,10.1038/s41598-026-52009-5,Scientific Reports,proc_biosecurity,N,"No mention of escape prevention measures, containment protocols, or disposal of contaminated materials."
10-1038-s41598-026-52009-5,10.1038/s41598-026-52009-5,Scientific Reports,ethics_review,N,"No institutional ethics review, permit, or statement regarding regulatory approval reported."
10-1038-s41598-026-52009-5,10.1038/s41598-026-52009-5,Scientific Reports,ethics_endpoints,N,No predefined humane endpoints or expected welfare impacts discussed; 48 h exposure terminated by mortality assessment.
10-1038-s41598-026-52009-5,10.1038/s41598-026-52009-5,Scientific Reports,ethics_statement,N,"No discussion of welfare considerations, justification of methods, or engagement with the three Rs (Replacement, Reduction, Refinement)."
10-1038-s41598-026-52009-5,10.1038/s41598-026-52009-5,Scientific Reports,nutrition_diet,Y,"Rearing diet specified: T. castaneum on wheat flour-yeast (10:1, 12% moisture); C. maculatus on mung bean seeds."
10-1038-s41598-026-52009-5,10.1038/s41598-026-52009-5,Scientific Reports,env_housing,Y,"Culture room maintained at 28–30°C, 75±5% humidity; rearing containers and glass jars described; muslin cloth covers mentioned."
10-1038-s41598-026-52009-5,10.1038/s41598-026-52009-5,Scientific Reports,env_acclimation,N,No acclimation period reported before fumigation or Y-tube assays.
10-1038-s41598-026-52009-5,10.1038/s41598-026-52009-5,Scientific Reports,env_field,NA,Pure laboratory study; no field collection or field site conditions.
10-1038-s41598-026-52009-5,10.1038/s41598-026-52009-5,Scientific Reports,health_monitoring,N,"No routine health checks, disease screening, or welfare monitoring during maintenance described; only post-exposure mortality assessed."
10-1038-s41598-026-52009-5,10.1038/s41598-026-52009-5,Scientific Reports,health_injury,N,"No statement about unexpected injuries, deaths during rearing, or welfare events; only exposure-related mortality recorded."
10-1038-s41598-026-52009-5,10.1038/s41598-026-52009-5,Scientific Reports,fate_end,N,No explicit method of killing insects stated; mortality recorded post-exposure but final fate and killing method not specified.
10-1038-s41598-026-52009-5,10.1038/s41598-026-52009-5,Scientific Reports,behaviour_general,Y,Y-tube olfactometer assay measures choice behaviour; diffuse light conditions and room temperature (28–30°C) specified for behavioural testing.
10-1038-s41598-026-52009-5,10.1038/s41598-026-52009-5,Scientific Reports,affect_indicators,N,"No assessment of stress, pain, or distress indicators; only mortality and behavioural choice recorded."
10-1038-s41598-026-52467-x,10.1038/s41598-026-52467-x,Scientific Reports,_eligibility,Y,Empirical study using live Anopheles arabiensis mosquitoes (insects) at all experimental stages.
10-1038-s41598-026-52467-x,10.1038/s41598-026-52467-x,Scientific Reports,subjects_taxon,Y,"An. arabiensis KWAG strain; life stage (pupae 12–24 h old, newly emerged adults 24–36 h old); mixed-sex initially, then separated by sex."
10-1038-s41598-026-52467-x,10.1038/s41598-026-52467-x,Scientific Reports,subjects_source,Y,"Lab colony originally from Mamfene, KwaZulu-Natal, South Africa; maintained at FAO/IAEA IPCL, Seibersdorf, Austria."
10-1038-s41598-026-52467-x,10.1038/s41598-026-52467-x,Scientific Reports,subjects_n,Y,"~4,000 mixed-sex pupae collected; 200 males per treatment × 6 treatments; three biological replicates; subsets of 50 males for various assays."
10-1038-s41598-026-52467-x,10.1038/s41598-026-52467-x,Scientific Reports,proc_handling,Y,Chilling at 4–5°C for ~10 min for immobilization prior to handling; gentle placement into containers; aspiration for transfer; marking via rotation in powder-coated tub for 10–20 s.
10-1038-s41598-026-52467-x,10.1038/s41598-026-52467-x,Scientific Reports,proc_anaesthesia,Y,Chilling (4–5°C for ~10 min) used as immobilization method; no surgical/invasive procedures; no explicit justification for absence of additional anaesthesia/analgesia beyond practical necessity for ha
10-1038-s41598-026-52467-x,10.1038/s41598-026-52467-x,Scientific Reports,proc_biosecurity,N,No measures against escape or disposal of contaminated material mentioned; non-native species (South African origin) in Austrian facility but no biosecurity protocols stated.
10-1038-s41598-026-52467-x,10.1038/s41598-026-52467-x,Scientific Reports,ethics_review,N,"No institutional/regulatory ethics review, permit numbers, or conservation status statement mentioned."
10-1038-s41598-026-52467-x,10.1038/s41598-026-52467-x,Scientific Reports,ethics_endpoints,N,No predefined humane endpoints stated; no discussion of welfare endpoints or criteria for early termination of treatments.
10-1038-s41598-026-52467-x,10.1038/s41598-026-52467-x,Scientific Reports,ethics_statement,N,"No statement engaging with welfare considerations or the three Rs (Replacement, Reduction, Refinement)."
10-1038-s41598-026-52467-x,10.1038/s41598-026-52467-x,Scientific Reports,nutrition_diet,Y,"Larvae: 1% (w/v) liquid diet of powdered black soldier fly meal, tuna meal, and vitamins. Adults: 10% (w/v) sucrose solution via sponge wick; continuous access."
10-1038-s41598-026-52467-x,10.1038/s41598-026-52467-x,Scientific Reports,env_housing,Y,"Larvae: plastic trays (100×60×3 cm) at 28±2°C, 80±10% RH, 14:10 h light:dark. Adults: 26±2°C, 60±10% RH, same photoperiod. BugDorm-1 cages (30×30×30 cm or 17.5×17.5×17.5 cm). Separate climate-controll"
10-1038-s41598-026-52467-x,10.1038/s41598-026-52467-x,Scientific Reports,env_acclimation,N,No explicit acclimation period described before experimental treatments applied to newly emerged males.
10-1038-s41598-026-52467-x,10.1038/s41598-026-52467-x,Scientific Reports,env_field,NA,Pure laboratory study; no field component.
10-1038-s41598-026-52467-x,10.1038/s41598-026-52467-x,Scientific Reports,health_monitoring,Y,"Recovery assessed 1 h post-treatment; males classified as recovered if showing normal activity (standing, walking, flying); daily mortality checks during longevity assays; visual assessment of physica"
10-1038-s41598-026-52467-x,10.1038/s41598-026-52467-x,Scientific Reports,health_injury,N,"No statement on injuries, unexpected deaths, disease screening, or aggregate condition monitoring; silence on adverse health outcomes."
10-1038-s41598-026-52467-x,10.1038/s41598-026-52467-x,Scientific Reports,fate_end,N,No specific method of killing stated; longevity assay notes 'dead males removed' but no explicit killing method provided; reproductive performance females used for dissection but no terminal method st
10-1038-s41598-026-52467-x,10.1038/s41598-026-52467-x,Scientific Reports,behaviour_general,Y,Flight ability assessed via FTD with escape tubes; mating assays allowed five consecutive days of mate access; sucrose-fed adults; housing in BugDorm cages allows movement and flight.
10-1038-s41598-026-52467-x,10.1038/s41598-026-52467-x,Scientific Reports,affect_indicators,Y,"Recovery of normal activity (standing, walking, flying) used as indicator post-chilling; escape rate as behavioural measure of fitness; longevity as welfare-relevant outcome."
10-1038-s41598-026-55952-5article,10.1038/s41598-026-55952-5Article,Scientific Reports,_eligibility,Y,Empirical study using live wild-collected Orthoptera species (insects) for nutritional analysis.
10-1038-s41598-026-55952-5article,10.1038/s41598-026-55952-5Article,Scientific Reports,subjects_taxon,Y,"Five species named: Gryllotalpa gryllotalpa, Anacridium aegyptium, Uvarovistia satunini, Gryllus bimaculatus, Saga ephippigera. Sex recorded (e.g., 3♀, 2♂ for G. gryllotalpa)."
10-1038-s41598-026-55952-5article,10.1038/s41598-026-55952-5Article,Scientific Reports,subjects_source,Y,"Wild-collected from Bingöl province, Turkey. Specific localities and dates provided (June 2025, June 2024, September 2025, July 2025, July 2024/August 2025)."
10-1038-s41598-026-55952-5article,10.1038/s41598-026-55952-5Article,Scientific Reports,subjects_n,Y,"Sample sizes: G. gryllotalpa (5), A. aegyptium (5), U. satunini (5), G. bimaculatus (7), S. ephippigera (5). No attrition reported."
10-1038-s41598-026-55952-5article,10.1038/s41598-026-55952-5Article,Scientific Reports,proc_handling,Y,Capture method: sweep nets and hand-picking. Transport: placed in clean labeled containers under controlled temperature. No marking/tagging described.
10-1038-s41598-026-55952-5article,10.1038/s41598-026-55952-5Article,Scientific Reports,proc_anaesthesia,N,"Specimens oven-dried at 60°C until constant weight. No mention of anaesthesia, analgesia, or humane killing method prior to processing."
10-1038-s41598-026-55952-5article,10.1038/s41598-026-55952-5Article,Scientific Reports,proc_biosecurity,N,No mention of escape prevention or disposal of contaminated material. Not applicable if no captive holding beyond initial collection period.
10-1038-s41598-026-55952-5article,10.1038/s41598-026-55952-5Article,Scientific Reports,ethics_review,N,No statement regarding institutional/regulatory ethics review or permits. Footer states 'Ethics and Consent to Participate declarations: not applicable.'
10-1038-s41598-026-55952-5article,10.1038/s41598-026-55952-5Article,Scientific Reports,ethics_endpoints,N,No predefined humane endpoints or discussion of non-target impacts. No welfare assessment described.
10-1038-s41598-026-55952-5article,10.1038/s41598-026-55952-5Article,Scientific Reports,ethics_statement,N,"No engagement with welfare considerations or the three Rs. Discussion focuses on nutritional value and sustainability of food/feed use, not welfare reasoning."
10-1038-s41598-026-55952-5article,10.1038/s41598-026-55952-5Article,Scientific Reports,nutrition_diet,N,"No information on diet fed to specimens during holding, feeding frequency, or water provision. Specimens treated immediately after collection."
10-1038-s41598-026-55952-5article,10.1038/s41598-026-55952-5Article,Scientific Reports,env_housing,N,"Only brief mention of transport in 'clean, labelled containers.' No details of enclosure, substrate, temperature control during holding, or housing conditions."
10-1038-s41598-026-55952-5article,10.1038/s41598-026-55952-5Article,Scientific Reports,env_acclimation,N,"No acclimation period mentioned. Specimens were transported and immediately processed (rinsed, oven-dried)."
10-1038-s41598-026-55952-5article,10.1038/s41598-026-55952-5Article,Scientific Reports,env_field,Y,"Field sites in Bingöl province, Turkey specified with localities (Genç, Solhan, Gülbahar Dam, Çiçekdere village, Kelmir, Sancaklı). Sampling during active adult periods."
10-1038-s41598-026-55952-5article,10.1038/s41598-026-55952-5Article,Scientific Reports,health_monitoring,N,"No health assessment, disease screening, or welfare checks reported. No mention of condition monitoring."
10-1038-s41598-026-55952-5article,10.1038/s41598-026-55952-5Article,Scientific Reports,health_injury,N,"No statement about injuries, unexpected deaths, or mortality. Silence on these welfare indicators."
10-1038-s41598-026-55952-5article,10.1038/s41598-026-55952-5Article,Scientific Reports,fate_end,N,"Specimens were oven-dried at 60°C but no explicit statement of killing method, justification, or end-of-study fate. Killing implied but not named."
10-1038-s41598-026-55952-5article,10.1038/s41598-026-55952-5Article,Scientific Reports,behaviour_general,N,"No mention of species-typical behaviour, refugia, enrichment, or disturbance minimisation during holding or sampling."
10-1038-s41598-026-55952-5article,10.1038/s41598-026-55952-5Article,Scientific Reports,affect_indicators,N,"No behavioural or physiological indicators of stress, pain, or distress assessed or discussed. No precautionary measures for affective capacity."
10-1038-s41598-026-59210-6article,10.1038/s41598-026-59210-6Article,Scientific Reports,_eligibility,Y,Empirical study using live Daphnia magna (crustacean) in acute toxicity assays.
10-1038-s41598-026-59210-6article,10.1038/s41598-026-59210-6Article,Scientific Reports,subjects_taxon,Y,D. magna neonates; hatched from ephippia; life stage specified (neonates).
10-1038-s41598-026-59210-6article,10.1038/s41598-026-59210-6Article,Scientific Reports,subjects_source,Y,"D. magna ephippia purchased from Tigret Sp. z o.o. (Warsaw, Poland); commercial supplier named."
10-1038-s41598-026-59210-6article,10.1038/s41598-026-59210-6Article,Scientific Reports,subjects_n,Y,Five organisms per well; four repetitions per dilution; total number of neonates not explicitly calculated but sampling strategy specified.
10-1038-s41598-026-59210-6article,10.1038/s41598-026-59210-6Article,Scientific Reports,proc_handling,Y,Neonates transferred via rinsing wells into test plates; handling method specified.
10-1038-s41598-026-59210-6article,10.1038/s41598-026-59210-6Article,Scientific Reports,proc_anaesthesia,NA,No invasive procedures; only immersion toxicity assay performed.
10-1038-s41598-026-59210-6article,10.1038/s41598-026-59210-6Article,Scientific Reports,proc_biosecurity,N,"No mention of escape measures, containment, or disposal of contaminated material."
10-1038-s41598-026-59210-6article,10.1038/s41598-026-59210-6Article,Scientific Reports,ethics_review,N,"No mention of institutional/regulatory ethics review, permits, or conservation status."
10-1038-s41598-026-59210-6article,10.1038/s41598-026-59210-6Article,Scientific Reports,ethics_endpoints,Y,Study based on OECD Guideline 202; immobilization criterion at 24 and 48 h specified as endpoint.
10-1038-s41598-026-59210-6article,10.1038/s41598-026-59210-6Article,Scientific Reports,ethics_statement,N,No discussion of welfare considerations or three Rs as they informed study design.
10-1038-s41598-026-59210-6article,10.1038/s41598-026-59210-6Article,Scientific Reports,nutrition_diet,Y,Neonates fed Spirulina microalgae suspension 2 hours before testing; feeding timing specified.
10-1038-s41598-026-59210-6article,10.1038/s41598-026-59210-6Article,Scientific Reports,env_housing,Y,Test plates incubated at 20°C in dark during experiment; preliminary incubation at 18–20°C under 6000 lux continuous illumination for 72 h.
10-1038-s41598-026-59210-6article,10.1038/s41598-026-59210-6Article,Scientific Reports,env_acclimation,Y,Ephippia hatched in covered Petri dishes for 72 h at 18–20°C before neonates transferred to test wells.
10-1038-s41598-026-59210-6article,10.1038/s41598-026-59210-6Article,Scientific Reports,env_field,NA,Pure laboratory study; no field work conducted.
10-1038-s41598-026-59210-6article,10.1038/s41598-026-59210-6Article,Scientific Reports,health_monitoring,Y,Observations of organism mobility made at 24 and 48 h; criteria for assessing immobilization specified per OECD 202.
10-1038-s41598-026-59210-6article,10.1038/s41598-026-59210-6Article,Scientific Reports,health_injury,N,"No explicit mention of injuries, unexpected deaths, or mortality data in the test."
10-1038-s41598-026-59210-6article,10.1038/s41598-026-59210-6Article,Scientific Reports,fate_end,N,No statement on specific killing method or disposal of organisms after testing.
10-1038-s41598-026-59210-6article,10.1038/s41598-026-59210-6Article,Scientific Reports,behaviour_general,Y,Study measured swimming activity and mobility as behavioural endpoints; post-irradiation mixtures reduced swimming activity.
10-1038-s41598-026-59210-6article,10.1038/s41598-026-59210-6Article,Scientific Reports,affect_indicators,Y,Immobilization and reduced swimming activity used as indicators of toxicity and distress.
10-1038-s41598-026-59408-8article,10.1038/s41598-026-59408-8Article,Scientific Reports,_eligibility,Y,"Empirical study using live house crickets (Acheta domesticus) for multiple welfare-relevant procedures including rearing, sampling, euthanasia, and tissue collection."
10-1038-s41598-026-59408-8article,10.1038/s41598-026-59408-8Article,Scientific Reports,subjects_taxon,Y,"Acheta domesticus (Gryllidae, Orthoptera); two strains (H wild-type and D longevity-selected); life stage and developmental stages specified."
10-1038-s41598-026-59408-8article,10.1038/s41598-026-59408-8Article,Scientific Reports,subjects_source,Y,Lab colony maintained ~30 years; D strain selectively bred ~20 years with 64 generations; H strain wild-type; backup populations in three separate tanks.
10-1038-s41598-026-59408-8article,10.1038/s41598-026-59408-8Article,Scientific Reports,subjects_n,Y,Sample sizes reported: ~50 individuals per container (5 containers per strain) for survival; 6 individuals per container for energy budget; 7 adults per strain for microbiome; attrition noted via cann
10-1038-s41598-026-59408-8article,10.1038/s41598-026-59408-8Article,Scientific Reports,proc_handling,Y,Newly hatched larvae carefully transferred to insectariums; adults handled for breeding and sampling; photographs taken 4-5 days apart; specific container dimensions (28×20×16 cm).
10-1038-s41598-026-59408-8article,10.1038/s41598-026-59408-8Article,Scientific Reports,proc_anaesthesia,Y,Anaesthesia specified: females anesthetized on ice for intestinal dissection; CO₂ euthanasia used for energy budget (5 insects per strain); ice used for microbiome sampling anesthesia.
10-1038-s41598-026-59408-8article,10.1038/s41598-026-59408-8Article,Scientific Reports,proc_biosecurity,N,No mention of escape prevention measures or disposal of contaminated material; no discussion of biosecurity protocols.
10-1038-s41598-026-59408-8article,10.1038/s41598-026-59408-8Article,Scientific Reports,ethics_review,N,"No institutional/regulatory ethics review, permit numbers, or conservation status statement mentioned; no explicit statement that none was required."
10-1038-s41598-026-59408-8article,10.1038/s41598-026-59408-8Article,Scientific Reports,ethics_endpoints,N,No predefined humane endpoints documented; no discussion of expected or observed adverse impacts during procedures.
10-1038-s41598-026-59408-8article,10.1038/s41598-026-59408-8Article,Scientific Reports,ethics_statement,N,"No statement engaging with welfare considerations or the three Rs (Replacement, Reduction, Refinement) as these informed study design."
10-1038-s41598-026-59408-8article,10.1038/s41598-026-59408-8Article,Scientific Reports,nutrition_diet,Y,"Ad libitum standardized diet (Rabbit Fattening Feed KDT) specified; composition detailed (cereal by-products, sunflower, molasses, triticale, minerals, oils, herbal extracts); fresh water replenished "
10-1038-s41598-026-59408-8article,10.1038/s41598-026-59408-8Article,Scientific Reports,env_housing,Y,"Controlled lab conditions: 12h:12h light:dark, 44.20±5.52% humidity, 29±1°C; insectariums 28×20×16 cm; sand-filled oviposition containers for females; no detail on substrate, bedding, or structural co"
10-1038-s41598-026-59408-8article,10.1038/s41598-026-59408-8Article,Scientific Reports,env_acclimation,N,"No mention of acclimation period before procedures; strains continuously maintained, so not applicable to new arrivals."
10-1038-s41598-026-59408-8article,10.1038/s41598-026-59408-8Article,Scientific Reports,env_field,NA,Pure laboratory study with no field component.
10-1038-s41598-026-59408-8article,10.1038/s41598-026-59408-8Article,Scientific Reports,health_monitoring,Y,"Survival monitored 4-5 days via photography and analysis; cannibalism traces documented; body mass measured on days 1, 8, 15; oxidative stress and DNA damage assessed; no explicit general health check"
10-1038-s41598-026-59408-8article,10.1038/s41598-026-59408-8Article,Scientific Reports,health_injury,Y,Cannibalism documented quantitatively; survival curves show mortality; causes attributed to cannibalism or natural death; remains (exoskeleton fragments) identified as traces of cannibalism.
10-1038-s41598-026-59408-8article,10.1038/s41598-026-59408-8Article,Scientific Reports,fate_end,Y,CO₂ euthanasia used for energy budget insects (5 per strain); ice anaesthesia for dissection in other experiments; microbiome animals anesthetized on ice and dissected; euthanasia method explicitly na
10-1038-s41598-026-59408-8article,10.1038/s41598-026-59408-8Article,Scientific Reports,behaviour_general,Y,Cannibalism quantified as behavioral outcome; high mobility acknowledged in photography methods; sand-filled oviposition containers provided for females; no refugia or enrichment beyond food/water/sub
10-1038-s41598-026-59408-8article,10.1038/s41598-026-59408-8Article,Scientific Reports,affect_indicators,N,No behavioral or physiological stress/pain/distress indicators documented; no discussion of affective capacity uncertainty or precautionary measures.
10-1038-s41598-026-59909-6article,10.1038/s41598-026-59909-6Article,Scientific Reports,_eligibility,Y,Field study collecting live insects (arthropods) from cocoa crops in a Ramsar wetland site using direct and indirect sampling methods.
10-1038-s41598-026-59909-6article,10.1038/s41598-026-59909-6Article,Scientific Reports,subjects_taxon,N,"Arthropods identified to lowest feasible taxonomic level and assigned to orders/functional groups, but no species names, life stages, or sex data reported."
10-1038-s41598-026-59909-6article,10.1038/s41598-026-59909-6Article,Scientific Reports,subjects_source,Y,"Wild-collected from Abras de Mantequilla Wetland, Vinces, Ecuador; coordinates provided (-1.458, -79.572); collection during dry season at 8-day intervals."
10-1038-s41598-026-59909-6article,10.1038/s41598-026-59909-6Article,Scientific Reports,subjects_n,Y,"Nine sampling units across three sectors with three samples per site, each with three nested subsamples; total abundance calculated but specific N not stated; sampling effort justified by completeness"
10-1038-s41598-026-59909-6article,10.1038/s41598-026-59909-6Article,Scientific Reports,proc_handling,Y,"Direct sampling with entomological nets, paper bags, jars; indirect sampling using molasses-baited attractant traps; systematic design with 25 m spacing between points."
10-1038-s41598-026-59909-6article,10.1038/s41598-026-59909-6Article,Scientific Reports,proc_anaesthesia,NA,"No surgical or invasive procedures performed; live insects collected and immediately preserved in 70% ethanol, constituting killing rather than invasive procedure per se."
10-1038-s41598-026-59909-6article,10.1038/s41598-026-59909-6Article,Scientific Reports,proc_biosecurity,N,"No mention of escape prevention, containment, or disposal measures; native species in native habitat so non-native risk minimal but not addressed."
10-1038-s41598-026-59909-6article,10.1038/s41598-026-59909-6Article,Scientific Reports,ethics_review,N,"No mention of ethics review, permits, or conservation status assessment of focal taxa."
10-1038-s41598-026-59909-6article,10.1038/s41598-026-59909-6Article,Scientific Reports,ethics_endpoints,N,No predefined humane endpoints or mention of non-target impacts documented.
10-1038-s41598-026-59909-6article,10.1038/s41598-026-59909-6Article,Scientific Reports,ethics_statement,N,No discussion of welfare considerations or the three Rs in relation to arthropod collection and killing.
10-1038-s41598-026-59909-6article,10.1038/s41598-026-59909-6Article,Scientific Reports,nutrition_diet,NA,No captive holding or feeding; insects collected from field and immediately preserved.
10-1038-s41598-026-59909-6article,10.1038/s41598-026-59909-6Article,Scientific Reports,env_housing,NA,No captive housing; field collection with no holding period reported.
10-1038-s41598-026-59909-6article,10.1038/s41598-026-59909-6Article,Scientific Reports,env_acclimation,NA,No acclimation period; insects collected and immediately preserved.
10-1038-s41598-026-59909-6article,10.1038/s41598-026-59909-6Article,Scientific Reports,env_field,Y,"Field site described: Abras de Mantequilla Wetland, Ramsar site, humid temperate climate 25–30 °C, Ecuador coast; trap design (molasses-baited attractant traps); sampling frequency (3 times at 8-day i"
10-1038-s41598-026-59909-6article,10.1038/s41598-026-59909-6Article,Scientific Reports,health_monitoring,N,No welfare checks or condition assessment reported; only suitability for identification after preservation mentioned.
10-1038-s41598-026-59909-6article,10.1038/s41598-026-59909-6Article,Scientific Reports,health_injury,N,"No statement on injuries, mortality, or disease; silence on these outcomes."
10-1038-s41598-026-59909-6article,10.1038/s41598-026-59909-6Article,Scientific Reports,fate_end,Y,Insects preserved in 70% ethanol immediately after collection; specimens stored at Agrocalidad laboratory for future reference.
10-1038-s41598-026-59909-6article,10.1038/s41598-026-59909-6Article,Scientific Reports,behaviour_general,N,"No discussion of species-typical behaviour, refugia, enrichment, or disturbance minimisation; field-collected insects not held."
10-1038-s41598-026-59909-6article,10.1038/s41598-026-59909-6Article,Scientific Reports,affect_indicators,N,"No assessment of stress, pain, or distress indicators; no precautionary measures for affective capacity mentioned."
10-1038-s41598-026-63015-yarticle,10.1038/s41598-026-63015-yArticle,Scientific Reports,_eligibility,Y,Empirical study using live mealybug species (Hemiptera: Pseudococcidae) subjected to thermal tolerance testing.
10-1038-s41598-026-63015-yarticle,10.1038/s41598-026-63015-yArticle,Scientific Reports,subjects_taxon,Y,"Six mealybug species named with abbreviations; life stages specified (3rd instar nymphs and adults, females 48-72 h old)."
10-1038-s41598-026-63015-yarticle,10.1038/s41598-026-63015-yArticle,Scientific Reports,subjects_source,Y,Wild-collected from citrus orchards in four South African provinces with GPS coordinates; reared to F1 generation in lab.
10-1038-s41598-026-63015-yarticle,10.1038/s41598-026-63015-yArticle,Scientific Reports,subjects_n,Y,"Sample sizes specified per experiment: n=50 per life stage per species (ULT); n=20 per life stage per species (CTmax, HKDT). No attrition reported."
10-1038-s41598-026-63015-yarticle,10.1038/s41598-026-63015-yArticle,Scientific Reports,proc_handling,Y,"Capture from orchards, transport to lab, handling into vials described; gentle prodding used as stimulus for observations."
10-1038-s41598-026-63015-yarticle,10.1038/s41598-026-63015-yArticle,Scientific Reports,proc_anaesthesia,N,No anaesthesia or analgesia mentioned. Insects subjected to extreme temperatures (up to 49°C for up to 4 h) without stated pain mitigation or justification for omission.
10-1038-s41598-026-63015-yarticle,10.1038/s41598-026-63015-yArticle,Scientific Reports,proc_biosecurity,Y,Containers ventilated but sealed; butternuts washed with Sporekill fungicide; containers maintained in controlled environment room.
10-1038-s41598-026-63015-yarticle,10.1038/s41598-026-63015-yArticle,Scientific Reports,ethics_review,N,"No institutional ethics review, permit numbers, or statement regarding ethics approval mentioned."
10-1038-s41598-026-63015-yarticle,10.1038/s41598-026-63015-yArticle,Scientific Reports,ethics_endpoints,Y,Humane endpoints defined: loss of coordinated muscle response to gentle prodding. Survival recorded 24 h post-treatment.
10-1038-s41598-026-63015-yarticle,10.1038/s41598-026-63015-yArticle,Scientific Reports,ethics_statement,N,"No discussion of welfare considerations, the three Rs, or justification for use of live insects in thermal stress experiments."
10-1038-s41598-026-63015-yarticle,10.1038/s41598-026-63015-yArticle,Scientific Reports,nutrition_diet,Y,Diet: fresh organic butternuts (Cucurbita moschata); replaced every 4 weeks or earlier if deteriorated; fed during 24 h recovery period.
10-1038-s41598-026-63015-yarticle,10.1038/s41598-026-63015-yArticle,Scientific Reports,env_housing,Y,"Rearing containers: ventilated plastic 30×25×15 cm; lab conditions 25±1°C, 60±5% RH, 12:12 L:D photoperiod maintained throughout."
10-1038-s41598-026-63015-yarticle,10.1038/s41598-026-63015-yArticle,Scientific Reports,env_acclimation,Y,"For CTmax, insects equilibrated at 25°C for 10 minutes before temperature ramping; post-treatment recovery in climate chamber at standard conditions for 24 h."
10-1038-s41598-026-63015-yarticle,10.1038/s41598-026-63015-yArticle,Scientific Reports,env_field,Y,Field site described: eight citrus orchards in Limpopo Province; temperature data collected June 2019 to May 2025 with automated loggers (±0.5°C accuracy).
10-1038-s41598-026-63015-yarticle,10.1038/s41598-026-63015-yArticle,Scientific Reports,health_monitoring,N,"No pre-experimental health screening, parasite checks, or welfare monitoring frequency during rearing described."
10-1038-s41598-026-63015-yarticle,10.1038/s41598-026-63015-yArticle,Scientific Reports,health_injury,N,No explicit statement on injuries or unexpected deaths. Desiccation-related mortality mentioned as a concern (mitigated with wet cotton wick) but no actual injury/mortality data reported.
10-1038-s41598-026-63015-yarticle,10.1038/s41598-026-63015-yArticle,Scientific Reports,fate_end,N,End-of-study fate not stated. Survival recorded 24 h post-treatment but final disposition of insects not specified.
10-1038-s41598-026-63015-yarticle,10.1038/s41598-026-63015-yArticle,Scientific Reports,behaviour_general,Y,Behaviour assessed via coordinated muscle response and leg movement to stimuli; no enrichment or refugia mentioned; insects held individually in vials.
10-1038-s41598-026-63015-yarticle,10.1038/s41598-026-63015-yArticle,Scientific Reports,affect_indicators,Y,Loss of coordinated muscle function and self-movement used as criteria for thermal limits; no explicit discussion of pain/distress capacity or precautionary measures given uncertainty.
